[2026-08-06T07:57:05.884+0000] {processor.py:186} INFO - Started process (PID=575) to work on /opt/airflow/dags/bash_python.py
[2026-08-06T07:57:05.886+0000] {processor.py:914} INFO - Processing file /opt/airflow/dags/bash_python.py for tasks to queue
[2026-08-06T07:57:05.891+0000] {logging_mixin.py:190} INFO - [2026-08-06T07:57:05.890+0000] {dagbag.py:588} INFO - Filling up the DagBag from /opt/airflow/dags/bash_python.py
[2026-08-06T07:57:05.928+0000] {processor.py:925} INFO - DAG(s) 'download_rocket_launches' retrieved from /opt/airflow/dags/bash_python.py
[2026-08-06T07:57:06.199+0000] {logging_mixin.py:190} INFO - [2026-08-06T07:57:06.198+0000] {dag.py:3239} INFO - Sync 1 DAGs
[2026-08-06T07:57:06.313+0000] {logging_mixin.py:190} INFO - [2026-08-06T07:57:06.313+0000] {dag.py:4180} INFO - Setting next_dagrun for download_rocket_launches to None, run_after=None
[2026-08-06T07:57:06.394+0000] {processor.py:208} INFO - Processing /opt/airflow/dags/bash_python.py took 0.526 seconds
[2026-08-06T07:57:36.680+0000] {processor.py:186} INFO - Started process (PID=580) to work on /opt/airflow/dags/bash_python.py
[2026-08-06T07:57:36.681+0000] {processor.py:914} INFO - Processing file /opt/airflow/dags/bash_python.py for tasks to queue
[2026-08-06T07:57:36.685+0000] {logging_mixin.py:190} INFO - [2026-08-06T07:57:36.684+0000] {dagbag.py:588} INFO - Filling up the DagBag from /opt/airflow/dags/bash_python.py
[2026-08-06T07:57:36.703+0000] {processor.py:925} INFO - DAG(s) 'download_rocket_launches' retrieved from /opt/airflow/dags/bash_python.py
[2026-08-06T07:57:36.735+0000] {logging_mixin.py:190} INFO - [2026-08-06T07:57:36.735+0000] {dag.py:3239} INFO - Sync 1 DAGs
[2026-08-06T07:57:36.750+0000] {logging_mixin.py:190} INFO - [2026-08-06T07:57:36.749+0000] {dag.py:4180} INFO - Setting next_dagrun for download_rocket_launches to None, run_after=None
[2026-08-06T07:57:36.771+0000] {processor.py:208} INFO - Processing /opt/airflow/dags/bash_python.py took 0.098 seconds
[2026-08-06T08:00:53.053+0000] {processor.py:186} INFO - Started process (PID=585) to work on /opt/airflow/dags/bash_python.py
[2026-08-06T08:00:53.055+0000] {processor.py:914} INFO - Processing file /opt/airflow/dags/bash_python.py for tasks to queue
[2026-08-06T08:00:53.057+0000] {logging_mixin.py:190} INFO - [2026-08-06T08:00:53.057+0000] {dagbag.py:588} INFO - Filling up the DagBag from /opt/airflow/dags/bash_python.py
[2026-08-06T08:00:53.072+0000] {processor.py:925} INFO - DAG(s) 'download_rocket_launches' retrieved from /opt/airflow/dags/bash_python.py
[2026-08-06T08:00:53.099+0000] {logging_mixin.py:190} INFO - [2026-08-06T08:00:53.099+0000] {dag.py:3239} INFO - Sync 1 DAGs
[2026-08-06T08:00:53.113+0000] {logging_mixin.py:190} INFO - [2026-08-06T08:00:53.113+0000] {dag.py:4180} INFO - Setting next_dagrun for download_rocket_launches to None, run_after=None
[2026-08-06T08:00:53.132+0000] {processor.py:208} INFO - Processing /opt/airflow/dags/bash_python.py took 0.084 seconds
[2026-08-06T08:02:05.154+0000] {processor.py:186} INFO - Started process (PID=590) to work on /opt/airflow/dags/bash_python.py
[2026-08-06T08:02:05.156+0000] {processor.py:914} INFO - Processing file /opt/airflow/dags/bash_python.py for tasks to queue
[2026-08-06T08:02:05.161+0000] {logging_mixin.py:190} INFO - [2026-08-06T08:02:05.160+0000] {dagbag.py:588} INFO - Filling up the DagBag from /opt/airflow/dags/bash_python.py
[2026-08-06T08:02:05.188+0000] {processor.py:925} INFO - DAG(s) 'download_rocket_launches' retrieved from /opt/airflow/dags/bash_python.py
[2026-08-06T08:02:05.244+0000] {logging_mixin.py:190} INFO - [2026-08-06T08:02:05.242+0000] {dag.py:3239} INFO - Sync 1 DAGs
[2026-08-06T08:02:05.272+0000] {logging_mixin.py:190} INFO - [2026-08-06T08:02:05.272+0000] {dag.py:4180} INFO - Setting next_dagrun for download_rocket_launches to None, run_after=None
[2026-08-06T08:02:05.304+0000] {processor.py:208} INFO - Processing /opt/airflow/dags/bash_python.py took 0.159 seconds
[2026-08-06T08:02:56.998+0000] {processor.py:186} INFO - Started process (PID=595) to work on /opt/airflow/dags/bash_python.py
[2026-08-06T08:02:56.999+0000] {processor.py:914} INFO - Processing file /opt/airflow/dags/bash_python.py for tasks to queue
[2026-08-06T08:02:57.002+0000] {logging_mixin.py:190} INFO - [2026-08-06T08:02:57.002+0000] {dagbag.py:588} INFO - Filling up the DagBag from /opt/airflow/dags/bash_python.py
[2026-08-06T08:02:57.018+0000] {processor.py:925} INFO - DAG(s) 'download_rocket_launches' retrieved from /opt/airflow/dags/bash_python.py
[2026-08-06T08:02:57.053+0000] {logging_mixin.py:190} INFO - [2026-08-06T08:02:57.053+0000] {dag.py:3239} INFO - Sync 1 DAGs
[2026-08-06T08:02:57.067+0000] {logging_mixin.py:190} INFO - [2026-08-06T08:02:57.067+0000] {dag.py:4180} INFO - Setting next_dagrun for download_rocket_launches to None, run_after=None
[2026-08-06T08:02:57.084+0000] {processor.py:208} INFO - Processing /opt/airflow/dags/bash_python.py took 0.090 seconds
[2026-08-06T08:03:27.193+0000] {processor.py:186} INFO - Started process (PID=600) to work on /opt/airflow/dags/bash_python.py
[2026-08-06T08:03:27.194+0000] {processor.py:914} INFO - Processing file /opt/airflow/dags/bash_python.py for tasks to queue
[2026-08-06T08:03:27.197+0000] {logging_mixin.py:190} INFO - [2026-08-06T08:03:27.197+0000] {dagbag.py:588} INFO - Filling up the DagBag from /opt/airflow/dags/bash_python.py
[2026-08-06T08:03:27.216+0000] {processor.py:925} INFO - DAG(s) 'download_rocket_launches' retrieved from /opt/airflow/dags/bash_python.py
[2026-08-06T08:03:27.249+0000] {logging_mixin.py:190} INFO - [2026-08-06T08:03:27.248+0000] {dag.py:3239} INFO - Sync 1 DAGs
[2026-08-06T08:03:27.264+0000] {logging_mixin.py:190} INFO - [2026-08-06T08:03:27.263+0000] {dag.py:4180} INFO - Setting next_dagrun for download_rocket_launches to None, run_after=None
[2026-08-06T08:03:27.284+0000] {processor.py:208} INFO - Processing /opt/airflow/dags/bash_python.py took 0.098 seconds
[2026-08-06T08:03:57.519+0000] {processor.py:186} INFO - Started process (PID=605) to work on /opt/airflow/dags/bash_python.py
[2026-08-06T08:03:57.521+0000] {processor.py:914} INFO - Processing file /opt/airflow/dags/bash_python.py for tasks to queue
[2026-08-06T08:03:57.524+0000] {logging_mixin.py:190} INFO - [2026-08-06T08:03:57.524+0000] {dagbag.py:588} INFO - Filling up the DagBag from /opt/airflow/dags/bash_python.py
[2026-08-06T08:03:57.555+0000] {processor.py:925} INFO - DAG(s) 'download_rocket_launches' retrieved from /opt/airflow/dags/bash_python.py
[2026-08-06T08:03:57.584+0000] {logging_mixin.py:190} INFO - [2026-08-06T08:03:57.584+0000] {dag.py:3239} INFO - Sync 1 DAGs
[2026-08-06T08:03:57.597+0000] {logging_mixin.py:190} INFO - [2026-08-06T08:03:57.596+0000] {dag.py:4180} INFO - Setting next_dagrun for download_rocket_launches to None, run_after=None
[2026-08-06T08:03:57.616+0000] {processor.py:208} INFO - Processing /opt/airflow/dags/bash_python.py took 0.103 seconds
[2026-08-06T08:04:27.712+0000] {processor.py:186} INFO - Started process (PID=610) to work on /opt/airflow/dags/bash_python.py
[2026-08-06T08:04:27.713+0000] {processor.py:914} INFO - Processing file /opt/airflow/dags/bash_python.py for tasks to queue
[2026-08-06T08:04:27.716+0000] {logging_mixin.py:190} INFO - [2026-08-06T08:04:27.715+0000] {dagbag.py:588} INFO - Filling up the DagBag from /opt/airflow/dags/bash_python.py
[2026-08-06T08:04:27.735+0000] {processor.py:925} INFO - DAG(s) 'download_rocket_launches' retrieved from /opt/airflow/dags/bash_python.py
[2026-08-06T08:04:27.765+0000] {logging_mixin.py:190} INFO - [2026-08-06T08:04:27.765+0000] {dag.py:3239} INFO - Sync 1 DAGs
[2026-08-06T08:04:27.780+0000] {logging_mixin.py:190} INFO - [2026-08-06T08:04:27.780+0000] {dag.py:4180} INFO - Setting next_dagrun for download_rocket_launches to None, run_after=None
[2026-08-06T08:04:27.802+0000] {processor.py:208} INFO - Processing /opt/airflow/dags/bash_python.py took 0.096 seconds
[2026-08-06T08:04:58.023+0000] {processor.py:186} INFO - Started process (PID=615) to work on /opt/airflow/dags/bash_python.py
[2026-08-06T08:04:58.025+0000] {processor.py:914} INFO - Processing file /opt/airflow/dags/bash_python.py for tasks to queue
[2026-08-06T08:04:58.030+0000] {logging_mixin.py:190} INFO - [2026-08-06T08:04:58.030+0000] {dagbag.py:588} INFO - Filling up the DagBag from /opt/airflow/dags/bash_python.py
[2026-08-06T08:04:58.047+0000] {processor.py:925} INFO - DAG(s) 'download_rocket_launches' retrieved from /opt/airflow/dags/bash_python.py
[2026-08-06T08:04:58.075+0000] {logging_mixin.py:190} INFO - [2026-08-06T08:04:58.074+0000] {dag.py:3239} INFO - Sync 1 DAGs
[2026-08-06T08:04:58.086+0000] {logging_mixin.py:190} INFO - [2026-08-06T08:04:58.086+0000] {dag.py:4180} INFO - Setting next_dagrun for download_rocket_launches to None, run_after=None
[2026-08-06T08:04:58.100+0000] {processor.py:208} INFO - Processing /opt/airflow/dags/bash_python.py took 0.082 seconds
[2026-08-06T08:05:28.238+0000] {processor.py:186} INFO - Started process (PID=620) to work on /opt/airflow/dags/bash_python.py
[2026-08-06T08:05:28.239+0000] {processor.py:914} INFO - Processing file /opt/airflow/dags/bash_python.py for tasks to queue
[2026-08-06T08:05:28.242+0000] {logging_mixin.py:190} INFO - [2026-08-06T08:05:28.242+0000] {dagbag.py:588} INFO - Filling up the DagBag from /opt/airflow/dags/bash_python.py
[2026-08-06T08:05:28.260+0000] {processor.py:925} INFO - DAG(s) 'download_rocket_launches' retrieved from /opt/airflow/dags/bash_python.py
[2026-08-06T08:05:28.288+0000] {logging_mixin.py:190} INFO - [2026-08-06T08:05:28.287+0000] {dag.py:3239} INFO - Sync 1 DAGs
[2026-08-06T08:05:28.304+0000] {logging_mixin.py:190} INFO - [2026-08-06T08:05:28.303+0000] {dag.py:4180} INFO - Setting next_dagrun for download_rocket_launches to None, run_after=None
[2026-08-06T08:05:28.320+0000] {processor.py:208} INFO - Processing /opt/airflow/dags/bash_python.py took 0.087 seconds
[2026-08-06T08:05:58.518+0000] {processor.py:186} INFO - Started process (PID=625) to work on /opt/airflow/dags/bash_python.py
[2026-08-06T08:05:58.519+0000] {processor.py:914} INFO - Processing file /opt/airflow/dags/bash_python.py for tasks to queue
[2026-08-06T08:05:58.521+0000] {logging_mixin.py:190} INFO - [2026-08-06T08:05:58.521+0000] {dagbag.py:588} INFO - Filling up the DagBag from /opt/airflow/dags/bash_python.py
[2026-08-06T08:05:58.540+0000] {processor.py:925} INFO - DAG(s) 'download_rocket_launches' retrieved from /opt/airflow/dags/bash_python.py
[2026-08-06T08:05:58.566+0000] {logging_mixin.py:190} INFO - [2026-08-06T08:05:58.566+0000] {dag.py:3239} INFO - Sync 1 DAGs
[2026-08-06T08:05:58.578+0000] {logging_mixin.py:190} INFO - [2026-08-06T08:05:58.578+0000] {dag.py:4180} INFO - Setting next_dagrun for download_rocket_launches to None, run_after=None
[2026-08-06T08:05:58.599+0000] {processor.py:208} INFO - Processing /opt/airflow/dags/bash_python.py took 0.085 seconds
[2026-08-06T08:06:28.721+0000] {processor.py:186} INFO - Started process (PID=630) to work on /opt/airflow/dags/bash_python.py
[2026-08-06T08:06:28.722+0000] {processor.py:914} INFO - Processing file /opt/airflow/dags/bash_python.py for tasks to queue
[2026-08-06T08:06:28.724+0000] {logging_mixin.py:190} INFO - [2026-08-06T08:06:28.724+0000] {dagbag.py:588} INFO - Filling up the DagBag from /opt/airflow/dags/bash_python.py
[2026-08-06T08:06:28.736+0000] {processor.py:925} INFO - DAG(s) 'download_rocket_launches' retrieved from /opt/airflow/dags/bash_python.py
[2026-08-06T08:06:28.758+0000] {logging_mixin.py:190} INFO - [2026-08-06T08:06:28.758+0000] {dag.py:3239} INFO - Sync 1 DAGs
[2026-08-06T08:06:28.768+0000] {logging_mixin.py:190} INFO - [2026-08-06T08:06:28.768+0000] {dag.py:4180} INFO - Setting next_dagrun for download_rocket_launches to None, run_after=None
[2026-08-06T08:06:28.782+0000] {processor.py:208} INFO - Processing /opt/airflow/dags/bash_python.py took 0.065 seconds
[2026-08-06T08:06:58.996+0000] {processor.py:186} INFO - Started process (PID=635) to work on /opt/airflow/dags/bash_python.py
[2026-08-06T08:06:58.997+0000] {processor.py:914} INFO - Processing file /opt/airflow/dags/bash_python.py for tasks to queue
[2026-08-06T08:06:58.999+0000] {logging_mixin.py:190} INFO - [2026-08-06T08:06:58.998+0000] {dagbag.py:588} INFO - Filling up the DagBag from /opt/airflow/dags/bash_python.py
[2026-08-06T08:06:59.013+0000] {processor.py:925} INFO - DAG(s) 'download_rocket_launches' retrieved from /opt/airflow/dags/bash_python.py
[2026-08-06T08:06:59.036+0000] {logging_mixin.py:190} INFO - [2026-08-06T08:06:59.035+0000] {dag.py:3239} INFO - Sync 1 DAGs
[2026-08-06T08:06:59.047+0000] {logging_mixin.py:190} INFO - [2026-08-06T08:06:59.046+0000] {dag.py:4180} INFO - Setting next_dagrun for download_rocket_launches to None, run_after=None
[2026-08-06T08:06:59.061+0000] {processor.py:208} INFO - Processing /opt/airflow/dags/bash_python.py took 0.070 seconds
[2026-08-06T08:07:29.212+0000] {processor.py:186} INFO - Started process (PID=640) to work on /opt/airflow/dags/bash_python.py
[2026-08-06T08:07:29.213+0000] {processor.py:914} INFO - Processing file /opt/airflow/dags/bash_python.py for tasks to queue
[2026-08-06T08:07:29.215+0000] {logging_mixin.py:190} INFO - [2026-08-06T08:07:29.215+0000] {dagbag.py:588} INFO - Filling up the DagBag from /opt/airflow/dags/bash_python.py
[2026-08-06T08:07:29.228+0000] {processor.py:925} INFO - DAG(s) 'download_rocket_launches' retrieved from /opt/airflow/dags/bash_python.py
[2026-08-06T08:07:29.250+0000] {logging_mixin.py:190} INFO - [2026-08-06T08:07:29.250+0000] {dag.py:3239} INFO - Sync 1 DAGs
[2026-08-06T08:07:29.261+0000] {logging_mixin.py:190} INFO - [2026-08-06T08:07:29.260+0000] {dag.py:4180} INFO - Setting next_dagrun for download_rocket_launches to None, run_after=None
[2026-08-06T08:07:29.278+0000] {processor.py:208} INFO - Processing /opt/airflow/dags/bash_python.py took 0.070 seconds
[2026-08-06T08:07:59.438+0000] {processor.py:186} INFO - Started process (PID=645) to work on /opt/airflow/dags/bash_python.py
[2026-08-06T08:07:59.439+0000] {processor.py:914} INFO - Processing file /opt/airflow/dags/bash_python.py for tasks to queue
[2026-08-06T08:07:59.442+0000] {logging_mixin.py:190} INFO - [2026-08-06T08:07:59.442+0000] {dagbag.py:588} INFO - Filling up the DagBag from /opt/airflow/dags/bash_python.py
[2026-08-06T08:07:59.459+0000] {processor.py:925} INFO - DAG(s) 'download_rocket_launches' retrieved from /opt/airflow/dags/bash_python.py
[2026-08-06T08:07:59.484+0000] {logging_mixin.py:190} INFO - [2026-08-06T08:07:59.484+0000] {dag.py:3239} INFO - Sync 1 DAGs
[2026-08-06T08:07:59.495+0000] {logging_mixin.py:190} INFO - [2026-08-06T08:07:59.495+0000] {dag.py:4180} INFO - Setting next_dagrun for download_rocket_launches to None, run_after=None
[2026-08-06T08:07:59.511+0000] {processor.py:208} INFO - Processing /opt/airflow/dags/bash_python.py took 0.077 seconds
[2026-08-06T08:08:29.664+0000] {processor.py:186} INFO - Started process (PID=650) to work on /opt/airflow/dags/bash_python.py
[2026-08-06T08:08:29.665+0000] {processor.py:914} INFO - Processing file /opt/airflow/dags/bash_python.py for tasks to queue
[2026-08-06T08:08:29.669+0000] {logging_mixin.py:190} INFO - [2026-08-06T08:08:29.669+0000] {dagbag.py:588} INFO - Filling up the DagBag from /opt/airflow/dags/bash_python.py
[2026-08-06T08:08:29.689+0000] {processor.py:925} INFO - DAG(s) 'download_rocket_launches' retrieved from /opt/airflow/dags/bash_python.py
[2026-08-06T08:08:29.717+0000] {logging_mixin.py:190} INFO - [2026-08-06T08:08:29.717+0000] {dag.py:3239} INFO - Sync 1 DAGs
[2026-08-06T08:08:29.728+0000] {logging_mixin.py:190} INFO - [2026-08-06T08:08:29.728+0000] {dag.py:4180} INFO - Setting next_dagrun for download_rocket_launches to None, run_after=None
[2026-08-06T08:08:29.742+0000] {processor.py:208} INFO - Processing /opt/airflow/dags/bash_python.py took 0.082 seconds
[2026-08-06T08:08:59.917+0000] {processor.py:186} INFO - Started process (PID=655) to work on /opt/airflow/dags/bash_python.py
[2026-08-06T08:08:59.918+0000] {processor.py:914} INFO - Processing file /opt/airflow/dags/bash_python.py for tasks to queue
[2026-08-06T08:08:59.921+0000] {logging_mixin.py:190} INFO - [2026-08-06T08:08:59.921+0000] {dagbag.py:588} INFO - Filling up the DagBag from /opt/airflow/dags/bash_python.py
[2026-08-06T08:08:59.933+0000] {processor.py:925} INFO - DAG(s) 'download_rocket_launches' retrieved from /opt/airflow/dags/bash_python.py
[2026-08-06T08:08:59.954+0000] {logging_mixin.py:190} INFO - [2026-08-06T08:08:59.954+0000] {dag.py:3239} INFO - Sync 1 DAGs
[2026-08-06T08:08:59.964+0000] {logging_mixin.py:190} INFO - [2026-08-06T08:08:59.964+0000] {dag.py:4180} INFO - Setting next_dagrun for download_rocket_launches to None, run_after=None
[2026-08-06T08:08:59.978+0000] {processor.py:208} INFO - Processing /opt/airflow/dags/bash_python.py took 0.064 seconds
[2026-08-06T08:09:30.122+0000] {processor.py:186} INFO - Started process (PID=660) to work on /opt/airflow/dags/bash_python.py
[2026-08-06T08:09:30.123+0000] {processor.py:914} INFO - Processing file /opt/airflow/dags/bash_python.py for tasks to queue
[2026-08-06T08:09:30.124+0000] {logging_mixin.py:190} INFO - [2026-08-06T08:09:30.124+0000] {dagbag.py:588} INFO - Filling up the DagBag from /opt/airflow/dags/bash_python.py
[2026-08-06T08:09:30.138+0000] {processor.py:925} INFO - DAG(s) 'download_rocket_launches' retrieved from /opt/airflow/dags/bash_python.py
[2026-08-06T08:09:30.164+0000] {logging_mixin.py:190} INFO - [2026-08-06T08:09:30.163+0000] {dag.py:3239} INFO - Sync 1 DAGs
[2026-08-06T08:09:30.175+0000] {logging_mixin.py:190} INFO - [2026-08-06T08:09:30.175+0000] {dag.py:4180} INFO - Setting next_dagrun for download_rocket_launches to None, run_after=None
[2026-08-06T08:09:30.196+0000] {processor.py:208} INFO - Processing /opt/airflow/dags/bash_python.py took 0.078 seconds
[2026-08-06T08:10:00.362+0000] {processor.py:186} INFO - Started process (PID=665) to work on /opt/airflow/dags/bash_python.py
[2026-08-06T08:10:00.363+0000] {processor.py:914} INFO - Processing file /opt/airflow/dags/bash_python.py for tasks to queue
[2026-08-06T08:10:00.365+0000] {logging_mixin.py:190} INFO - [2026-08-06T08:10:00.365+0000] {dagbag.py:588} INFO - Filling up the DagBag from /opt/airflow/dags/bash_python.py
[2026-08-06T08:10:00.380+0000] {processor.py:925} INFO - DAG(s) 'download_rocket_launches' retrieved from /opt/airflow/dags/bash_python.py
[2026-08-06T08:10:00.402+0000] {logging_mixin.py:190} INFO - [2026-08-06T08:10:00.402+0000] {dag.py:3239} INFO - Sync 1 DAGs
[2026-08-06T08:10:00.413+0000] {logging_mixin.py:190} INFO - [2026-08-06T08:10:00.413+0000] {dag.py:4180} INFO - Setting next_dagrun for download_rocket_launches to None, run_after=None
[2026-08-06T08:10:00.432+0000] {processor.py:208} INFO - Processing /opt/airflow/dags/bash_python.py took 0.073 seconds
[2026-08-06T08:10:30.584+0000] {processor.py:186} INFO - Started process (PID=670) to work on /opt/airflow/dags/bash_python.py
[2026-08-06T08:10:30.586+0000] {processor.py:914} INFO - Processing file /opt/airflow/dags/bash_python.py for tasks to queue
[2026-08-06T08:10:30.588+0000] {logging_mixin.py:190} INFO - [2026-08-06T08:10:30.588+0000] {dagbag.py:588} INFO - Filling up the DagBag from /opt/airflow/dags/bash_python.py
[2026-08-06T08:10:30.606+0000] {processor.py:925} INFO - DAG(s) 'download_rocket_launches' retrieved from /opt/airflow/dags/bash_python.py
[2026-08-06T08:10:30.638+0000] {logging_mixin.py:190} INFO - [2026-08-06T08:10:30.637+0000] {dag.py:3239} INFO - Sync 1 DAGs
[2026-08-06T08:10:30.652+0000] {logging_mixin.py:190} INFO - [2026-08-06T08:10:30.651+0000] {dag.py:4180} INFO - Setting next_dagrun for download_rocket_launches to None, run_after=None
[2026-08-06T08:10:30.676+0000] {processor.py:208} INFO - Processing /opt/airflow/dags/bash_python.py took 0.099 seconds
[2026-08-06T08:11:00.849+0000] {processor.py:186} INFO - Started process (PID=675) to work on /opt/airflow/dags/bash_python.py
[2026-08-06T08:11:00.851+0000] {processor.py:914} INFO - Processing file /opt/airflow/dags/bash_python.py for tasks to queue
[2026-08-06T08:11:00.853+0000] {logging_mixin.py:190} INFO - [2026-08-06T08:11:00.853+0000] {dagbag.py:588} INFO - Filling up the DagBag from /opt/airflow/dags/bash_python.py
[2026-08-06T08:11:00.870+0000] {processor.py:925} INFO - DAG(s) 'download_rocket_launches' retrieved from /opt/airflow/dags/bash_python.py
[2026-08-06T08:11:00.893+0000] {logging_mixin.py:190} INFO - [2026-08-06T08:11:00.893+0000] {dag.py:3239} INFO - Sync 1 DAGs
[2026-08-06T08:11:00.905+0000] {logging_mixin.py:190} INFO - [2026-08-06T08:11:00.905+0000] {dag.py:4180} INFO - Setting next_dagrun for download_rocket_launches to None, run_after=None
[2026-08-06T08:11:00.921+0000] {processor.py:208} INFO - Processing /opt/airflow/dags/bash_python.py took 0.076 seconds
[2026-08-06T08:11:31.055+0000] {processor.py:186} INFO - Started process (PID=680) to work on /opt/airflow/dags/bash_python.py
[2026-08-06T08:11:31.056+0000] {processor.py:914} INFO - Processing file /opt/airflow/dags/bash_python.py for tasks to queue
[2026-08-06T08:11:31.058+0000] {logging_mixin.py:190} INFO - [2026-08-06T08:11:31.058+0000] {dagbag.py:588} INFO - Filling up the DagBag from /opt/airflow/dags/bash_python.py
[2026-08-06T08:11:31.072+0000] {processor.py:925} INFO - DAG(s) 'download_rocket_launches' retrieved from /opt/airflow/dags/bash_python.py
[2026-08-06T08:11:31.098+0000] {logging_mixin.py:190} INFO - [2026-08-06T08:11:31.098+0000] {dag.py:3239} INFO - Sync 1 DAGs
[2026-08-06T08:11:31.109+0000] {logging_mixin.py:190} INFO - [2026-08-06T08:11:31.109+0000] {dag.py:4180} INFO - Setting next_dagrun for download_rocket_launches to None, run_after=None
[2026-08-06T08:11:31.127+0000] {processor.py:208} INFO - Processing /opt/airflow/dags/bash_python.py took 0.077 seconds
[2026-08-06T08:12:01.302+0000] {processor.py:186} INFO - Started process (PID=685) to work on /opt/airflow/dags/bash_python.py
[2026-08-06T08:12:01.304+0000] {processor.py:914} INFO - Processing file /opt/airflow/dags/bash_python.py for tasks to queue
[2026-08-06T08:12:01.306+0000] {logging_mixin.py:190} INFO - [2026-08-06T08:12:01.306+0000] {dagbag.py:588} INFO - Filling up the DagBag from /opt/airflow/dags/bash_python.py
[2026-08-06T08:12:01.322+0000] {processor.py:925} INFO - DAG(s) 'download_rocket_launches' retrieved from /opt/airflow/dags/bash_python.py
[2026-08-06T08:12:01.344+0000] {logging_mixin.py:190} INFO - [2026-08-06T08:12:01.344+0000] {dag.py:3239} INFO - Sync 1 DAGs
[2026-08-06T08:12:01.354+0000] {logging_mixin.py:190} INFO - [2026-08-06T08:12:01.354+0000] {dag.py:4180} INFO - Setting next_dagrun for download_rocket_launches to None, run_after=None
[2026-08-06T08:12:01.373+0000] {processor.py:208} INFO - Processing /opt/airflow/dags/bash_python.py took 0.075 seconds
[2026-08-06T08:12:31.553+0000] {processor.py:186} INFO - Started process (PID=690) to work on /opt/airflow/dags/bash_python.py
[2026-08-06T08:12:31.556+0000] {processor.py:914} INFO - Processing file /opt/airflow/dags/bash_python.py for tasks to queue
[2026-08-06T08:12:31.562+0000] {logging_mixin.py:190} INFO - [2026-08-06T08:12:31.562+0000] {dagbag.py:588} INFO - Filling up the DagBag from /opt/airflow/dags/bash_python.py
[2026-08-06T08:12:31.592+0000] {processor.py:925} INFO - DAG(s) 'download_rocket_launches' retrieved from /opt/airflow/dags/bash_python.py
[2026-08-06T08:12:31.634+0000] {logging_mixin.py:190} INFO - [2026-08-06T08:12:31.634+0000] {dag.py:3239} INFO - Sync 1 DAGs
[2026-08-06T08:12:31.651+0000] {logging_mixin.py:190} INFO - [2026-08-06T08:12:31.651+0000] {dag.py:4180} INFO - Setting next_dagrun for download_rocket_launches to None, run_after=None
[2026-08-06T08:12:31.672+0000] {processor.py:208} INFO - Processing /opt/airflow/dags/bash_python.py took 0.133 seconds
[2026-08-06T08:13:01.775+0000] {processor.py:186} INFO - Started process (PID=695) to work on /opt/airflow/dags/bash_python.py
[2026-08-06T08:13:01.776+0000] {processor.py:914} INFO - Processing file /opt/airflow/dags/bash_python.py for tasks to queue
[2026-08-06T08:13:01.778+0000] {logging_mixin.py:190} INFO - [2026-08-06T08:13:01.778+0000] {dagbag.py:588} INFO - Filling up the DagBag from /opt/airflow/dags/bash_python.py
[2026-08-06T08:13:01.795+0000] {processor.py:925} INFO - DAG(s) 'download_rocket_launches' retrieved from /opt/airflow/dags/bash_python.py
[2026-08-06T08:13:01.821+0000] {logging_mixin.py:190} INFO - [2026-08-06T08:13:01.820+0000] {dag.py:3239} INFO - Sync 1 DAGs
[2026-08-06T08:13:01.840+0000] {logging_mixin.py:190} INFO - [2026-08-06T08:13:01.840+0000] {dag.py:4180} INFO - Setting next_dagrun for download_rocket_launches to None, run_after=None
[2026-08-06T08:13:01.860+0000] {processor.py:208} INFO - Processing /opt/airflow/dags/bash_python.py took 0.090 seconds
[2026-08-06T08:13:32.085+0000] {processor.py:186} INFO - Started process (PID=700) to work on /opt/airflow/dags/bash_python.py
[2026-08-06T08:13:32.087+0000] {processor.py:914} INFO - Processing file /opt/airflow/dags/bash_python.py for tasks to queue
[2026-08-06T08:13:32.089+0000] {logging_mixin.py:190} INFO - [2026-08-06T08:13:32.089+0000] {dagbag.py:588} INFO - Filling up the DagBag from /opt/airflow/dags/bash_python.py
[2026-08-06T08:13:32.109+0000] {processor.py:925} INFO - DAG(s) 'download_rocket_launches' retrieved from /opt/airflow/dags/bash_python.py
[2026-08-06T08:13:32.135+0000] {logging_mixin.py:190} INFO - [2026-08-06T08:13:32.135+0000] {dag.py:3239} INFO - Sync 1 DAGs
[2026-08-06T08:13:32.147+0000] {logging_mixin.py:190} INFO - [2026-08-06T08:13:32.147+0000] {dag.py:4180} INFO - Setting next_dagrun for download_rocket_launches to None, run_after=None
[2026-08-06T08:13:32.161+0000] {processor.py:208} INFO - Processing /opt/airflow/dags/bash_python.py took 0.081 seconds
[2026-08-06T08:14:02.307+0000] {processor.py:186} INFO - Started process (PID=705) to work on /opt/airflow/dags/bash_python.py
[2026-08-06T08:14:02.308+0000] {processor.py:914} INFO - Processing file /opt/airflow/dags/bash_python.py for tasks to queue
[2026-08-06T08:14:02.312+0000] {logging_mixin.py:190} INFO - [2026-08-06T08:14:02.312+0000] {dagbag.py:588} INFO - Filling up the DagBag from /opt/airflow/dags/bash_python.py
[2026-08-06T08:14:02.329+0000] {processor.py:925} INFO - DAG(s) 'download_rocket_launches' retrieved from /opt/airflow/dags/bash_python.py
[2026-08-06T08:14:02.360+0000] {logging_mixin.py:190} INFO - [2026-08-06T08:14:02.360+0000] {dag.py:3239} INFO - Sync 1 DAGs
[2026-08-06T08:14:02.375+0000] {logging_mixin.py:190} INFO - [2026-08-06T08:14:02.374+0000] {dag.py:4180} INFO - Setting next_dagrun for download_rocket_launches to None, run_after=None
[2026-08-06T08:14:02.393+0000] {processor.py:208} INFO - Processing /opt/airflow/dags/bash_python.py took 0.093 seconds
[2026-08-06T08:14:32.581+0000] {processor.py:186} INFO - Started process (PID=710) to work on /opt/airflow/dags/bash_python.py
[2026-08-06T08:14:32.583+0000] {processor.py:914} INFO - Processing file /opt/airflow/dags/bash_python.py for tasks to queue
[2026-08-06T08:14:32.586+0000] {logging_mixin.py:190} INFO - [2026-08-06T08:14:32.585+0000] {dagbag.py:588} INFO - Filling up the DagBag from /opt/airflow/dags/bash_python.py
[2026-08-06T08:14:32.600+0000] {processor.py:925} INFO - DAG(s) 'download_rocket_launches' retrieved from /opt/airflow/dags/bash_python.py
[2026-08-06T08:14:32.622+0000] {logging_mixin.py:190} INFO - [2026-08-06T08:14:32.622+0000] {dag.py:3239} INFO - Sync 1 DAGs
[2026-08-06T08:14:32.632+0000] {logging_mixin.py:190} INFO - [2026-08-06T08:14:32.632+0000] {dag.py:4180} INFO - Setting next_dagrun for download_rocket_launches to None, run_after=None
[2026-08-06T08:14:32.650+0000] {processor.py:208} INFO - Processing /opt/airflow/dags/bash_python.py took 0.075 seconds
[2026-08-06T08:15:02.780+0000] {processor.py:186} INFO - Started process (PID=715) to work on /opt/airflow/dags/bash_python.py
[2026-08-06T08:15:02.781+0000] {processor.py:914} INFO - Processing file /opt/airflow/dags/bash_python.py for tasks to queue
[2026-08-06T08:15:02.783+0000] {logging_mixin.py:190} INFO - [2026-08-06T08:15:02.783+0000] {dagbag.py:588} INFO - Filling up the DagBag from /opt/airflow/dags/bash_python.py
[2026-08-06T08:15:02.796+0000] {processor.py:925} INFO - DAG(s) 'download_rocket_launches' retrieved from /opt/airflow/dags/bash_python.py
[2026-08-06T08:15:02.818+0000] {logging_mixin.py:190} INFO - [2026-08-06T08:15:02.818+0000] {dag.py:3239} INFO - Sync 1 DAGs
[2026-08-06T08:15:02.828+0000] {logging_mixin.py:190} INFO - [2026-08-06T08:15:02.828+0000] {dag.py:4180} INFO - Setting next_dagrun for download_rocket_launches to None, run_after=None
[2026-08-06T08:15:02.846+0000] {processor.py:208} INFO - Processing /opt/airflow/dags/bash_python.py took 0.070 seconds
[2026-08-06T08:15:33.031+0000] {processor.py:186} INFO - Started process (PID=720) to work on /opt/airflow/dags/bash_python.py
[2026-08-06T08:15:33.032+0000] {processor.py:914} INFO - Processing file /opt/airflow/dags/bash_python.py for tasks to queue
[2026-08-06T08:15:33.035+0000] {logging_mixin.py:190} INFO - [2026-08-06T08:15:33.035+0000] {dagbag.py:588} INFO - Filling up the DagBag from /opt/airflow/dags/bash_python.py
[2026-08-06T08:15:33.049+0000] {processor.py:925} INFO - DAG(s) 'download_rocket_launches' retrieved from /opt/airflow/dags/bash_python.py
[2026-08-06T08:15:33.074+0000] {logging_mixin.py:190} INFO - [2026-08-06T08:15:33.074+0000] {dag.py:3239} INFO - Sync 1 DAGs
[2026-08-06T08:15:33.090+0000] {logging_mixin.py:190} INFO - [2026-08-06T08:15:33.090+0000] {dag.py:4180} INFO - Setting next_dagrun for download_rocket_launches to None, run_after=None
[2026-08-06T08:15:33.111+0000] {processor.py:208} INFO - Processing /opt/airflow/dags/bash_python.py took 0.084 seconds
[2026-08-06T08:16:03.241+0000] {processor.py:186} INFO - Started process (PID=725) to work on /opt/airflow/dags/bash_python.py
[2026-08-06T08:16:03.243+0000] {processor.py:914} INFO - Processing file /opt/airflow/dags/bash_python.py for tasks to queue
[2026-08-06T08:16:03.245+0000] {logging_mixin.py:190} INFO - [2026-08-06T08:16:03.245+0000] {dagbag.py:588} INFO - Filling up the DagBag from /opt/airflow/dags/bash_python.py
[2026-08-06T08:16:03.257+0000] {processor.py:925} INFO - DAG(s) 'download_rocket_launches' retrieved from /opt/airflow/dags/bash_python.py
[2026-08-06T08:16:03.280+0000] {logging_mixin.py:190} INFO - [2026-08-06T08:16:03.280+0000] {dag.py:3239} INFO - Sync 1 DAGs
[2026-08-06T08:16:03.291+0000] {logging_mixin.py:190} INFO - [2026-08-06T08:16:03.291+0000] {dag.py:4180} INFO - Setting next_dagrun for download_rocket_launches to None, run_after=None
[2026-08-06T08:16:03.309+0000] {processor.py:208} INFO - Processing /opt/airflow/dags/bash_python.py took 0.072 seconds
[2026-08-06T08:16:33.509+0000] {processor.py:186} INFO - Started process (PID=730) to work on /opt/airflow/dags/bash_python.py
[2026-08-06T08:16:33.510+0000] {processor.py:914} INFO - Processing file /opt/airflow/dags/bash_python.py for tasks to queue
[2026-08-06T08:16:33.513+0000] {logging_mixin.py:190} INFO - [2026-08-06T08:16:33.512+0000] {dagbag.py:588} INFO - Filling up the DagBag from /opt/airflow/dags/bash_python.py
[2026-08-06T08:16:33.530+0000] {processor.py:925} INFO - DAG(s) 'download_rocket_launches' retrieved from /opt/airflow/dags/bash_python.py
[2026-08-06T08:16:33.558+0000] {logging_mixin.py:190} INFO - [2026-08-06T08:16:33.558+0000] {dag.py:3239} INFO - Sync 1 DAGs
[2026-08-06T08:16:33.573+0000] {logging_mixin.py:190} INFO - [2026-08-06T08:16:33.573+0000] {dag.py:4180} INFO - Setting next_dagrun for download_rocket_launches to None, run_after=None
[2026-08-06T08:16:33.595+0000] {processor.py:208} INFO - Processing /opt/airflow/dags/bash_python.py took 0.092 seconds
[2026-08-06T08:17:03.723+0000] {processor.py:186} INFO - Started process (PID=735) to work on /opt/airflow/dags/bash_python.py
[2026-08-06T08:17:03.724+0000] {processor.py:914} INFO - Processing file /opt/airflow/dags/bash_python.py for tasks to queue
[2026-08-06T08:17:03.726+0000] {logging_mixin.py:190} INFO - [2026-08-06T08:17:03.726+0000] {dagbag.py:588} INFO - Filling up the DagBag from /opt/airflow/dags/bash_python.py
[2026-08-06T08:17:03.742+0000] {processor.py:925} INFO - DAG(s) 'download_rocket_launches' retrieved from /opt/airflow/dags/bash_python.py
[2026-08-06T08:17:03.782+0000] {logging_mixin.py:190} INFO - [2026-08-06T08:17:03.782+0000] {dag.py:3239} INFO - Sync 1 DAGs
[2026-08-06T08:17:03.795+0000] {logging_mixin.py:190} INFO - [2026-08-06T08:17:03.795+0000] {dag.py:4180} INFO - Setting next_dagrun for download_rocket_launches to None, run_after=None
[2026-08-06T08:17:03.816+0000] {processor.py:208} INFO - Processing /opt/airflow/dags/bash_python.py took 0.098 seconds
[2026-08-06T08:17:34.036+0000] {processor.py:186} INFO - Started process (PID=740) to work on /opt/airflow/dags/bash_python.py
[2026-08-06T08:17:34.037+0000] {processor.py:914} INFO - Processing file /opt/airflow/dags/bash_python.py for tasks to queue
[2026-08-06T08:17:34.040+0000] {logging_mixin.py:190} INFO - [2026-08-06T08:17:34.040+0000] {dagbag.py:588} INFO - Filling up the DagBag from /opt/airflow/dags/bash_python.py
[2026-08-06T08:17:34.055+0000] {processor.py:925} INFO - DAG(s) 'download_rocket_launches' retrieved from /opt/airflow/dags/bash_python.py
[2026-08-06T08:17:34.083+0000] {logging_mixin.py:190} INFO - [2026-08-06T08:17:34.083+0000] {dag.py:3239} INFO - Sync 1 DAGs
[2026-08-06T08:17:34.095+0000] {logging_mixin.py:190} INFO - [2026-08-06T08:17:34.095+0000] {dag.py:4180} INFO - Setting next_dagrun for download_rocket_launches to None, run_after=None
[2026-08-06T08:17:34.117+0000] {processor.py:208} INFO - Processing /opt/airflow/dags/bash_python.py took 0.085 seconds
[2026-08-06T08:18:04.242+0000] {processor.py:186} INFO - Started process (PID=745) to work on /opt/airflow/dags/bash_python.py
[2026-08-06T08:18:04.243+0000] {processor.py:914} INFO - Processing file /opt/airflow/dags/bash_python.py for tasks to queue
[2026-08-06T08:18:04.247+0000] {logging_mixin.py:190} INFO - [2026-08-06T08:18:04.246+0000] {dagbag.py:588} INFO - Filling up the DagBag from /opt/airflow/dags/bash_python.py
[2026-08-06T08:18:04.266+0000] {processor.py:925} INFO - DAG(s) 'download_rocket_launches' retrieved from /opt/airflow/dags/bash_python.py
[2026-08-06T08:18:04.300+0000] {logging_mixin.py:190} INFO - [2026-08-06T08:18:04.299+0000] {dag.py:3239} INFO - Sync 1 DAGs
[2026-08-06T08:18:04.313+0000] {logging_mixin.py:190} INFO - [2026-08-06T08:18:04.313+0000] {dag.py:4180} INFO - Setting next_dagrun for download_rocket_launches to None, run_after=None
[2026-08-06T08:18:04.332+0000] {processor.py:208} INFO - Processing /opt/airflow/dags/bash_python.py took 0.095 seconds
[2026-08-06T08:18:34.496+0000] {processor.py:186} INFO - Started process (PID=750) to work on /opt/airflow/dags/bash_python.py
[2026-08-06T08:18:34.497+0000] {processor.py:914} INFO - Processing file /opt/airflow/dags/bash_python.py for tasks to queue
[2026-08-06T08:18:34.499+0000] {logging_mixin.py:190} INFO - [2026-08-06T08:18:34.499+0000] {dagbag.py:588} INFO - Filling up the DagBag from /opt/airflow/dags/bash_python.py
[2026-08-06T08:18:34.517+0000] {processor.py:925} INFO - DAG(s) 'download_rocket_launches' retrieved from /opt/airflow/dags/bash_python.py
[2026-08-06T08:18:34.540+0000] {logging_mixin.py:190} INFO - [2026-08-06T08:18:34.539+0000] {dag.py:3239} INFO - Sync 1 DAGs
[2026-08-06T08:18:34.550+0000] {logging_mixin.py:190} INFO - [2026-08-06T08:18:34.550+0000] {dag.py:4180} INFO - Setting next_dagrun for download_rocket_launches to None, run_after=None
[2026-08-06T08:18:34.568+0000] {processor.py:208} INFO - Processing /opt/airflow/dags/bash_python.py took 0.076 seconds
[2026-08-06T08:19:04.726+0000] {processor.py:186} INFO - Started process (PID=755) to work on /opt/airflow/dags/bash_python.py
[2026-08-06T08:19:04.727+0000] {processor.py:914} INFO - Processing file /opt/airflow/dags/bash_python.py for tasks to queue
[2026-08-06T08:19:04.730+0000] {logging_mixin.py:190} INFO - [2026-08-06T08:19:04.730+0000] {dagbag.py:588} INFO - Filling up the DagBag from /opt/airflow/dags/bash_python.py
[2026-08-06T08:19:04.744+0000] {processor.py:925} INFO - DAG(s) 'download_rocket_launches' retrieved from /opt/airflow/dags/bash_python.py
[2026-08-06T08:19:04.772+0000] {logging_mixin.py:190} INFO - [2026-08-06T08:19:04.772+0000] {dag.py:3239} INFO - Sync 1 DAGs
[2026-08-06T08:19:04.786+0000] {logging_mixin.py:190} INFO - [2026-08-06T08:19:04.786+0000] {dag.py:4180} INFO - Setting next_dagrun for download_rocket_launches to None, run_after=None
[2026-08-06T08:19:04.802+0000] {processor.py:208} INFO - Processing /opt/airflow/dags/bash_python.py took 0.081 seconds
[2026-08-06T08:19:34.987+0000] {processor.py:186} INFO - Started process (PID=760) to work on /opt/airflow/dags/bash_python.py
[2026-08-06T08:19:34.988+0000] {processor.py:914} INFO - Processing file /opt/airflow/dags/bash_python.py for tasks to queue
[2026-08-06T08:19:34.991+0000] {logging_mixin.py:190} INFO - [2026-08-06T08:19:34.991+0000] {dagbag.py:588} INFO - Filling up the DagBag from /opt/airflow/dags/bash_python.py
[2026-08-06T08:19:35.010+0000] {processor.py:925} INFO - DAG(s) 'download_rocket_launches' retrieved from /opt/airflow/dags/bash_python.py
[2026-08-06T08:19:35.043+0000] {logging_mixin.py:190} INFO - [2026-08-06T08:19:35.042+0000] {dag.py:3239} INFO - Sync 1 DAGs
[2026-08-06T08:19:35.059+0000] {logging_mixin.py:190} INFO - [2026-08-06T08:19:35.059+0000] {dag.py:4180} INFO - Setting next_dagrun for download_rocket_launches to None, run_after=None
[2026-08-06T08:19:35.082+0000] {processor.py:208} INFO - Processing /opt/airflow/dags/bash_python.py took 0.102 seconds
[2026-08-06T08:20:05.194+0000] {processor.py:186} INFO - Started process (PID=765) to work on /opt/airflow/dags/bash_python.py
[2026-08-06T08:20:05.195+0000] {processor.py:914} INFO - Processing file /opt/airflow/dags/bash_python.py for tasks to queue
[2026-08-06T08:20:05.197+0000] {logging_mixin.py:190} INFO - [2026-08-06T08:20:05.197+0000] {dagbag.py:588} INFO - Filling up the DagBag from /opt/airflow/dags/bash_python.py
[2026-08-06T08:20:05.215+0000] {processor.py:925} INFO - DAG(s) 'download_rocket_launches' retrieved from /opt/airflow/dags/bash_python.py
[2026-08-06T08:20:05.245+0000] {logging_mixin.py:190} INFO - [2026-08-06T08:20:05.245+0000] {dag.py:3239} INFO - Sync 1 DAGs
[2026-08-06T08:20:05.256+0000] {logging_mixin.py:190} INFO - [2026-08-06T08:20:05.256+0000] {dag.py:4180} INFO - Setting next_dagrun for download_rocket_launches to None, run_after=None
[2026-08-06T08:20:05.279+0000] {processor.py:208} INFO - Processing /opt/airflow/dags/bash_python.py took 0.089 seconds
[2026-08-06T08:20:35.500+0000] {processor.py:186} INFO - Started process (PID=770) to work on /opt/airflow/dags/bash_python.py
[2026-08-06T08:20:35.501+0000] {processor.py:914} INFO - Processing file /opt/airflow/dags/bash_python.py for tasks to queue
[2026-08-06T08:20:35.504+0000] {logging_mixin.py:190} INFO - [2026-08-06T08:20:35.503+0000] {dagbag.py:588} INFO - Filling up the DagBag from /opt/airflow/dags/bash_python.py
[2026-08-06T08:20:35.521+0000] {processor.py:925} INFO - DAG(s) 'download_rocket_launches' retrieved from /opt/airflow/dags/bash_python.py
[2026-08-06T08:20:35.554+0000] {logging_mixin.py:190} INFO - [2026-08-06T08:20:35.553+0000] {dag.py:3239} INFO - Sync 1 DAGs
[2026-08-06T08:20:35.569+0000] {logging_mixin.py:190} INFO - [2026-08-06T08:20:35.569+0000] {dag.py:4180} INFO - Setting next_dagrun for download_rocket_launches to None, run_after=None
[2026-08-06T08:20:35.593+0000] {processor.py:208} INFO - Processing /opt/airflow/dags/bash_python.py took 0.099 seconds
[2026-08-06T08:21:05.724+0000] {processor.py:186} INFO - Started process (PID=775) to work on /opt/airflow/dags/bash_python.py
[2026-08-06T08:21:05.726+0000] {processor.py:914} INFO - Processing file /opt/airflow/dags/bash_python.py for tasks to queue
[2026-08-06T08:21:05.729+0000] {logging_mixin.py:190} INFO - [2026-08-06T08:21:05.729+0000] {dagbag.py:588} INFO - Filling up the DagBag from /opt/airflow/dags/bash_python.py
[2026-08-06T08:21:05.746+0000] {processor.py:925} INFO - DAG(s) 'download_rocket_launches' retrieved from /opt/airflow/dags/bash_python.py
[2026-08-06T08:21:05.778+0000] {logging_mixin.py:190} INFO - [2026-08-06T08:21:05.778+0000] {dag.py:3239} INFO - Sync 1 DAGs
[2026-08-06T08:21:05.794+0000] {logging_mixin.py:190} INFO - [2026-08-06T08:21:05.793+0000] {dag.py:4180} INFO - Setting next_dagrun for download_rocket_launches to None, run_after=None
[2026-08-06T08:21:05.817+0000] {processor.py:208} INFO - Processing /opt/airflow/dags/bash_python.py took 0.099 seconds
[2026-08-06T08:21:35.998+0000] {processor.py:186} INFO - Started process (PID=780) to work on /opt/airflow/dags/bash_python.py
[2026-08-06T08:21:35.999+0000] {processor.py:914} INFO - Processing file /opt/airflow/dags/bash_python.py for tasks to queue
[2026-08-06T08:21:36.001+0000] {logging_mixin.py:190} INFO - [2026-08-06T08:21:36.001+0000] {dagbag.py:588} INFO - Filling up the DagBag from /opt/airflow/dags/bash_python.py
[2026-08-06T08:21:36.014+0000] {processor.py:925} INFO - DAG(s) 'download_rocket_launches' retrieved from /opt/airflow/dags/bash_python.py
[2026-08-06T08:21:36.034+0000] {logging_mixin.py:190} INFO - [2026-08-06T08:21:36.034+0000] {dag.py:3239} INFO - Sync 1 DAGs
[2026-08-06T08:21:36.045+0000] {logging_mixin.py:190} INFO - [2026-08-06T08:21:36.045+0000] {dag.py:4180} INFO - Setting next_dagrun for download_rocket_launches to None, run_after=None
[2026-08-06T08:21:36.062+0000] {processor.py:208} INFO - Processing /opt/airflow/dags/bash_python.py took 0.068 seconds
[2026-08-06T08:22:06.194+0000] {processor.py:186} INFO - Started process (PID=785) to work on /opt/airflow/dags/bash_python.py
[2026-08-06T08:22:06.195+0000] {processor.py:914} INFO - Processing file /opt/airflow/dags/bash_python.py for tasks to queue
[2026-08-06T08:22:06.197+0000] {logging_mixin.py:190} INFO - [2026-08-06T08:22:06.197+0000] {dagbag.py:588} INFO - Filling up the DagBag from /opt/airflow/dags/bash_python.py
[2026-08-06T08:22:06.213+0000] {processor.py:925} INFO - DAG(s) 'download_rocket_launches' retrieved from /opt/airflow/dags/bash_python.py
[2026-08-06T08:22:06.236+0000] {logging_mixin.py:190} INFO - [2026-08-06T08:22:06.236+0000] {dag.py:3239} INFO - Sync 1 DAGs
[2026-08-06T08:22:06.247+0000] {logging_mixin.py:190} INFO - [2026-08-06T08:22:06.247+0000] {dag.py:4180} INFO - Setting next_dagrun for download_rocket_launches to None, run_after=None
[2026-08-06T08:22:06.264+0000] {processor.py:208} INFO - Processing /opt/airflow/dags/bash_python.py took 0.075 seconds
[2026-08-06T08:22:36.463+0000] {processor.py:186} INFO - Started process (PID=790) to work on /opt/airflow/dags/bash_python.py
[2026-08-06T08:22:36.464+0000] {processor.py:914} INFO - Processing file /opt/airflow/dags/bash_python.py for tasks to queue
[2026-08-06T08:22:36.466+0000] {logging_mixin.py:190} INFO - [2026-08-06T08:22:36.466+0000] {dagbag.py:588} INFO - Filling up the DagBag from /opt/airflow/dags/bash_python.py
[2026-08-06T08:22:36.479+0000] {processor.py:925} INFO - DAG(s) 'download_rocket_launches' retrieved from /opt/airflow/dags/bash_python.py
[2026-08-06T08:22:36.500+0000] {logging_mixin.py:190} INFO - [2026-08-06T08:22:36.499+0000] {dag.py:3239} INFO - Sync 1 DAGs
[2026-08-06T08:22:36.512+0000] {logging_mixin.py:190} INFO - [2026-08-06T08:22:36.512+0000] {dag.py:4180} INFO - Setting next_dagrun for download_rocket_launches to None, run_after=None
[2026-08-06T08:22:36.529+0000] {processor.py:208} INFO - Processing /opt/airflow/dags/bash_python.py took 0.070 seconds
[2026-08-06T08:23:06.654+0000] {processor.py:186} INFO - Started process (PID=795) to work on /opt/airflow/dags/bash_python.py
[2026-08-06T08:23:06.655+0000] {processor.py:914} INFO - Processing file /opt/airflow/dags/bash_python.py for tasks to queue
[2026-08-06T08:23:06.657+0000] {logging_mixin.py:190} INFO - [2026-08-06T08:23:06.657+0000] {dagbag.py:588} INFO - Filling up the DagBag from /opt/airflow/dags/bash_python.py
[2026-08-06T08:23:06.670+0000] {processor.py:925} INFO - DAG(s) 'download_rocket_launches' retrieved from /opt/airflow/dags/bash_python.py
[2026-08-06T08:23:06.691+0000] {logging_mixin.py:190} INFO - [2026-08-06T08:23:06.691+0000] {dag.py:3239} INFO - Sync 1 DAGs
[2026-08-06T08:23:06.702+0000] {logging_mixin.py:190} INFO - [2026-08-06T08:23:06.701+0000] {dag.py:4180} INFO - Setting next_dagrun for download_rocket_launches to None, run_after=None
[2026-08-06T08:23:06.716+0000] {processor.py:208} INFO - Processing /opt/airflow/dags/bash_python.py took 0.065 seconds
[2026-08-06T08:23:36.902+0000] {processor.py:186} INFO - Started process (PID=800) to work on /opt/airflow/dags/bash_python.py
[2026-08-06T08:23:36.902+0000] {processor.py:914} INFO - Processing file /opt/airflow/dags/bash_python.py for tasks to queue
[2026-08-06T08:23:36.904+0000] {logging_mixin.py:190} INFO - [2026-08-06T08:23:36.904+0000] {dagbag.py:588} INFO - Filling up the DagBag from /opt/airflow/dags/bash_python.py
[2026-08-06T08:23:36.917+0000] {processor.py:925} INFO - DAG(s) 'download_rocket_launches' retrieved from /opt/airflow/dags/bash_python.py
[2026-08-06T08:23:36.938+0000] {logging_mixin.py:190} INFO - [2026-08-06T08:23:36.938+0000] {dag.py:3239} INFO - Sync 1 DAGs
[2026-08-06T08:23:36.948+0000] {logging_mixin.py:190} INFO - [2026-08-06T08:23:36.948+0000] {dag.py:4180} INFO - Setting next_dagrun for download_rocket_launches to None, run_after=None
[2026-08-06T08:23:36.963+0000] {processor.py:208} INFO - Processing /opt/airflow/dags/bash_python.py took 0.065 seconds
[2026-08-06T08:24:07.097+0000] {processor.py:186} INFO - Started process (PID=805) to work on /opt/airflow/dags/bash_python.py
[2026-08-06T08:24:07.099+0000] {processor.py:914} INFO - Processing file /opt/airflow/dags/bash_python.py for tasks to queue
[2026-08-06T08:24:07.105+0000] {logging_mixin.py:190} INFO - [2026-08-06T08:24:07.105+0000] {dagbag.py:588} INFO - Filling up the DagBag from /opt/airflow/dags/bash_python.py
[2026-08-06T08:24:07.123+0000] {processor.py:925} INFO - DAG(s) 'download_rocket_launches' retrieved from /opt/airflow/dags/bash_python.py
[2026-08-06T08:24:07.146+0000] {logging_mixin.py:190} INFO - [2026-08-06T08:24:07.146+0000] {dag.py:3239} INFO - Sync 1 DAGs
[2026-08-06T08:24:07.159+0000] {logging_mixin.py:190} INFO - [2026-08-06T08:24:07.158+0000] {dag.py:4180} INFO - Setting next_dagrun for download_rocket_launches to None, run_after=None
[2026-08-06T08:24:07.172+0000] {processor.py:208} INFO - Processing /opt/airflow/dags/bash_python.py took 0.079 seconds
[2026-08-06T08:24:37.331+0000] {processor.py:186} INFO - Started process (PID=810) to work on /opt/airflow/dags/bash_python.py
[2026-08-06T08:24:37.332+0000] {processor.py:914} INFO - Processing file /opt/airflow/dags/bash_python.py for tasks to queue
[2026-08-06T08:24:37.335+0000] {logging_mixin.py:190} INFO - [2026-08-06T08:24:37.334+0000] {dagbag.py:588} INFO - Filling up the DagBag from /opt/airflow/dags/bash_python.py
[2026-08-06T08:24:37.347+0000] {processor.py:925} INFO - DAG(s) 'download_rocket_launches' retrieved from /opt/airflow/dags/bash_python.py
[2026-08-06T08:24:37.370+0000] {logging_mixin.py:190} INFO - [2026-08-06T08:24:37.369+0000] {dag.py:3239} INFO - Sync 1 DAGs
[2026-08-06T08:24:37.382+0000] {logging_mixin.py:190} INFO - [2026-08-06T08:24:37.382+0000] {dag.py:4180} INFO - Setting next_dagrun for download_rocket_launches to None, run_after=None
[2026-08-06T08:24:37.403+0000] {processor.py:208} INFO - Processing /opt/airflow/dags/bash_python.py took 0.076 seconds
[2026-08-06T08:25:07.572+0000] {processor.py:186} INFO - Started process (PID=815) to work on /opt/airflow/dags/bash_python.py
[2026-08-06T08:25:07.573+0000] {processor.py:914} INFO - Processing file /opt/airflow/dags/bash_python.py for tasks to queue
[2026-08-06T08:25:07.576+0000] {logging_mixin.py:190} INFO - [2026-08-06T08:25:07.576+0000] {dagbag.py:588} INFO - Filling up the DagBag from /opt/airflow/dags/bash_python.py
[2026-08-06T08:25:07.593+0000] {processor.py:925} INFO - DAG(s) 'download_rocket_launches' retrieved from /opt/airflow/dags/bash_python.py
[2026-08-06T08:25:07.615+0000] {logging_mixin.py:190} INFO - [2026-08-06T08:25:07.615+0000] {dag.py:3239} INFO - Sync 1 DAGs
[2026-08-06T08:25:07.626+0000] {logging_mixin.py:190} INFO - [2026-08-06T08:25:07.626+0000] {dag.py:4180} INFO - Setting next_dagrun for download_rocket_launches to None, run_after=None
[2026-08-06T08:25:07.642+0000] {processor.py:208} INFO - Processing /opt/airflow/dags/bash_python.py took 0.076 seconds
[2026-08-06T08:25:37.833+0000] {processor.py:186} INFO - Started process (PID=820) to work on /opt/airflow/dags/bash_python.py
[2026-08-06T08:25:37.834+0000] {processor.py:914} INFO - Processing file /opt/airflow/dags/bash_python.py for tasks to queue
[2026-08-06T08:25:37.836+0000] {logging_mixin.py:190} INFO - [2026-08-06T08:25:37.836+0000] {dagbag.py:588} INFO - Filling up the DagBag from /opt/airflow/dags/bash_python.py
[2026-08-06T08:25:37.853+0000] {processor.py:925} INFO - DAG(s) 'download_rocket_launches' retrieved from /opt/airflow/dags/bash_python.py
[2026-08-06T08:25:37.877+0000] {logging_mixin.py:190} INFO - [2026-08-06T08:25:37.877+0000] {dag.py:3239} INFO - Sync 1 DAGs
[2026-08-06T08:25:37.890+0000] {logging_mixin.py:190} INFO - [2026-08-06T08:25:37.890+0000] {dag.py:4180} INFO - Setting next_dagrun for download_rocket_launches to None, run_after=None
[2026-08-06T08:25:37.909+0000] {processor.py:208} INFO - Processing /opt/airflow/dags/bash_python.py took 0.081 seconds
[2026-08-06T08:26:08.056+0000] {processor.py:186} INFO - Started process (PID=825) to work on /opt/airflow/dags/bash_python.py
[2026-08-06T08:26:08.057+0000] {processor.py:914} INFO - Processing file /opt/airflow/dags/bash_python.py for tasks to queue
[2026-08-06T08:26:08.060+0000] {logging_mixin.py:190} INFO - [2026-08-06T08:26:08.059+0000] {dagbag.py:588} INFO - Filling up the DagBag from /opt/airflow/dags/bash_python.py
[2026-08-06T08:26:08.073+0000] {processor.py:925} INFO - DAG(s) 'download_rocket_launches' retrieved from /opt/airflow/dags/bash_python.py
[2026-08-06T08:26:08.098+0000] {logging_mixin.py:190} INFO - [2026-08-06T08:26:08.098+0000] {dag.py:3239} INFO - Sync 1 DAGs
[2026-08-06T08:26:08.111+0000] {logging_mixin.py:190} INFO - [2026-08-06T08:26:08.111+0000] {dag.py:4180} INFO - Setting next_dagrun for download_rocket_launches to None, run_after=None
[2026-08-06T08:26:08.132+0000] {processor.py:208} INFO - Processing /opt/airflow/dags/bash_python.py took 0.080 seconds
[2026-08-06T08:26:38.307+0000] {processor.py:186} INFO - Started process (PID=830) to work on /opt/airflow/dags/bash_python.py
[2026-08-06T08:26:38.308+0000] {processor.py:914} INFO - Processing file /opt/airflow/dags/bash_python.py for tasks to queue
[2026-08-06T08:26:38.311+0000] {logging_mixin.py:190} INFO - [2026-08-06T08:26:38.310+0000] {dagbag.py:588} INFO - Filling up the DagBag from /opt/airflow/dags/bash_python.py
[2026-08-06T08:26:38.324+0000] {processor.py:925} INFO - DAG(s) 'download_rocket_launches' retrieved from /opt/airflow/dags/bash_python.py
[2026-08-06T08:26:38.344+0000] {logging_mixin.py:190} INFO - [2026-08-06T08:26:38.344+0000] {dag.py:3239} INFO - Sync 1 DAGs
[2026-08-06T08:26:38.355+0000] {logging_mixin.py:190} INFO - [2026-08-06T08:26:38.355+0000] {dag.py:4180} INFO - Setting next_dagrun for download_rocket_launches to None, run_after=None
[2026-08-06T08:26:38.373+0000] {processor.py:208} INFO - Processing /opt/airflow/dags/bash_python.py took 0.069 seconds
[2026-08-06T08:27:08.526+0000] {processor.py:186} INFO - Started process (PID=835) to work on /opt/airflow/dags/bash_python.py
[2026-08-06T08:27:08.527+0000] {processor.py:914} INFO - Processing file /opt/airflow/dags/bash_python.py for tasks to queue
[2026-08-06T08:27:08.530+0000] {logging_mixin.py:190} INFO - [2026-08-06T08:27:08.529+0000] {dagbag.py:588} INFO - Filling up the DagBag from /opt/airflow/dags/bash_python.py
[2026-08-06T08:27:08.544+0000] {processor.py:925} INFO - DAG(s) 'download_rocket_launches' retrieved from /opt/airflow/dags/bash_python.py
[2026-08-06T08:27:08.568+0000] {logging_mixin.py:190} INFO - [2026-08-06T08:27:08.568+0000] {dag.py:3239} INFO - Sync 1 DAGs
[2026-08-06T08:27:08.580+0000] {logging_mixin.py:190} INFO - [2026-08-06T08:27:08.580+0000] {dag.py:4180} INFO - Setting next_dagrun for download_rocket_launches to None, run_after=None
[2026-08-06T08:27:08.596+0000] {processor.py:208} INFO - Processing /opt/airflow/dags/bash_python.py took 0.075 seconds
[2026-08-06T08:27:38.730+0000] {processor.py:186} INFO - Started process (PID=840) to work on /opt/airflow/dags/bash_python.py
[2026-08-06T08:27:38.731+0000] {processor.py:914} INFO - Processing file /opt/airflow/dags/bash_python.py for tasks to queue
[2026-08-06T08:27:38.733+0000] {logging_mixin.py:190} INFO - [2026-08-06T08:27:38.733+0000] {dagbag.py:588} INFO - Filling up the DagBag from /opt/airflow/dags/bash_python.py
[2026-08-06T08:27:38.745+0000] {processor.py:925} INFO - DAG(s) 'download_rocket_launches' retrieved from /opt/airflow/dags/bash_python.py
[2026-08-06T08:27:38.767+0000] {logging_mixin.py:190} INFO - [2026-08-06T08:27:38.767+0000] {dag.py:3239} INFO - Sync 1 DAGs
[2026-08-06T08:27:38.777+0000] {logging_mixin.py:190} INFO - [2026-08-06T08:27:38.777+0000] {dag.py:4180} INFO - Setting next_dagrun for download_rocket_launches to None, run_after=None
[2026-08-06T08:27:38.791+0000] {processor.py:208} INFO - Processing /opt/airflow/dags/bash_python.py took 0.065 seconds
[2026-08-06T08:28:08.944+0000] {processor.py:186} INFO - Started process (PID=845) to work on /opt/airflow/dags/bash_python.py
[2026-08-06T08:28:08.945+0000] {processor.py:914} INFO - Processing file /opt/airflow/dags/bash_python.py for tasks to queue
[2026-08-06T08:28:08.947+0000] {logging_mixin.py:190} INFO - [2026-08-06T08:28:08.947+0000] {dagbag.py:588} INFO - Filling up the DagBag from /opt/airflow/dags/bash_python.py
[2026-08-06T08:28:08.959+0000] {processor.py:925} INFO - DAG(s) 'download_rocket_launches' retrieved from /opt/airflow/dags/bash_python.py
[2026-08-06T08:28:08.979+0000] {logging_mixin.py:190} INFO - [2026-08-06T08:28:08.979+0000] {dag.py:3239} INFO - Sync 1 DAGs
[2026-08-06T08:28:08.990+0000] {logging_mixin.py:190} INFO - [2026-08-06T08:28:08.989+0000] {dag.py:4180} INFO - Setting next_dagrun for download_rocket_launches to None, run_after=None
[2026-08-06T08:28:09.007+0000] {processor.py:208} INFO - Processing /opt/airflow/dags/bash_python.py took 0.067 seconds
[2026-08-06T08:28:39.159+0000] {processor.py:186} INFO - Started process (PID=850) to work on /opt/airflow/dags/bash_python.py
[2026-08-06T08:28:39.160+0000] {processor.py:914} INFO - Processing file /opt/airflow/dags/bash_python.py for tasks to queue
[2026-08-06T08:28:39.161+0000] {logging_mixin.py:190} INFO - [2026-08-06T08:28:39.161+0000] {dagbag.py:588} INFO - Filling up the DagBag from /opt/airflow/dags/bash_python.py
[2026-08-06T08:28:39.176+0000] {processor.py:925} INFO - DAG(s) 'download_rocket_launches' retrieved from /opt/airflow/dags/bash_python.py
[2026-08-06T08:28:39.206+0000] {logging_mixin.py:190} INFO - [2026-08-06T08:28:39.206+0000] {dag.py:3239} INFO - Sync 1 DAGs
[2026-08-06T08:28:39.217+0000] {logging_mixin.py:190} INFO - [2026-08-06T08:28:39.217+0000] {dag.py:4180} INFO - Setting next_dagrun for download_rocket_launches to None, run_after=None
[2026-08-06T08:28:39.238+0000] {processor.py:208} INFO - Processing /opt/airflow/dags/bash_python.py took 0.083 seconds
[2026-08-06T08:29:09.389+0000] {processor.py:186} INFO - Started process (PID=855) to work on /opt/airflow/dags/bash_python.py
[2026-08-06T08:29:09.390+0000] {processor.py:914} INFO - Processing file /opt/airflow/dags/bash_python.py for tasks to queue
[2026-08-06T08:29:09.392+0000] {logging_mixin.py:190} INFO - [2026-08-06T08:29:09.392+0000] {dagbag.py:588} INFO - Filling up the DagBag from /opt/airflow/dags/bash_python.py
[2026-08-06T08:29:09.405+0000] {processor.py:925} INFO - DAG(s) 'download_rocket_launches' retrieved from /opt/airflow/dags/bash_python.py
[2026-08-06T08:29:09.429+0000] {logging_mixin.py:190} INFO - [2026-08-06T08:29:09.429+0000] {dag.py:3239} INFO - Sync 1 DAGs
[2026-08-06T08:29:09.442+0000] {logging_mixin.py:190} INFO - [2026-08-06T08:29:09.441+0000] {dag.py:4180} INFO - Setting next_dagrun for download_rocket_launches to None, run_after=None
[2026-08-06T08:29:09.461+0000] {processor.py:208} INFO - Processing /opt/airflow/dags/bash_python.py took 0.077 seconds
[2026-08-06T08:29:39.639+0000] {processor.py:186} INFO - Started process (PID=860) to work on /opt/airflow/dags/bash_python.py
[2026-08-06T08:29:39.640+0000] {processor.py:914} INFO - Processing file /opt/airflow/dags/bash_python.py for tasks to queue
[2026-08-06T08:29:39.643+0000] {logging_mixin.py:190} INFO - [2026-08-06T08:29:39.643+0000] {dagbag.py:588} INFO - Filling up the DagBag from /opt/airflow/dags/bash_python.py
[2026-08-06T08:29:39.656+0000] {processor.py:925} INFO - DAG(s) 'download_rocket_launches' retrieved from /opt/airflow/dags/bash_python.py
[2026-08-06T08:29:39.684+0000] {logging_mixin.py:190} INFO - [2026-08-06T08:29:39.684+0000] {dag.py:3239} INFO - Sync 1 DAGs
[2026-08-06T08:29:39.698+0000] {logging_mixin.py:190} INFO - [2026-08-06T08:29:39.697+0000] {dag.py:4180} INFO - Setting next_dagrun for download_rocket_launches to None, run_after=None
[2026-08-06T08:29:39.720+0000] {processor.py:208} INFO - Processing /opt/airflow/dags/bash_python.py took 0.087 seconds
[2026-08-06T08:30:09.849+0000] {processor.py:186} INFO - Started process (PID=865) to work on /opt/airflow/dags/bash_python.py
[2026-08-06T08:30:09.851+0000] {processor.py:914} INFO - Processing file /opt/airflow/dags/bash_python.py for tasks to queue
[2026-08-06T08:30:09.854+0000] {logging_mixin.py:190} INFO - [2026-08-06T08:30:09.854+0000] {dagbag.py:588} INFO - Filling up the DagBag from /opt/airflow/dags/bash_python.py
[2026-08-06T08:30:09.870+0000] {processor.py:925} INFO - DAG(s) 'download_rocket_launches' retrieved from /opt/airflow/dags/bash_python.py
[2026-08-06T08:30:09.904+0000] {logging_mixin.py:190} INFO - [2026-08-06T08:30:09.904+0000] {dag.py:3239} INFO - Sync 1 DAGs
[2026-08-06T08:30:09.919+0000] {logging_mixin.py:190} INFO - [2026-08-06T08:30:09.919+0000] {dag.py:4180} INFO - Setting next_dagrun for download_rocket_launches to None, run_after=None
[2026-08-06T08:30:09.942+0000] {processor.py:208} INFO - Processing /opt/airflow/dags/bash_python.py took 0.099 seconds
[2026-08-06T08:30:40.134+0000] {processor.py:186} INFO - Started process (PID=870) to work on /opt/airflow/dags/bash_python.py
[2026-08-06T08:30:40.135+0000] {processor.py:914} INFO - Processing file /opt/airflow/dags/bash_python.py for tasks to queue
[2026-08-06T08:30:40.137+0000] {logging_mixin.py:190} INFO - [2026-08-06T08:30:40.137+0000] {dagbag.py:588} INFO - Filling up the DagBag from /opt/airflow/dags/bash_python.py
[2026-08-06T08:30:40.150+0000] {processor.py:925} INFO - DAG(s) 'download_rocket_launches' retrieved from /opt/airflow/dags/bash_python.py
[2026-08-06T08:30:40.171+0000] {logging_mixin.py:190} INFO - [2026-08-06T08:30:40.171+0000] {dag.py:3239} INFO - Sync 1 DAGs
[2026-08-06T08:30:40.182+0000] {logging_mixin.py:190} INFO - [2026-08-06T08:30:40.181+0000] {dag.py:4180} INFO - Setting next_dagrun for download_rocket_launches to None, run_after=None
[2026-08-06T08:30:40.195+0000] {processor.py:208} INFO - Processing /opt/airflow/dags/bash_python.py took 0.065 seconds
[2026-08-06T08:31:10.360+0000] {processor.py:186} INFO - Started process (PID=875) to work on /opt/airflow/dags/bash_python.py
[2026-08-06T08:31:10.361+0000] {processor.py:914} INFO - Processing file /opt/airflow/dags/bash_python.py for tasks to queue
[2026-08-06T08:31:10.364+0000] {logging_mixin.py:190} INFO - [2026-08-06T08:31:10.364+0000] {dagbag.py:588} INFO - Filling up the DagBag from /opt/airflow/dags/bash_python.py
[2026-08-06T08:31:10.380+0000] {processor.py:925} INFO - DAG(s) 'download_rocket_launches' retrieved from /opt/airflow/dags/bash_python.py
[2026-08-06T08:31:10.410+0000] {logging_mixin.py:190} INFO - [2026-08-06T08:31:10.409+0000] {dag.py:3239} INFO - Sync 1 DAGs
[2026-08-06T08:31:10.423+0000] {logging_mixin.py:190} INFO - [2026-08-06T08:31:10.423+0000] {dag.py:4180} INFO - Setting next_dagrun for download_rocket_launches to None, run_after=None
[2026-08-06T08:31:10.442+0000] {processor.py:208} INFO - Processing /opt/airflow/dags/bash_python.py took 0.089 seconds
[2026-08-06T08:31:40.585+0000] {processor.py:186} INFO - Started process (PID=880) to work on /opt/airflow/dags/bash_python.py
[2026-08-06T08:31:40.586+0000] {processor.py:914} INFO - Processing file /opt/airflow/dags/bash_python.py for tasks to queue
[2026-08-06T08:31:40.588+0000] {logging_mixin.py:190} INFO - [2026-08-06T08:31:40.588+0000] {dagbag.py:588} INFO - Filling up the DagBag from /opt/airflow/dags/bash_python.py
[2026-08-06T08:31:40.601+0000] {processor.py:925} INFO - DAG(s) 'download_rocket_launches' retrieved from /opt/airflow/dags/bash_python.py
[2026-08-06T08:31:40.621+0000] {logging_mixin.py:190} INFO - [2026-08-06T08:31:40.621+0000] {dag.py:3239} INFO - Sync 1 DAGs
[2026-08-06T08:31:40.633+0000] {logging_mixin.py:190} INFO - [2026-08-06T08:31:40.633+0000] {dag.py:4180} INFO - Setting next_dagrun for download_rocket_launches to None, run_after=None
[2026-08-06T08:31:40.652+0000] {processor.py:208} INFO - Processing /opt/airflow/dags/bash_python.py took 0.071 seconds
[2026-08-06T08:32:10.833+0000] {processor.py:186} INFO - Started process (PID=885) to work on /opt/airflow/dags/bash_python.py
[2026-08-06T08:32:10.834+0000] {processor.py:914} INFO - Processing file /opt/airflow/dags/bash_python.py for tasks to queue
[2026-08-06T08:32:10.836+0000] {logging_mixin.py:190} INFO - [2026-08-06T08:32:10.835+0000] {dagbag.py:588} INFO - Filling up the DagBag from /opt/airflow/dags/bash_python.py
[2026-08-06T08:32:10.849+0000] {processor.py:925} INFO - DAG(s) 'download_rocket_launches' retrieved from /opt/airflow/dags/bash_python.py
[2026-08-06T08:32:10.870+0000] {logging_mixin.py:190} INFO - [2026-08-06T08:32:10.869+0000] {dag.py:3239} INFO - Sync 1 DAGs
[2026-08-06T08:32:10.880+0000] {logging_mixin.py:190} INFO - [2026-08-06T08:32:10.880+0000] {dag.py:4180} INFO - Setting next_dagrun for download_rocket_launches to None, run_after=None
[2026-08-06T08:32:10.894+0000] {processor.py:208} INFO - Processing /opt/airflow/dags/bash_python.py took 0.065 seconds
[2026-08-06T08:32:41.027+0000] {processor.py:186} INFO - Started process (PID=890) to work on /opt/airflow/dags/bash_python.py
[2026-08-06T08:32:41.028+0000] {processor.py:914} INFO - Processing file /opt/airflow/dags/bash_python.py for tasks to queue
[2026-08-06T08:32:41.030+0000] {logging_mixin.py:190} INFO - [2026-08-06T08:32:41.030+0000] {dagbag.py:588} INFO - Filling up the DagBag from /opt/airflow/dags/bash_python.py
[2026-08-06T08:32:41.043+0000] {processor.py:925} INFO - DAG(s) 'download_rocket_launches' retrieved from /opt/airflow/dags/bash_python.py
[2026-08-06T08:32:41.064+0000] {logging_mixin.py:190} INFO - [2026-08-06T08:32:41.064+0000] {dag.py:3239} INFO - Sync 1 DAGs
[2026-08-06T08:32:41.075+0000] {logging_mixin.py:190} INFO - [2026-08-06T08:32:41.075+0000] {dag.py:4180} INFO - Setting next_dagrun for download_rocket_launches to None, run_after=None
[2026-08-06T08:32:41.092+0000] {processor.py:208} INFO - Processing /opt/airflow/dags/bash_python.py took 0.069 seconds
[2026-08-06T08:33:11.261+0000] {processor.py:186} INFO - Started process (PID=895) to work on /opt/airflow/dags/bash_python.py
[2026-08-06T08:33:11.262+0000] {processor.py:914} INFO - Processing file /opt/airflow/dags/bash_python.py for tasks to queue
[2026-08-06T08:33:11.264+0000] {logging_mixin.py:190} INFO - [2026-08-06T08:33:11.264+0000] {dagbag.py:588} INFO - Filling up the DagBag from /opt/airflow/dags/bash_python.py
[2026-08-06T08:33:11.277+0000] {processor.py:925} INFO - DAG(s) 'download_rocket_launches' retrieved from /opt/airflow/dags/bash_python.py
[2026-08-06T08:33:11.299+0000] {logging_mixin.py:190} INFO - [2026-08-06T08:33:11.299+0000] {dag.py:3239} INFO - Sync 1 DAGs
[2026-08-06T08:33:11.309+0000] {logging_mixin.py:190} INFO - [2026-08-06T08:33:11.309+0000] {dag.py:4180} INFO - Setting next_dagrun for download_rocket_launches to None, run_after=None
[2026-08-06T08:33:11.327+0000] {processor.py:208} INFO - Processing /opt/airflow/dags/bash_python.py took 0.070 seconds
[2026-08-06T08:33:41.451+0000] {processor.py:186} INFO - Started process (PID=900) to work on /opt/airflow/dags/bash_python.py
[2026-08-06T08:33:41.452+0000] {processor.py:914} INFO - Processing file /opt/airflow/dags/bash_python.py for tasks to queue
[2026-08-06T08:33:41.454+0000] {logging_mixin.py:190} INFO - [2026-08-06T08:33:41.453+0000] {dagbag.py:588} INFO - Filling up the DagBag from /opt/airflow/dags/bash_python.py
[2026-08-06T08:33:41.467+0000] {processor.py:925} INFO - DAG(s) 'download_rocket_launches' retrieved from /opt/airflow/dags/bash_python.py
[2026-08-06T08:33:41.488+0000] {logging_mixin.py:190} INFO - [2026-08-06T08:33:41.488+0000] {dag.py:3239} INFO - Sync 1 DAGs
[2026-08-06T08:33:41.498+0000] {logging_mixin.py:190} INFO - [2026-08-06T08:33:41.498+0000] {dag.py:4180} INFO - Setting next_dagrun for download_rocket_launches to None, run_after=None
[2026-08-06T08:33:41.512+0000] {processor.py:208} INFO - Processing /opt/airflow/dags/bash_python.py took 0.065 seconds
[2026-08-06T08:34:11.698+0000] {processor.py:186} INFO - Started process (PID=905) to work on /opt/airflow/dags/bash_python.py
[2026-08-06T08:34:11.700+0000] {processor.py:914} INFO - Processing file /opt/airflow/dags/bash_python.py for tasks to queue
[2026-08-06T08:34:11.703+0000] {logging_mixin.py:190} INFO - [2026-08-06T08:34:11.703+0000] {dagbag.py:588} INFO - Filling up the DagBag from /opt/airflow/dags/bash_python.py
[2026-08-06T08:34:11.719+0000] {processor.py:925} INFO - DAG(s) 'download_rocket_launches' retrieved from /opt/airflow/dags/bash_python.py
[2026-08-06T08:34:11.752+0000] {logging_mixin.py:190} INFO - [2026-08-06T08:34:11.752+0000] {dag.py:3239} INFO - Sync 1 DAGs
[2026-08-06T08:34:11.767+0000] {logging_mixin.py:190} INFO - [2026-08-06T08:34:11.767+0000] {dag.py:4180} INFO - Setting next_dagrun for download_rocket_launches to None, run_after=None
[2026-08-06T08:34:11.791+0000] {processor.py:208} INFO - Processing /opt/airflow/dags/bash_python.py took 0.098 seconds
[2026-08-06T08:34:41.892+0000] {processor.py:186} INFO - Started process (PID=910) to work on /opt/airflow/dags/bash_python.py
[2026-08-06T08:34:41.893+0000] {processor.py:914} INFO - Processing file /opt/airflow/dags/bash_python.py for tasks to queue
[2026-08-06T08:34:41.895+0000] {logging_mixin.py:190} INFO - [2026-08-06T08:34:41.895+0000] {dagbag.py:588} INFO - Filling up the DagBag from /opt/airflow/dags/bash_python.py
[2026-08-06T08:34:41.908+0000] {processor.py:925} INFO - DAG(s) 'download_rocket_launches' retrieved from /opt/airflow/dags/bash_python.py
[2026-08-06T08:34:41.929+0000] {logging_mixin.py:190} INFO - [2026-08-06T08:34:41.929+0000] {dag.py:3239} INFO - Sync 1 DAGs
[2026-08-06T08:34:41.940+0000] {logging_mixin.py:190} INFO - [2026-08-06T08:34:41.939+0000] {dag.py:4180} INFO - Setting next_dagrun for download_rocket_launches to None, run_after=None
[2026-08-06T08:34:41.958+0000] {processor.py:208} INFO - Processing /opt/airflow/dags/bash_python.py took 0.070 seconds
[2026-08-06T08:35:12.162+0000] {processor.py:186} INFO - Started process (PID=915) to work on /opt/airflow/dags/bash_python.py
[2026-08-06T08:35:12.163+0000] {processor.py:914} INFO - Processing file /opt/airflow/dags/bash_python.py for tasks to queue
[2026-08-06T08:35:12.165+0000] {logging_mixin.py:190} INFO - [2026-08-06T08:35:12.165+0000] {dagbag.py:588} INFO - Filling up the DagBag from /opt/airflow/dags/bash_python.py
[2026-08-06T08:35:12.178+0000] {processor.py:925} INFO - DAG(s) 'download_rocket_launches' retrieved from /opt/airflow/dags/bash_python.py
[2026-08-06T08:35:12.199+0000] {logging_mixin.py:190} INFO - [2026-08-06T08:35:12.198+0000] {dag.py:3239} INFO - Sync 1 DAGs
[2026-08-06T08:35:12.209+0000] {logging_mixin.py:190} INFO - [2026-08-06T08:35:12.209+0000] {dag.py:4180} INFO - Setting next_dagrun for download_rocket_launches to None, run_after=None
[2026-08-06T08:35:12.226+0000] {processor.py:208} INFO - Processing /opt/airflow/dags/bash_python.py took 0.068 seconds
[2026-08-06T08:35:42.357+0000] {processor.py:186} INFO - Started process (PID=920) to work on /opt/airflow/dags/bash_python.py
[2026-08-06T08:35:42.359+0000] {processor.py:914} INFO - Processing file /opt/airflow/dags/bash_python.py for tasks to queue
[2026-08-06T08:35:42.361+0000] {logging_mixin.py:190} INFO - [2026-08-06T08:35:42.360+0000] {dagbag.py:588} INFO - Filling up the DagBag from /opt/airflow/dags/bash_python.py
[2026-08-06T08:35:42.373+0000] {processor.py:925} INFO - DAG(s) 'download_rocket_launches' retrieved from /opt/airflow/dags/bash_python.py
[2026-08-06T08:35:42.395+0000] {logging_mixin.py:190} INFO - [2026-08-06T08:35:42.394+0000] {dag.py:3239} INFO - Sync 1 DAGs
[2026-08-06T08:35:42.405+0000] {logging_mixin.py:190} INFO - [2026-08-06T08:35:42.404+0000] {dag.py:4180} INFO - Setting next_dagrun for download_rocket_launches to None, run_after=None
[2026-08-06T08:35:42.423+0000] {processor.py:208} INFO - Processing /opt/airflow/dags/bash_python.py took 0.069 seconds
[2026-08-06T08:36:12.606+0000] {processor.py:186} INFO - Started process (PID=925) to work on /opt/airflow/dags/bash_python.py
[2026-08-06T08:36:12.607+0000] {processor.py:914} INFO - Processing file /opt/airflow/dags/bash_python.py for tasks to queue
[2026-08-06T08:36:12.611+0000] {logging_mixin.py:190} INFO - [2026-08-06T08:36:12.610+0000] {dagbag.py:588} INFO - Filling up the DagBag from /opt/airflow/dags/bash_python.py
[2026-08-06T08:36:12.628+0000] {processor.py:925} INFO - DAG(s) 'download_rocket_launches' retrieved from /opt/airflow/dags/bash_python.py
[2026-08-06T08:36:12.659+0000] {logging_mixin.py:190} INFO - [2026-08-06T08:36:12.658+0000] {dag.py:3239} INFO - Sync 1 DAGs
[2026-08-06T08:36:12.675+0000] {logging_mixin.py:190} INFO - [2026-08-06T08:36:12.675+0000] {dag.py:4180} INFO - Setting next_dagrun for download_rocket_launches to None, run_after=None
[2026-08-06T08:36:12.693+0000] {processor.py:208} INFO - Processing /opt/airflow/dags/bash_python.py took 0.093 seconds
[2026-08-06T08:36:42.820+0000] {processor.py:186} INFO - Started process (PID=930) to work on /opt/airflow/dags/bash_python.py
[2026-08-06T08:36:42.822+0000] {processor.py:914} INFO - Processing file /opt/airflow/dags/bash_python.py for tasks to queue
[2026-08-06T08:36:42.825+0000] {logging_mixin.py:190} INFO - [2026-08-06T08:36:42.825+0000] {dagbag.py:588} INFO - Filling up the DagBag from /opt/airflow/dags/bash_python.py
[2026-08-06T08:36:42.840+0000] {processor.py:925} INFO - DAG(s) 'download_rocket_launches' retrieved from /opt/airflow/dags/bash_python.py
[2026-08-06T08:36:42.865+0000] {logging_mixin.py:190} INFO - [2026-08-06T08:36:42.865+0000] {dag.py:3239} INFO - Sync 1 DAGs
[2026-08-06T08:36:42.877+0000] {logging_mixin.py:190} INFO - [2026-08-06T08:36:42.877+0000] {dag.py:4180} INFO - Setting next_dagrun for download_rocket_launches to None, run_after=None
[2026-08-06T08:36:42.895+0000] {processor.py:208} INFO - Processing /opt/airflow/dags/bash_python.py took 0.081 seconds
[2026-08-06T08:37:13.132+0000] {processor.py:186} INFO - Started process (PID=935) to work on /opt/airflow/dags/bash_python.py
[2026-08-06T08:37:13.134+0000] {processor.py:914} INFO - Processing file /opt/airflow/dags/bash_python.py for tasks to queue
[2026-08-06T08:37:13.136+0000] {logging_mixin.py:190} INFO - [2026-08-06T08:37:13.136+0000] {dagbag.py:588} INFO - Filling up the DagBag from /opt/airflow/dags/bash_python.py
[2026-08-06T08:37:13.157+0000] {processor.py:925} INFO - DAG(s) 'download_rocket_launches' retrieved from /opt/airflow/dags/bash_python.py
[2026-08-06T08:37:13.191+0000] {logging_mixin.py:190} INFO - [2026-08-06T08:37:13.191+0000] {dag.py:3239} INFO - Sync 1 DAGs
[2026-08-06T08:37:13.203+0000] {logging_mixin.py:190} INFO - [2026-08-06T08:37:13.202+0000] {dag.py:4180} INFO - Setting next_dagrun for download_rocket_launches to None, run_after=None
[2026-08-06T08:37:13.222+0000] {processor.py:208} INFO - Processing /opt/airflow/dags/bash_python.py took 0.099 seconds
[2026-08-06T08:37:43.337+0000] {processor.py:186} INFO - Started process (PID=940) to work on /opt/airflow/dags/bash_python.py
[2026-08-06T08:37:43.338+0000] {processor.py:914} INFO - Processing file /opt/airflow/dags/bash_python.py for tasks to queue
[2026-08-06T08:37:43.341+0000] {logging_mixin.py:190} INFO - [2026-08-06T08:37:43.340+0000] {dagbag.py:588} INFO - Filling up the DagBag from /opt/airflow/dags/bash_python.py
[2026-08-06T08:37:43.357+0000] {processor.py:925} INFO - DAG(s) 'download_rocket_launches' retrieved from /opt/airflow/dags/bash_python.py
[2026-08-06T08:37:43.387+0000] {logging_mixin.py:190} INFO - [2026-08-06T08:37:43.387+0000] {dag.py:3239} INFO - Sync 1 DAGs
[2026-08-06T08:37:43.400+0000] {logging_mixin.py:190} INFO - [2026-08-06T08:37:43.400+0000] {dag.py:4180} INFO - Setting next_dagrun for download_rocket_launches to None, run_after=None
[2026-08-06T08:37:43.422+0000] {processor.py:208} INFO - Processing /opt/airflow/dags/bash_python.py took 0.091 seconds
[2026-08-06T08:38:13.602+0000] {processor.py:186} INFO - Started process (PID=945) to work on /opt/airflow/dags/bash_python.py
[2026-08-06T08:38:13.603+0000] {processor.py:914} INFO - Processing file /opt/airflow/dags/bash_python.py for tasks to queue
[2026-08-06T08:38:13.605+0000] {logging_mixin.py:190} INFO - [2026-08-06T08:38:13.605+0000] {dagbag.py:588} INFO - Filling up the DagBag from /opt/airflow/dags/bash_python.py
[2026-08-06T08:38:13.618+0000] {processor.py:925} INFO - DAG(s) 'download_rocket_launches' retrieved from /opt/airflow/dags/bash_python.py
[2026-08-06T08:38:13.639+0000] {logging_mixin.py:190} INFO - [2026-08-06T08:38:13.639+0000] {dag.py:3239} INFO - Sync 1 DAGs
[2026-08-06T08:38:13.650+0000] {logging_mixin.py:190} INFO - [2026-08-06T08:38:13.649+0000] {dag.py:4180} INFO - Setting next_dagrun for download_rocket_launches to None, run_after=None
[2026-08-06T08:38:13.665+0000] {processor.py:208} INFO - Processing /opt/airflow/dags/bash_python.py took 0.066 seconds
[2026-08-06T08:38:43.815+0000] {processor.py:186} INFO - Started process (PID=950) to work on /opt/airflow/dags/bash_python.py
[2026-08-06T08:38:43.817+0000] {processor.py:914} INFO - Processing file /opt/airflow/dags/bash_python.py for tasks to queue
[2026-08-06T08:38:43.819+0000] {logging_mixin.py:190} INFO - [2026-08-06T08:38:43.819+0000] {dagbag.py:588} INFO - Filling up the DagBag from /opt/airflow/dags/bash_python.py
[2026-08-06T08:38:43.836+0000] {processor.py:925} INFO - DAG(s) 'download_rocket_launches' retrieved from /opt/airflow/dags/bash_python.py
[2026-08-06T08:38:43.862+0000] {logging_mixin.py:190} INFO - [2026-08-06T08:38:43.862+0000] {dag.py:3239} INFO - Sync 1 DAGs
[2026-08-06T08:38:43.877+0000] {logging_mixin.py:190} INFO - [2026-08-06T08:38:43.876+0000] {dag.py:4180} INFO - Setting next_dagrun for download_rocket_launches to None, run_after=None
[2026-08-06T08:38:43.900+0000] {processor.py:208} INFO - Processing /opt/airflow/dags/bash_python.py took 0.090 seconds
[2026-08-06T08:39:14.061+0000] {processor.py:186} INFO - Started process (PID=955) to work on /opt/airflow/dags/bash_python.py
[2026-08-06T08:39:14.063+0000] {processor.py:914} INFO - Processing file /opt/airflow/dags/bash_python.py for tasks to queue
[2026-08-06T08:39:14.066+0000] {logging_mixin.py:190} INFO - [2026-08-06T08:39:14.066+0000] {dagbag.py:588} INFO - Filling up the DagBag from /opt/airflow/dags/bash_python.py
[2026-08-06T08:39:14.083+0000] {processor.py:925} INFO - DAG(s) 'download_rocket_launches' retrieved from /opt/airflow/dags/bash_python.py
[2026-08-06T08:39:14.108+0000] {logging_mixin.py:190} INFO - [2026-08-06T08:39:14.107+0000] {dag.py:3239} INFO - Sync 1 DAGs
[2026-08-06T08:39:14.122+0000] {logging_mixin.py:190} INFO - [2026-08-06T08:39:14.121+0000] {dag.py:4180} INFO - Setting next_dagrun for download_rocket_launches to None, run_after=None
[2026-08-06T08:39:14.140+0000] {processor.py:208} INFO - Processing /opt/airflow/dags/bash_python.py took 0.085 seconds
[2026-08-06T08:39:44.303+0000] {processor.py:186} INFO - Started process (PID=965) to work on /opt/airflow/dags/bash_python.py
[2026-08-06T08:39:44.305+0000] {processor.py:914} INFO - Processing file /opt/airflow/dags/bash_python.py for tasks to queue
[2026-08-06T08:39:44.309+0000] {logging_mixin.py:190} INFO - [2026-08-06T08:39:44.309+0000] {dagbag.py:588} INFO - Filling up the DagBag from /opt/airflow/dags/bash_python.py
[2026-08-06T08:39:44.329+0000] {processor.py:925} INFO - DAG(s) 'download_rocket_launches' retrieved from /opt/airflow/dags/bash_python.py
[2026-08-06T08:39:44.353+0000] {logging_mixin.py:190} INFO - [2026-08-06T08:39:44.353+0000] {dag.py:3239} INFO - Sync 1 DAGs
[2026-08-06T08:39:44.368+0000] {logging_mixin.py:190} INFO - [2026-08-06T08:39:44.368+0000] {dag.py:4180} INFO - Setting next_dagrun for download_rocket_launches to None, run_after=None
[2026-08-06T08:39:44.389+0000] {processor.py:208} INFO - Processing /opt/airflow/dags/bash_python.py took 0.094 seconds
[2026-08-06T08:40:14.525+0000] {processor.py:186} INFO - Started process (PID=970) to work on /opt/airflow/dags/bash_python.py
[2026-08-06T08:40:14.526+0000] {processor.py:914} INFO - Processing file /opt/airflow/dags/bash_python.py for tasks to queue
[2026-08-06T08:40:14.528+0000] {logging_mixin.py:190} INFO - [2026-08-06T08:40:14.528+0000] {dagbag.py:588} INFO - Filling up the DagBag from /opt/airflow/dags/bash_python.py
[2026-08-06T08:40:14.541+0000] {processor.py:925} INFO - DAG(s) 'download_rocket_launches' retrieved from /opt/airflow/dags/bash_python.py
[2026-08-06T08:40:14.566+0000] {logging_mixin.py:190} INFO - [2026-08-06T08:40:14.565+0000] {dag.py:3239} INFO - Sync 1 DAGs
[2026-08-06T08:40:14.576+0000] {logging_mixin.py:190} INFO - [2026-08-06T08:40:14.576+0000] {dag.py:4180} INFO - Setting next_dagrun for download_rocket_launches to None, run_after=None
[2026-08-06T08:40:14.594+0000] {processor.py:208} INFO - Processing /opt/airflow/dags/bash_python.py took 0.074 seconds
[2026-08-06T08:40:44.813+0000] {processor.py:186} INFO - Started process (PID=975) to work on /opt/airflow/dags/bash_python.py
[2026-08-06T08:40:44.814+0000] {processor.py:914} INFO - Processing file /opt/airflow/dags/bash_python.py for tasks to queue
[2026-08-06T08:40:44.817+0000] {logging_mixin.py:190} INFO - [2026-08-06T08:40:44.817+0000] {dagbag.py:588} INFO - Filling up the DagBag from /opt/airflow/dags/bash_python.py
[2026-08-06T08:40:44.837+0000] {processor.py:925} INFO - DAG(s) 'download_rocket_launches' retrieved from /opt/airflow/dags/bash_python.py
[2026-08-06T08:40:44.869+0000] {logging_mixin.py:190} INFO - [2026-08-06T08:40:44.869+0000] {dag.py:3239} INFO - Sync 1 DAGs
[2026-08-06T08:40:44.882+0000] {logging_mixin.py:190} INFO - [2026-08-06T08:40:44.882+0000] {dag.py:4180} INFO - Setting next_dagrun for download_rocket_launches to None, run_after=None
[2026-08-06T08:40:44.900+0000] {processor.py:208} INFO - Processing /opt/airflow/dags/bash_python.py took 0.097 seconds
[2026-08-06T08:41:15.027+0000] {processor.py:186} INFO - Started process (PID=980) to work on /opt/airflow/dags/bash_python.py
[2026-08-06T08:41:15.028+0000] {processor.py:914} INFO - Processing file /opt/airflow/dags/bash_python.py for tasks to queue
[2026-08-06T08:41:15.030+0000] {logging_mixin.py:190} INFO - [2026-08-06T08:41:15.030+0000] {dagbag.py:588} INFO - Filling up the DagBag from /opt/airflow/dags/bash_python.py
[2026-08-06T08:41:15.043+0000] {processor.py:925} INFO - DAG(s) 'download_rocket_launches' retrieved from /opt/airflow/dags/bash_python.py
[2026-08-06T08:41:15.065+0000] {logging_mixin.py:190} INFO - [2026-08-06T08:41:15.065+0000] {dag.py:3239} INFO - Sync 1 DAGs
[2026-08-06T08:41:15.075+0000] {logging_mixin.py:190} INFO - [2026-08-06T08:41:15.075+0000] {dag.py:4180} INFO - Setting next_dagrun for download_rocket_launches to None, run_after=None
[2026-08-06T08:41:15.090+0000] {processor.py:208} INFO - Processing /opt/airflow/dags/bash_python.py took 0.067 seconds
[2026-08-06T08:41:45.307+0000] {processor.py:186} INFO - Started process (PID=985) to work on /opt/airflow/dags/bash_python.py
[2026-08-06T08:41:45.308+0000] {processor.py:914} INFO - Processing file /opt/airflow/dags/bash_python.py for tasks to queue
[2026-08-06T08:41:45.311+0000] {logging_mixin.py:190} INFO - [2026-08-06T08:41:45.311+0000] {dagbag.py:588} INFO - Filling up the DagBag from /opt/airflow/dags/bash_python.py
[2026-08-06T08:41:45.331+0000] {processor.py:925} INFO - DAG(s) 'download_rocket_launches' retrieved from /opt/airflow/dags/bash_python.py
[2026-08-06T08:41:45.358+0000] {logging_mixin.py:190} INFO - [2026-08-06T08:41:45.357+0000] {dag.py:3239} INFO - Sync 1 DAGs
[2026-08-06T08:41:45.370+0000] {logging_mixin.py:190} INFO - [2026-08-06T08:41:45.370+0000] {dag.py:4180} INFO - Setting next_dagrun for download_rocket_launches to None, run_after=None
[2026-08-06T08:41:45.389+0000] {processor.py:208} INFO - Processing /opt/airflow/dags/bash_python.py took 0.088 seconds
[2026-08-06T08:42:15.532+0000] {processor.py:186} INFO - Started process (PID=990) to work on /opt/airflow/dags/bash_python.py
[2026-08-06T08:42:15.533+0000] {processor.py:914} INFO - Processing file /opt/airflow/dags/bash_python.py for tasks to queue
[2026-08-06T08:42:15.536+0000] {logging_mixin.py:190} INFO - [2026-08-06T08:42:15.536+0000] {dagbag.py:588} INFO - Filling up the DagBag from /opt/airflow/dags/bash_python.py
[2026-08-06T08:42:15.558+0000] {processor.py:925} INFO - DAG(s) 'download_rocket_launches' retrieved from /opt/airflow/dags/bash_python.py
[2026-08-06T08:42:15.587+0000] {logging_mixin.py:190} INFO - [2026-08-06T08:42:15.587+0000] {dag.py:3239} INFO - Sync 1 DAGs
[2026-08-06T08:42:15.600+0000] {logging_mixin.py:190} INFO - [2026-08-06T08:42:15.600+0000] {dag.py:4180} INFO - Setting next_dagrun for download_rocket_launches to None, run_after=None
[2026-08-06T08:42:15.620+0000] {processor.py:208} INFO - Processing /opt/airflow/dags/bash_python.py took 0.094 seconds
[2026-08-06T08:42:45.767+0000] {processor.py:186} INFO - Started process (PID=995) to work on /opt/airflow/dags/bash_python.py
[2026-08-06T08:42:45.768+0000] {processor.py:914} INFO - Processing file /opt/airflow/dags/bash_python.py for tasks to queue
[2026-08-06T08:42:45.771+0000] {logging_mixin.py:190} INFO - [2026-08-06T08:42:45.771+0000] {dagbag.py:588} INFO - Filling up the DagBag from /opt/airflow/dags/bash_python.py
[2026-08-06T08:42:45.786+0000] {processor.py:925} INFO - DAG(s) 'download_rocket_launches' retrieved from /opt/airflow/dags/bash_python.py
[2026-08-06T08:42:45.813+0000] {logging_mixin.py:190} INFO - [2026-08-06T08:42:45.813+0000] {dag.py:3239} INFO - Sync 1 DAGs
[2026-08-06T08:42:45.825+0000] {logging_mixin.py:190} INFO - [2026-08-06T08:42:45.825+0000] {dag.py:4180} INFO - Setting next_dagrun for download_rocket_launches to None, run_after=None
[2026-08-06T08:42:45.841+0000] {processor.py:208} INFO - Processing /opt/airflow/dags/bash_python.py took 0.079 seconds
[2026-08-06T08:43:15.991+0000] {processor.py:186} INFO - Started process (PID=1000) to work on /opt/airflow/dags/bash_python.py
[2026-08-06T08:43:15.992+0000] {processor.py:914} INFO - Processing file /opt/airflow/dags/bash_python.py for tasks to queue
[2026-08-06T08:43:15.995+0000] {logging_mixin.py:190} INFO - [2026-08-06T08:43:15.995+0000] {dagbag.py:588} INFO - Filling up the DagBag from /opt/airflow/dags/bash_python.py
[2026-08-06T08:43:16.013+0000] {processor.py:925} INFO - DAG(s) 'download_rocket_launches' retrieved from /opt/airflow/dags/bash_python.py
[2026-08-06T08:43:16.040+0000] {logging_mixin.py:190} INFO - [2026-08-06T08:43:16.040+0000] {dag.py:3239} INFO - Sync 1 DAGs
[2026-08-06T08:43:16.054+0000] {logging_mixin.py:190} INFO - [2026-08-06T08:43:16.054+0000] {dag.py:4180} INFO - Setting next_dagrun for download_rocket_launches to None, run_after=None
[2026-08-06T08:43:16.080+0000] {processor.py:208} INFO - Processing /opt/airflow/dags/bash_python.py took 0.094 seconds
[2026-08-06T08:43:46.222+0000] {processor.py:186} INFO - Started process (PID=1005) to work on /opt/airflow/dags/bash_python.py
[2026-08-06T08:43:46.223+0000] {processor.py:914} INFO - Processing file /opt/airflow/dags/bash_python.py for tasks to queue
[2026-08-06T08:43:46.225+0000] {logging_mixin.py:190} INFO - [2026-08-06T08:43:46.225+0000] {dagbag.py:588} INFO - Filling up the DagBag from /opt/airflow/dags/bash_python.py
[2026-08-06T08:43:46.238+0000] {processor.py:925} INFO - DAG(s) 'download_rocket_launches' retrieved from /opt/airflow/dags/bash_python.py
[2026-08-06T08:43:46.261+0000] {logging_mixin.py:190} INFO - [2026-08-06T08:43:46.260+0000] {dag.py:3239} INFO - Sync 1 DAGs
[2026-08-06T08:43:46.272+0000] {logging_mixin.py:190} INFO - [2026-08-06T08:43:46.272+0000] {dag.py:4180} INFO - Setting next_dagrun for download_rocket_launches to None, run_after=None
[2026-08-06T08:43:46.287+0000] {processor.py:208} INFO - Processing /opt/airflow/dags/bash_python.py took 0.069 seconds
[2026-08-06T08:44:16.454+0000] {processor.py:186} INFO - Started process (PID=1010) to work on /opt/airflow/dags/bash_python.py
[2026-08-06T08:44:16.454+0000] {processor.py:914} INFO - Processing file /opt/airflow/dags/bash_python.py for tasks to queue
[2026-08-06T08:44:16.456+0000] {logging_mixin.py:190} INFO - [2026-08-06T08:44:16.456+0000] {dagbag.py:588} INFO - Filling up the DagBag from /opt/airflow/dags/bash_python.py
[2026-08-06T08:44:16.469+0000] {processor.py:925} INFO - DAG(s) 'download_rocket_launches' retrieved from /opt/airflow/dags/bash_python.py
[2026-08-06T08:44:16.492+0000] {logging_mixin.py:190} INFO - [2026-08-06T08:44:16.492+0000] {dag.py:3239} INFO - Sync 1 DAGs
[2026-08-06T08:44:16.502+0000] {logging_mixin.py:190} INFO - [2026-08-06T08:44:16.502+0000] {dag.py:4180} INFO - Setting next_dagrun for download_rocket_launches to None, run_after=None
[2026-08-06T08:44:16.521+0000] {processor.py:208} INFO - Processing /opt/airflow/dags/bash_python.py took 0.071 seconds
[2026-08-06T08:44:46.668+0000] {processor.py:186} INFO - Started process (PID=1015) to work on /opt/airflow/dags/bash_python.py
[2026-08-06T08:44:46.669+0000] {processor.py:914} INFO - Processing file /opt/airflow/dags/bash_python.py for tasks to queue
[2026-08-06T08:44:46.672+0000] {logging_mixin.py:190} INFO - [2026-08-06T08:44:46.672+0000] {dagbag.py:588} INFO - Filling up the DagBag from /opt/airflow/dags/bash_python.py
[2026-08-06T08:44:46.689+0000] {processor.py:925} INFO - DAG(s) 'download_rocket_launches' retrieved from /opt/airflow/dags/bash_python.py
[2026-08-06T08:44:46.713+0000] {logging_mixin.py:190} INFO - [2026-08-06T08:44:46.713+0000] {dag.py:3239} INFO - Sync 1 DAGs
[2026-08-06T08:44:46.724+0000] {logging_mixin.py:190} INFO - [2026-08-06T08:44:46.724+0000] {dag.py:4180} INFO - Setting next_dagrun for download_rocket_launches to None, run_after=None
[2026-08-06T08:44:46.741+0000] {processor.py:208} INFO - Processing /opt/airflow/dags/bash_python.py took 0.078 seconds
[2026-08-06T08:45:16.937+0000] {processor.py:186} INFO - Started process (PID=1025) to work on /opt/airflow/dags/bash_python.py
[2026-08-06T08:45:16.938+0000] {processor.py:914} INFO - Processing file /opt/airflow/dags/bash_python.py for tasks to queue
[2026-08-06T08:45:16.941+0000] {logging_mixin.py:190} INFO - [2026-08-06T08:45:16.941+0000] {dagbag.py:588} INFO - Filling up the DagBag from /opt/airflow/dags/bash_python.py
[2026-08-06T08:45:16.959+0000] {processor.py:925} INFO - DAG(s) 'download_rocket_launches' retrieved from /opt/airflow/dags/bash_python.py
[2026-08-06T08:45:16.988+0000] {logging_mixin.py:190} INFO - [2026-08-06T08:45:16.988+0000] {dag.py:3239} INFO - Sync 1 DAGs
[2026-08-06T08:45:17.004+0000] {logging_mixin.py:190} INFO - [2026-08-06T08:45:17.003+0000] {dag.py:4180} INFO - Setting next_dagrun for download_rocket_launches to None, run_after=None
[2026-08-06T08:45:17.029+0000] {processor.py:208} INFO - Processing /opt/airflow/dags/bash_python.py took 0.098 seconds
[2026-08-06T08:45:47.162+0000] {processor.py:186} INFO - Started process (PID=1030) to work on /opt/airflow/dags/bash_python.py
[2026-08-06T08:45:47.164+0000] {processor.py:914} INFO - Processing file /opt/airflow/dags/bash_python.py for tasks to queue
[2026-08-06T08:45:47.167+0000] {logging_mixin.py:190} INFO - [2026-08-06T08:45:47.166+0000] {dagbag.py:588} INFO - Filling up the DagBag from /opt/airflow/dags/bash_python.py
[2026-08-06T08:45:47.186+0000] {processor.py:925} INFO - DAG(s) 'download_rocket_launches' retrieved from /opt/airflow/dags/bash_python.py
[2026-08-06T08:45:47.219+0000] {logging_mixin.py:190} INFO - [2026-08-06T08:45:47.219+0000] {dag.py:3239} INFO - Sync 1 DAGs
[2026-08-06T08:45:47.230+0000] {logging_mixin.py:190} INFO - [2026-08-06T08:45:47.230+0000] {dag.py:4180} INFO - Setting next_dagrun for download_rocket_launches to None, run_after=None
[2026-08-06T08:45:47.248+0000] {processor.py:208} INFO - Processing /opt/airflow/dags/bash_python.py took 0.091 seconds
[2026-08-06T08:46:17.425+0000] {processor.py:186} INFO - Started process (PID=1035) to work on /opt/airflow/dags/bash_python.py
[2026-08-06T08:46:17.426+0000] {processor.py:914} INFO - Processing file /opt/airflow/dags/bash_python.py for tasks to queue
[2026-08-06T08:46:17.429+0000] {logging_mixin.py:190} INFO - [2026-08-06T08:46:17.428+0000] {dagbag.py:588} INFO - Filling up the DagBag from /opt/airflow/dags/bash_python.py
[2026-08-06T08:46:17.441+0000] {processor.py:925} INFO - DAG(s) 'download_rocket_launches' retrieved from /opt/airflow/dags/bash_python.py
[2026-08-06T08:46:17.465+0000] {logging_mixin.py:190} INFO - [2026-08-06T08:46:17.465+0000] {dag.py:3239} INFO - Sync 1 DAGs
[2026-08-06T08:46:17.477+0000] {logging_mixin.py:190} INFO - [2026-08-06T08:46:17.477+0000] {dag.py:4180} INFO - Setting next_dagrun for download_rocket_launches to None, run_after=None
[2026-08-06T08:46:17.492+0000] {processor.py:208} INFO - Processing /opt/airflow/dags/bash_python.py took 0.071 seconds
[2026-08-06T08:46:47.624+0000] {processor.py:186} INFO - Started process (PID=1040) to work on /opt/airflow/dags/bash_python.py
[2026-08-06T08:46:47.625+0000] {processor.py:914} INFO - Processing file /opt/airflow/dags/bash_python.py for tasks to queue
[2026-08-06T08:46:47.627+0000] {logging_mixin.py:190} INFO - [2026-08-06T08:46:47.627+0000] {dagbag.py:588} INFO - Filling up the DagBag from /opt/airflow/dags/bash_python.py
[2026-08-06T08:46:47.643+0000] {processor.py:925} INFO - DAG(s) 'download_rocket_launches' retrieved from /opt/airflow/dags/bash_python.py
[2026-08-06T08:46:47.669+0000] {logging_mixin.py:190} INFO - [2026-08-06T08:46:47.669+0000] {dag.py:3239} INFO - Sync 1 DAGs
[2026-08-06T08:46:47.679+0000] {logging_mixin.py:190} INFO - [2026-08-06T08:46:47.679+0000] {dag.py:4180} INFO - Setting next_dagrun for download_rocket_launches to None, run_after=None
[2026-08-06T08:46:47.692+0000] {processor.py:208} INFO - Processing /opt/airflow/dags/bash_python.py took 0.076 seconds
[2026-08-06T08:47:17.892+0000] {processor.py:186} INFO - Started process (PID=1045) to work on /opt/airflow/dags/bash_python.py
[2026-08-06T08:47:17.893+0000] {processor.py:914} INFO - Processing file /opt/airflow/dags/bash_python.py for tasks to queue
[2026-08-06T08:47:17.895+0000] {logging_mixin.py:190} INFO - [2026-08-06T08:47:17.895+0000] {dagbag.py:588} INFO - Filling up the DagBag from /opt/airflow/dags/bash_python.py
[2026-08-06T08:47:17.911+0000] {processor.py:925} INFO - DAG(s) 'download_rocket_launches' retrieved from /opt/airflow/dags/bash_python.py
[2026-08-06T08:47:17.936+0000] {logging_mixin.py:190} INFO - [2026-08-06T08:47:17.935+0000] {dag.py:3239} INFO - Sync 1 DAGs
[2026-08-06T08:47:17.949+0000] {logging_mixin.py:190} INFO - [2026-08-06T08:47:17.948+0000] {dag.py:4180} INFO - Setting next_dagrun for download_rocket_launches to None, run_after=None
[2026-08-06T08:47:17.965+0000] {processor.py:208} INFO - Processing /opt/airflow/dags/bash_python.py took 0.077 seconds
[2026-08-06T08:47:48.082+0000] {processor.py:186} INFO - Started process (PID=1050) to work on /opt/airflow/dags/bash_python.py
[2026-08-06T08:47:48.083+0000] {processor.py:914} INFO - Processing file /opt/airflow/dags/bash_python.py for tasks to queue
[2026-08-06T08:47:48.085+0000] {logging_mixin.py:190} INFO - [2026-08-06T08:47:48.085+0000] {dagbag.py:588} INFO - Filling up the DagBag from /opt/airflow/dags/bash_python.py
[2026-08-06T08:47:48.101+0000] {processor.py:925} INFO - DAG(s) 'download_rocket_launches' retrieved from /opt/airflow/dags/bash_python.py
[2026-08-06T08:47:48.126+0000] {logging_mixin.py:190} INFO - [2026-08-06T08:47:48.126+0000] {dag.py:3239} INFO - Sync 1 DAGs
[2026-08-06T08:47:48.138+0000] {logging_mixin.py:190} INFO - [2026-08-06T08:47:48.138+0000] {dag.py:4180} INFO - Setting next_dagrun for download_rocket_launches to None, run_after=None
[2026-08-06T08:47:48.154+0000] {processor.py:208} INFO - Processing /opt/airflow/dags/bash_python.py took 0.077 seconds
[2026-08-06T08:48:18.348+0000] {processor.py:186} INFO - Started process (PID=1055) to work on /opt/airflow/dags/bash_python.py
[2026-08-06T08:48:18.349+0000] {processor.py:914} INFO - Processing file /opt/airflow/dags/bash_python.py for tasks to queue
[2026-08-06T08:48:18.352+0000] {logging_mixin.py:190} INFO - [2026-08-06T08:48:18.352+0000] {dagbag.py:588} INFO - Filling up the DagBag from /opt/airflow/dags/bash_python.py
[2026-08-06T08:48:18.369+0000] {processor.py:925} INFO - DAG(s) 'download_rocket_launches' retrieved from /opt/airflow/dags/bash_python.py
[2026-08-06T08:48:18.396+0000] {logging_mixin.py:190} INFO - [2026-08-06T08:48:18.395+0000] {dag.py:3239} INFO - Sync 1 DAGs
[2026-08-06T08:48:18.409+0000] {logging_mixin.py:190} INFO - [2026-08-06T08:48:18.409+0000] {dag.py:4180} INFO - Setting next_dagrun for download_rocket_launches to None, run_after=None
[2026-08-06T08:48:18.428+0000] {processor.py:208} INFO - Processing /opt/airflow/dags/bash_python.py took 0.087 seconds
[2026-08-06T08:48:48.561+0000] {processor.py:186} INFO - Started process (PID=1060) to work on /opt/airflow/dags/bash_python.py
[2026-08-06T08:48:48.563+0000] {processor.py:914} INFO - Processing file /opt/airflow/dags/bash_python.py for tasks to queue
[2026-08-06T08:48:48.565+0000] {logging_mixin.py:190} INFO - [2026-08-06T08:48:48.564+0000] {dagbag.py:588} INFO - Filling up the DagBag from /opt/airflow/dags/bash_python.py
[2026-08-06T08:48:48.581+0000] {processor.py:925} INFO - DAG(s) 'download_rocket_launches' retrieved from /opt/airflow/dags/bash_python.py
[2026-08-06T08:48:48.607+0000] {logging_mixin.py:190} INFO - [2026-08-06T08:48:48.606+0000] {dag.py:3239} INFO - Sync 1 DAGs
[2026-08-06T08:48:48.618+0000] {logging_mixin.py:190} INFO - [2026-08-06T08:48:48.618+0000] {dag.py:4180} INFO - Setting next_dagrun for download_rocket_launches to None, run_after=None
[2026-08-06T08:48:48.638+0000] {processor.py:208} INFO - Processing /opt/airflow/dags/bash_python.py took 0.082 seconds
[2026-08-06T08:49:18.814+0000] {processor.py:186} INFO - Started process (PID=1065) to work on /opt/airflow/dags/bash_python.py
[2026-08-06T08:49:18.815+0000] {processor.py:914} INFO - Processing file /opt/airflow/dags/bash_python.py for tasks to queue
[2026-08-06T08:49:18.817+0000] {logging_mixin.py:190} INFO - [2026-08-06T08:49:18.817+0000] {dagbag.py:588} INFO - Filling up the DagBag from /opt/airflow/dags/bash_python.py
[2026-08-06T08:49:18.830+0000] {processor.py:925} INFO - DAG(s) 'download_rocket_launches' retrieved from /opt/airflow/dags/bash_python.py
[2026-08-06T08:49:18.850+0000] {logging_mixin.py:190} INFO - [2026-08-06T08:49:18.849+0000] {dag.py:3239} INFO - Sync 1 DAGs
[2026-08-06T08:49:18.860+0000] {logging_mixin.py:190} INFO - [2026-08-06T08:49:18.860+0000] {dag.py:4180} INFO - Setting next_dagrun for download_rocket_launches to None, run_after=None
[2026-08-06T08:49:18.873+0000] {processor.py:208} INFO - Processing /opt/airflow/dags/bash_python.py took 0.063 seconds
[2026-08-06T08:49:49.010+0000] {processor.py:186} INFO - Started process (PID=1070) to work on /opt/airflow/dags/bash_python.py
[2026-08-06T08:49:49.011+0000] {processor.py:914} INFO - Processing file /opt/airflow/dags/bash_python.py for tasks to queue
[2026-08-06T08:49:49.013+0000] {logging_mixin.py:190} INFO - [2026-08-06T08:49:49.013+0000] {dagbag.py:588} INFO - Filling up the DagBag from /opt/airflow/dags/bash_python.py
[2026-08-06T08:49:49.027+0000] {processor.py:925} INFO - DAG(s) 'download_rocket_launches' retrieved from /opt/airflow/dags/bash_python.py
[2026-08-06T08:49:49.047+0000] {logging_mixin.py:190} INFO - [2026-08-06T08:49:49.047+0000] {dag.py:3239} INFO - Sync 1 DAGs
[2026-08-06T08:49:49.057+0000] {logging_mixin.py:190} INFO - [2026-08-06T08:49:49.057+0000] {dag.py:4180} INFO - Setting next_dagrun for download_rocket_launches to None, run_after=None
[2026-08-06T08:49:49.072+0000] {processor.py:208} INFO - Processing /opt/airflow/dags/bash_python.py took 0.066 seconds
[2026-08-06T08:50:19.240+0000] {processor.py:186} INFO - Started process (PID=1075) to work on /opt/airflow/dags/bash_python.py
[2026-08-06T08:50:19.241+0000] {processor.py:914} INFO - Processing file /opt/airflow/dags/bash_python.py for tasks to queue
[2026-08-06T08:50:19.243+0000] {logging_mixin.py:190} INFO - [2026-08-06T08:50:19.243+0000] {dagbag.py:588} INFO - Filling up the DagBag from /opt/airflow/dags/bash_python.py
[2026-08-06T08:50:19.259+0000] {processor.py:925} INFO - DAG(s) 'download_rocket_launches' retrieved from /opt/airflow/dags/bash_python.py
[2026-08-06T08:50:19.282+0000] {logging_mixin.py:190} INFO - [2026-08-06T08:50:19.282+0000] {dag.py:3239} INFO - Sync 1 DAGs
[2026-08-06T08:50:19.293+0000] {logging_mixin.py:190} INFO - [2026-08-06T08:50:19.293+0000] {dag.py:4180} INFO - Setting next_dagrun for download_rocket_launches to None, run_after=None
[2026-08-06T08:50:19.310+0000] {processor.py:208} INFO - Processing /opt/airflow/dags/bash_python.py took 0.074 seconds
[2026-08-06T08:50:49.462+0000] {processor.py:186} INFO - Started process (PID=1080) to work on /opt/airflow/dags/bash_python.py
[2026-08-06T08:50:49.463+0000] {processor.py:914} INFO - Processing file /opt/airflow/dags/bash_python.py for tasks to queue
[2026-08-06T08:50:49.465+0000] {logging_mixin.py:190} INFO - [2026-08-06T08:50:49.465+0000] {dagbag.py:588} INFO - Filling up the DagBag from /opt/airflow/dags/bash_python.py
[2026-08-06T08:50:49.481+0000] {processor.py:925} INFO - DAG(s) 'download_rocket_launches' retrieved from /opt/airflow/dags/bash_python.py
[2026-08-06T08:50:49.508+0000] {logging_mixin.py:190} INFO - [2026-08-06T08:50:49.508+0000] {dag.py:3239} INFO - Sync 1 DAGs
[2026-08-06T08:50:49.520+0000] {logging_mixin.py:190} INFO - [2026-08-06T08:50:49.520+0000] {dag.py:4180} INFO - Setting next_dagrun for download_rocket_launches to None, run_after=None
[2026-08-06T08:50:49.539+0000] {processor.py:208} INFO - Processing /opt/airflow/dags/bash_python.py took 0.081 seconds
[2026-08-06T08:51:19.730+0000] {processor.py:186} INFO - Started process (PID=1095) to work on /opt/airflow/dags/bash_python.py
[2026-08-06T08:51:19.731+0000] {processor.py:914} INFO - Processing file /opt/airflow/dags/bash_python.py for tasks to queue
[2026-08-06T08:51:19.733+0000] {logging_mixin.py:190} INFO - [2026-08-06T08:51:19.733+0000] {dagbag.py:588} INFO - Filling up the DagBag from /opt/airflow/dags/bash_python.py
[2026-08-06T08:51:19.751+0000] {processor.py:925} INFO - DAG(s) 'download_rocket_launches' retrieved from /opt/airflow/dags/bash_python.py
[2026-08-06T08:51:19.779+0000] {logging_mixin.py:190} INFO - [2026-08-06T08:51:19.778+0000] {dag.py:3239} INFO - Sync 1 DAGs
[2026-08-06T08:51:19.794+0000] {logging_mixin.py:190} INFO - [2026-08-06T08:51:19.794+0000] {dag.py:4180} INFO - Setting next_dagrun for download_rocket_launches to None, run_after=None
[2026-08-06T08:51:19.818+0000] {processor.py:208} INFO - Processing /opt/airflow/dags/bash_python.py took 0.093 seconds
[2026-08-06T08:51:49.977+0000] {processor.py:186} INFO - Started process (PID=1100) to work on /opt/airflow/dags/bash_python.py
[2026-08-06T08:51:49.979+0000] {processor.py:914} INFO - Processing file /opt/airflow/dags/bash_python.py for tasks to queue
[2026-08-06T08:51:49.983+0000] {logging_mixin.py:190} INFO - [2026-08-06T08:51:49.982+0000] {dagbag.py:588} INFO - Filling up the DagBag from /opt/airflow/dags/bash_python.py
[2026-08-06T08:51:50.007+0000] {processor.py:925} INFO - DAG(s) 'download_rocket_launches' retrieved from /opt/airflow/dags/bash_python.py
[2026-08-06T08:51:50.041+0000] {logging_mixin.py:190} INFO - [2026-08-06T08:51:50.041+0000] {dag.py:3239} INFO - Sync 1 DAGs
[2026-08-06T08:51:50.058+0000] {logging_mixin.py:190} INFO - [2026-08-06T08:51:50.058+0000] {dag.py:4180} INFO - Setting next_dagrun for download_rocket_launches to None, run_after=None
[2026-08-06T08:51:50.080+0000] {processor.py:208} INFO - Processing /opt/airflow/dags/bash_python.py took 0.112 seconds
[2026-08-06T08:52:20.296+0000] {processor.py:186} INFO - Started process (PID=1115) to work on /opt/airflow/dags/bash_python.py
[2026-08-06T08:52:20.298+0000] {processor.py:914} INFO - Processing file /opt/airflow/dags/bash_python.py for tasks to queue
[2026-08-06T08:52:20.302+0000] {logging_mixin.py:190} INFO - [2026-08-06T08:52:20.301+0000] {dagbag.py:588} INFO - Filling up the DagBag from /opt/airflow/dags/bash_python.py
[2026-08-06T08:52:20.325+0000] {processor.py:925} INFO - DAG(s) 'download_rocket_launches' retrieved from /opt/airflow/dags/bash_python.py
[2026-08-06T08:52:20.358+0000] {logging_mixin.py:190} INFO - [2026-08-06T08:52:20.357+0000] {dag.py:3239} INFO - Sync 1 DAGs
[2026-08-06T08:52:20.374+0000] {logging_mixin.py:190} INFO - [2026-08-06T08:52:20.374+0000] {dag.py:4180} INFO - Setting next_dagrun for download_rocket_launches to None, run_after=None
[2026-08-06T08:52:20.420+0000] {processor.py:208} INFO - Processing /opt/airflow/dags/bash_python.py took 0.132 seconds
[2026-08-06T08:52:50.623+0000] {processor.py:186} INFO - Started process (PID=1120) to work on /opt/airflow/dags/bash_python.py
[2026-08-06T08:52:50.625+0000] {processor.py:914} INFO - Processing file /opt/airflow/dags/bash_python.py for tasks to queue
[2026-08-06T08:52:50.629+0000] {logging_mixin.py:190} INFO - [2026-08-06T08:52:50.628+0000] {dagbag.py:588} INFO - Filling up the DagBag from /opt/airflow/dags/bash_python.py
[2026-08-06T08:52:50.649+0000] {processor.py:925} INFO - DAG(s) 'download_rocket_launches' retrieved from /opt/airflow/dags/bash_python.py
[2026-08-06T08:52:50.683+0000] {logging_mixin.py:190} INFO - [2026-08-06T08:52:50.682+0000] {dag.py:3239} INFO - Sync 1 DAGs
[2026-08-06T08:52:50.699+0000] {logging_mixin.py:190} INFO - [2026-08-06T08:52:50.698+0000] {dag.py:4180} INFO - Setting next_dagrun for download_rocket_launches to None, run_after=None
[2026-08-06T08:52:50.744+0000] {processor.py:208} INFO - Processing /opt/airflow/dags/bash_python.py took 0.128 seconds
[2026-08-06T08:53:20.956+0000] {processor.py:186} INFO - Started process (PID=1125) to work on /opt/airflow/dags/bash_python.py
[2026-08-06T08:53:20.957+0000] {processor.py:914} INFO - Processing file /opt/airflow/dags/bash_python.py for tasks to queue
[2026-08-06T08:53:20.960+0000] {logging_mixin.py:190} INFO - [2026-08-06T08:53:20.960+0000] {dagbag.py:588} INFO - Filling up the DagBag from /opt/airflow/dags/bash_python.py
[2026-08-06T08:53:20.979+0000] {processor.py:925} INFO - DAG(s) 'download_rocket_launches' retrieved from /opt/airflow/dags/bash_python.py
[2026-08-06T08:53:21.008+0000] {logging_mixin.py:190} INFO - [2026-08-06T08:53:21.008+0000] {dag.py:3239} INFO - Sync 1 DAGs
[2026-08-06T08:53:21.022+0000] {logging_mixin.py:190} INFO - [2026-08-06T08:53:21.022+0000] {dag.py:4180} INFO - Setting next_dagrun for download_rocket_launches to None, run_after=None
[2026-08-06T08:53:21.044+0000] {processor.py:208} INFO - Processing /opt/airflow/dags/bash_python.py took 0.094 seconds
[2026-08-06T08:53:51.245+0000] {processor.py:186} INFO - Started process (PID=1130) to work on /opt/airflow/dags/bash_python.py
[2026-08-06T08:53:51.246+0000] {processor.py:914} INFO - Processing file /opt/airflow/dags/bash_python.py for tasks to queue
[2026-08-06T08:53:51.249+0000] {logging_mixin.py:190} INFO - [2026-08-06T08:53:51.249+0000] {dagbag.py:588} INFO - Filling up the DagBag from /opt/airflow/dags/bash_python.py
[2026-08-06T08:53:51.270+0000] {processor.py:925} INFO - DAG(s) 'download_rocket_launches' retrieved from /opt/airflow/dags/bash_python.py
[2026-08-06T08:53:51.306+0000] {logging_mixin.py:190} INFO - [2026-08-06T08:53:51.306+0000] {dag.py:3239} INFO - Sync 1 DAGs
[2026-08-06T08:53:51.325+0000] {logging_mixin.py:190} INFO - [2026-08-06T08:53:51.324+0000] {dag.py:4180} INFO - Setting next_dagrun for download_rocket_launches to None, run_after=None
[2026-08-06T08:53:51.368+0000] {processor.py:208} INFO - Processing /opt/airflow/dags/bash_python.py took 0.130 seconds
[2026-08-06T08:54:21.571+0000] {processor.py:186} INFO - Started process (PID=1135) to work on /opt/airflow/dags/bash_python.py
[2026-08-06T08:54:21.573+0000] {processor.py:914} INFO - Processing file /opt/airflow/dags/bash_python.py for tasks to queue
[2026-08-06T08:54:21.577+0000] {logging_mixin.py:190} INFO - [2026-08-06T08:54:21.576+0000] {dagbag.py:588} INFO - Filling up the DagBag from /opt/airflow/dags/bash_python.py
[2026-08-06T08:54:21.600+0000] {processor.py:925} INFO - DAG(s) 'download_rocket_launches' retrieved from /opt/airflow/dags/bash_python.py
[2026-08-06T08:54:21.642+0000] {logging_mixin.py:190} INFO - [2026-08-06T08:54:21.641+0000] {dag.py:3239} INFO - Sync 1 DAGs
[2026-08-06T08:54:21.661+0000] {logging_mixin.py:190} INFO - [2026-08-06T08:54:21.660+0000] {dag.py:4180} INFO - Setting next_dagrun for download_rocket_launches to None, run_after=None
[2026-08-06T08:54:21.690+0000] {processor.py:208} INFO - Processing /opt/airflow/dags/bash_python.py took 0.127 seconds
[2026-08-06T08:54:51.913+0000] {processor.py:186} INFO - Started process (PID=1140) to work on /opt/airflow/dags/bash_python.py
[2026-08-06T08:54:51.914+0000] {processor.py:914} INFO - Processing file /opt/airflow/dags/bash_python.py for tasks to queue
[2026-08-06T08:54:51.918+0000] {logging_mixin.py:190} INFO - [2026-08-06T08:54:51.917+0000] {dagbag.py:588} INFO - Filling up the DagBag from /opt/airflow/dags/bash_python.py
[2026-08-06T08:54:51.943+0000] {processor.py:925} INFO - DAG(s) 'download_rocket_launches' retrieved from /opt/airflow/dags/bash_python.py
[2026-08-06T08:54:51.976+0000] {logging_mixin.py:190} INFO - [2026-08-06T08:54:51.976+0000] {dag.py:3239} INFO - Sync 1 DAGs
[2026-08-06T08:54:51.992+0000] {logging_mixin.py:190} INFO - [2026-08-06T08:54:51.992+0000] {dag.py:4180} INFO - Setting next_dagrun for download_rocket_launches to None, run_after=None
[2026-08-06T08:54:52.025+0000] {processor.py:208} INFO - Processing /opt/airflow/dags/bash_python.py took 0.120 seconds
[2026-08-06T08:55:22.205+0000] {processor.py:186} INFO - Started process (PID=1145) to work on /opt/airflow/dags/bash_python.py
[2026-08-06T08:55:22.206+0000] {processor.py:914} INFO - Processing file /opt/airflow/dags/bash_python.py for tasks to queue
[2026-08-06T08:55:22.208+0000] {logging_mixin.py:190} INFO - [2026-08-06T08:55:22.208+0000] {dagbag.py:588} INFO - Filling up the DagBag from /opt/airflow/dags/bash_python.py
[2026-08-06T08:55:22.228+0000] {processor.py:925} INFO - DAG(s) 'download_rocket_launches' retrieved from /opt/airflow/dags/bash_python.py
[2026-08-06T08:55:22.258+0000] {logging_mixin.py:190} INFO - [2026-08-06T08:55:22.258+0000] {dag.py:3239} INFO - Sync 1 DAGs
[2026-08-06T08:55:22.273+0000] {logging_mixin.py:190} INFO - [2026-08-06T08:55:22.273+0000] {dag.py:4180} INFO - Setting next_dagrun for download_rocket_launches to None, run_after=None
[2026-08-06T08:55:22.296+0000] {processor.py:208} INFO - Processing /opt/airflow/dags/bash_python.py took 0.098 seconds
[2026-08-06T08:55:52.527+0000] {processor.py:186} INFO - Started process (PID=1150) to work on /opt/airflow/dags/bash_python.py
[2026-08-06T08:55:52.529+0000] {processor.py:914} INFO - Processing file /opt/airflow/dags/bash_python.py for tasks to queue
[2026-08-06T08:55:52.531+0000] {logging_mixin.py:190} INFO - [2026-08-06T08:55:52.531+0000] {dagbag.py:588} INFO - Filling up the DagBag from /opt/airflow/dags/bash_python.py
[2026-08-06T08:55:52.551+0000] {processor.py:925} INFO - DAG(s) 'download_rocket_launches' retrieved from /opt/airflow/dags/bash_python.py
[2026-08-06T08:55:52.579+0000] {logging_mixin.py:190} INFO - [2026-08-06T08:55:52.579+0000] {dag.py:3239} INFO - Sync 1 DAGs
[2026-08-06T08:55:52.593+0000] {logging_mixin.py:190} INFO - [2026-08-06T08:55:52.593+0000] {dag.py:4180} INFO - Setting next_dagrun for download_rocket_launches to None, run_after=None
[2026-08-06T08:55:52.612+0000] {processor.py:208} INFO - Processing /opt/airflow/dags/bash_python.py took 0.091 seconds
[2026-08-06T08:56:22.798+0000] {processor.py:186} INFO - Started process (PID=1155) to work on /opt/airflow/dags/bash_python.py
[2026-08-06T08:56:22.800+0000] {processor.py:914} INFO - Processing file /opt/airflow/dags/bash_python.py for tasks to queue
[2026-08-06T08:56:22.804+0000] {logging_mixin.py:190} INFO - [2026-08-06T08:56:22.804+0000] {dagbag.py:588} INFO - Filling up the DagBag from /opt/airflow/dags/bash_python.py
[2026-08-06T08:56:22.827+0000] {processor.py:925} INFO - DAG(s) 'download_rocket_launches' retrieved from /opt/airflow/dags/bash_python.py
[2026-08-06T08:56:22.866+0000] {logging_mixin.py:190} INFO - [2026-08-06T08:56:22.866+0000] {dag.py:3239} INFO - Sync 1 DAGs
[2026-08-06T08:56:22.884+0000] {logging_mixin.py:190} INFO - [2026-08-06T08:56:22.883+0000] {dag.py:4180} INFO - Setting next_dagrun for download_rocket_launches to None, run_after=None
[2026-08-06T08:56:22.933+0000] {processor.py:208} INFO - Processing /opt/airflow/dags/bash_python.py took 0.144 seconds
[2026-08-06T08:56:53.086+0000] {processor.py:186} INFO - Started process (PID=1175) to work on /opt/airflow/dags/bash_python.py
[2026-08-06T08:56:53.088+0000] {processor.py:914} INFO - Processing file /opt/airflow/dags/bash_python.py for tasks to queue
[2026-08-06T08:56:53.092+0000] {logging_mixin.py:190} INFO - [2026-08-06T08:56:53.092+0000] {dagbag.py:588} INFO - Filling up the DagBag from /opt/airflow/dags/bash_python.py
[2026-08-06T08:56:53.111+0000] {processor.py:925} INFO - DAG(s) 'download_rocket_launches' retrieved from /opt/airflow/dags/bash_python.py
[2026-08-06T08:56:53.143+0000] {logging_mixin.py:190} INFO - [2026-08-06T08:56:53.143+0000] {dag.py:3239} INFO - Sync 1 DAGs
[2026-08-06T08:56:53.160+0000] {logging_mixin.py:190} INFO - [2026-08-06T08:56:53.160+0000] {dag.py:4180} INFO - Setting next_dagrun for download_rocket_launches to None, run_after=None
[2026-08-06T08:56:53.185+0000] {processor.py:208} INFO - Processing /opt/airflow/dags/bash_python.py took 0.106 seconds
[2026-08-06T08:57:23.444+0000] {processor.py:186} INFO - Started process (PID=1180) to work on /opt/airflow/dags/bash_python.py
[2026-08-06T08:57:23.446+0000] {processor.py:914} INFO - Processing file /opt/airflow/dags/bash_python.py for tasks to queue
[2026-08-06T08:57:23.449+0000] {logging_mixin.py:190} INFO - [2026-08-06T08:57:23.449+0000] {dagbag.py:588} INFO - Filling up the DagBag from /opt/airflow/dags/bash_python.py
[2026-08-06T08:57:23.469+0000] {processor.py:925} INFO - DAG(s) 'download_rocket_launches' retrieved from /opt/airflow/dags/bash_python.py
[2026-08-06T08:57:23.501+0000] {logging_mixin.py:190} INFO - [2026-08-06T08:57:23.501+0000] {dag.py:3239} INFO - Sync 1 DAGs
[2026-08-06T08:57:23.518+0000] {logging_mixin.py:190} INFO - [2026-08-06T08:57:23.518+0000] {dag.py:4180} INFO - Setting next_dagrun for download_rocket_launches to None, run_after=None
[2026-08-06T08:57:23.566+0000] {processor.py:208} INFO - Processing /opt/airflow/dags/bash_python.py took 0.127 seconds
[2026-08-06T12:59:48.441+0000] {processor.py:186} INFO - Started process (PID=1185) to work on /opt/airflow/dags/bash_python.py
[2026-08-06T12:59:48.446+0000] {processor.py:914} INFO - Processing file /opt/airflow/dags/bash_python.py for tasks to queue
[2026-08-06T12:59:48.473+0000] {logging_mixin.py:190} INFO - [2026-08-06T12:59:48.463+0000] {dagbag.py:588} INFO - Filling up the DagBag from /opt/airflow/dags/bash_python.py
[2026-08-06T12:59:48.586+0000] {processor.py:925} INFO - DAG(s) 'download_rocket_launches' retrieved from /opt/airflow/dags/bash_python.py
[2026-08-06T12:59:48.706+0000] {logging_mixin.py:190} INFO - [2026-08-06T12:59:48.705+0000] {dag.py:3239} INFO - Sync 1 DAGs
[2026-08-06T12:59:48.812+0000] {logging_mixin.py:190} INFO - [2026-08-06T12:59:48.811+0000] {dag.py:4180} INFO - Setting next_dagrun for download_rocket_launches to None, run_after=None
[2026-08-06T12:59:48.974+0000] {processor.py:208} INFO - Processing /opt/airflow/dags/bash_python.py took 0.558 seconds
[2026-08-06T13:00:19.307+0000] {processor.py:186} INFO - Started process (PID=1190) to work on /opt/airflow/dags/bash_python.py
[2026-08-06T13:00:19.309+0000] {processor.py:914} INFO - Processing file /opt/airflow/dags/bash_python.py for tasks to queue
[2026-08-06T13:00:19.315+0000] {logging_mixin.py:190} INFO - [2026-08-06T13:00:19.314+0000] {dagbag.py:588} INFO - Filling up the DagBag from /opt/airflow/dags/bash_python.py
[2026-08-06T13:00:19.338+0000] {processor.py:925} INFO - DAG(s) 'download_rocket_launches' retrieved from /opt/airflow/dags/bash_python.py
[2026-08-06T13:00:19.382+0000] {logging_mixin.py:190} INFO - [2026-08-06T13:00:19.381+0000] {dag.py:3239} INFO - Sync 1 DAGs
[2026-08-06T13:00:19.399+0000] {logging_mixin.py:190} INFO - [2026-08-06T13:00:19.399+0000] {dag.py:4180} INFO - Setting next_dagrun for download_rocket_launches to None, run_after=None
[2026-08-06T13:00:19.421+0000] {processor.py:208} INFO - Processing /opt/airflow/dags/bash_python.py took 0.124 seconds
[2026-08-06T13:00:49.931+0000] {processor.py:186} INFO - Started process (PID=1195) to work on /opt/airflow/dags/bash_python.py
[2026-08-06T13:00:49.933+0000] {processor.py:914} INFO - Processing file /opt/airflow/dags/bash_python.py for tasks to queue
[2026-08-06T13:00:49.937+0000] {logging_mixin.py:190} INFO - [2026-08-06T13:00:49.936+0000] {dagbag.py:588} INFO - Filling up the DagBag from /opt/airflow/dags/bash_python.py
[2026-08-06T13:00:49.961+0000] {processor.py:925} INFO - DAG(s) 'download_rocket_launches' retrieved from /opt/airflow/dags/bash_python.py
[2026-08-06T13:00:50.003+0000] {logging_mixin.py:190} INFO - [2026-08-06T13:00:50.003+0000] {dag.py:3239} INFO - Sync 1 DAGs
[2026-08-06T13:00:50.022+0000] {logging_mixin.py:190} INFO - [2026-08-06T13:00:50.022+0000] {dag.py:4180} INFO - Setting next_dagrun for download_rocket_launches to None, run_after=None
[2026-08-06T13:00:50.071+0000] {processor.py:208} INFO - Processing /opt/airflow/dags/bash_python.py took 0.150 seconds
[2026-08-06T13:01:20.265+0000] {processor.py:186} INFO - Started process (PID=1200) to work on /opt/airflow/dags/bash_python.py
[2026-08-06T13:01:20.266+0000] {processor.py:914} INFO - Processing file /opt/airflow/dags/bash_python.py for tasks to queue
[2026-08-06T13:01:20.269+0000] {logging_mixin.py:190} INFO - [2026-08-06T13:01:20.268+0000] {dagbag.py:588} INFO - Filling up the DagBag from /opt/airflow/dags/bash_python.py
[2026-08-06T13:01:20.289+0000] {processor.py:925} INFO - DAG(s) 'download_rocket_launches' retrieved from /opt/airflow/dags/bash_python.py
[2026-08-06T13:01:20.320+0000] {logging_mixin.py:190} INFO - [2026-08-06T13:01:20.320+0000] {dag.py:3239} INFO - Sync 1 DAGs
[2026-08-06T13:01:20.335+0000] {logging_mixin.py:190} INFO - [2026-08-06T13:01:20.335+0000] {dag.py:4180} INFO - Setting next_dagrun for download_rocket_launches to None, run_after=None
[2026-08-06T13:01:20.378+0000] {processor.py:208} INFO - Processing /opt/airflow/dags/bash_python.py took 0.119 seconds
[2026-08-06T13:01:50.619+0000] {processor.py:186} INFO - Started process (PID=1205) to work on /opt/airflow/dags/bash_python.py
[2026-08-06T13:01:50.621+0000] {processor.py:914} INFO - Processing file /opt/airflow/dags/bash_python.py for tasks to queue
[2026-08-06T13:01:50.625+0000] {logging_mixin.py:190} INFO - [2026-08-06T13:01:50.625+0000] {dagbag.py:588} INFO - Filling up the DagBag from /opt/airflow/dags/bash_python.py
[2026-08-06T13:01:50.649+0000] {processor.py:925} INFO - DAG(s) 'download_rocket_launches' retrieved from /opt/airflow/dags/bash_python.py
[2026-08-06T13:01:50.687+0000] {logging_mixin.py:190} INFO - [2026-08-06T13:01:50.687+0000] {dag.py:3239} INFO - Sync 1 DAGs
[2026-08-06T13:01:50.705+0000] {logging_mixin.py:190} INFO - [2026-08-06T13:01:50.704+0000] {dag.py:4180} INFO - Setting next_dagrun for download_rocket_launches to None, run_after=None
[2026-08-06T13:01:50.749+0000] {processor.py:208} INFO - Processing /opt/airflow/dags/bash_python.py took 0.137 seconds
[2026-08-06T13:02:20.910+0000] {processor.py:186} INFO - Started process (PID=1210) to work on /opt/airflow/dags/bash_python.py
[2026-08-06T13:02:20.912+0000] {processor.py:914} INFO - Processing file /opt/airflow/dags/bash_python.py for tasks to queue
[2026-08-06T13:02:20.918+0000] {logging_mixin.py:190} INFO - [2026-08-06T13:02:20.917+0000] {dagbag.py:588} INFO - Filling up the DagBag from /opt/airflow/dags/bash_python.py
[2026-08-06T13:02:20.940+0000] {processor.py:925} INFO - DAG(s) 'download_rocket_launches' retrieved from /opt/airflow/dags/bash_python.py
[2026-08-06T13:02:20.978+0000] {logging_mixin.py:190} INFO - [2026-08-06T13:02:20.977+0000] {dag.py:3239} INFO - Sync 1 DAGs
[2026-08-06T13:02:20.996+0000] {logging_mixin.py:190} INFO - [2026-08-06T13:02:20.995+0000] {dag.py:4180} INFO - Setting next_dagrun for download_rocket_launches to None, run_after=None
[2026-08-06T13:02:21.016+0000] {processor.py:208} INFO - Processing /opt/airflow/dags/bash_python.py took 0.119 seconds
[2026-08-06T13:02:51.273+0000] {processor.py:186} INFO - Started process (PID=1215) to work on /opt/airflow/dags/bash_python.py
[2026-08-06T13:02:51.274+0000] {processor.py:914} INFO - Processing file /opt/airflow/dags/bash_python.py for tasks to queue
[2026-08-06T13:02:51.278+0000] {logging_mixin.py:190} INFO - [2026-08-06T13:02:51.277+0000] {dagbag.py:588} INFO - Filling up the DagBag from /opt/airflow/dags/bash_python.py
[2026-08-06T13:02:51.335+0000] {processor.py:925} INFO - DAG(s) 'download_rocket_launches' retrieved from /opt/airflow/dags/bash_python.py
[2026-08-06T13:02:51.372+0000] {logging_mixin.py:190} INFO - [2026-08-06T13:02:51.372+0000] {dag.py:3239} INFO - Sync 1 DAGs
[2026-08-06T13:02:51.399+0000] {logging_mixin.py:190} INFO - [2026-08-06T13:02:51.398+0000] {dag.py:4180} INFO - Setting next_dagrun for download_rocket_launches to None, run_after=None
[2026-08-06T13:02:51.428+0000] {processor.py:208} INFO - Processing /opt/airflow/dags/bash_python.py took 0.163 seconds
[2026-08-06T13:03:21.533+0000] {processor.py:186} INFO - Started process (PID=1220) to work on /opt/airflow/dags/bash_python.py
[2026-08-06T13:03:21.535+0000] {processor.py:914} INFO - Processing file /opt/airflow/dags/bash_python.py for tasks to queue
[2026-08-06T13:03:21.539+0000] {logging_mixin.py:190} INFO - [2026-08-06T13:03:21.539+0000] {dagbag.py:588} INFO - Filling up the DagBag from /opt/airflow/dags/bash_python.py
[2026-08-06T13:03:21.558+0000] {processor.py:925} INFO - DAG(s) 'download_rocket_launches' retrieved from /opt/airflow/dags/bash_python.py
[2026-08-06T13:03:21.593+0000] {logging_mixin.py:190} INFO - [2026-08-06T13:03:21.593+0000] {dag.py:3239} INFO - Sync 1 DAGs
[2026-08-06T13:03:21.609+0000] {logging_mixin.py:190} INFO - [2026-08-06T13:03:21.608+0000] {dag.py:4180} INFO - Setting next_dagrun for download_rocket_launches to None, run_after=None
[2026-08-06T13:03:21.654+0000] {processor.py:208} INFO - Processing /opt/airflow/dags/bash_python.py took 0.128 seconds
[2026-08-06T13:03:51.833+0000] {processor.py:186} INFO - Started process (PID=1225) to work on /opt/airflow/dags/bash_python.py
[2026-08-06T13:03:51.835+0000] {processor.py:914} INFO - Processing file /opt/airflow/dags/bash_python.py for tasks to queue
[2026-08-06T13:03:51.842+0000] {logging_mixin.py:190} INFO - [2026-08-06T13:03:51.841+0000] {dagbag.py:588} INFO - Filling up the DagBag from /opt/airflow/dags/bash_python.py
[2026-08-06T13:03:51.871+0000] {processor.py:925} INFO - DAG(s) 'download_rocket_launches' retrieved from /opt/airflow/dags/bash_python.py
[2026-08-06T13:03:51.922+0000] {logging_mixin.py:190} INFO - [2026-08-06T13:03:51.922+0000] {dag.py:3239} INFO - Sync 1 DAGs
[2026-08-06T13:03:51.936+0000] {logging_mixin.py:190} INFO - [2026-08-06T13:03:51.935+0000] {dag.py:4180} INFO - Setting next_dagrun for download_rocket_launches to None, run_after=None
[2026-08-06T13:03:51.986+0000] {processor.py:208} INFO - Processing /opt/airflow/dags/bash_python.py took 0.163 seconds
[2026-08-06T13:04:22.181+0000] {processor.py:186} INFO - Started process (PID=1230) to work on /opt/airflow/dags/bash_python.py
[2026-08-06T13:04:22.183+0000] {processor.py:914} INFO - Processing file /opt/airflow/dags/bash_python.py for tasks to queue
[2026-08-06T13:04:22.186+0000] {logging_mixin.py:190} INFO - [2026-08-06T13:04:22.185+0000] {dagbag.py:588} INFO - Filling up the DagBag from /opt/airflow/dags/bash_python.py
[2026-08-06T13:04:22.206+0000] {processor.py:925} INFO - DAG(s) 'download_rocket_launches' retrieved from /opt/airflow/dags/bash_python.py
[2026-08-06T13:04:22.234+0000] {logging_mixin.py:190} INFO - [2026-08-06T13:04:22.234+0000] {dag.py:3239} INFO - Sync 1 DAGs
[2026-08-06T13:04:22.248+0000] {logging_mixin.py:190} INFO - [2026-08-06T13:04:22.248+0000] {dag.py:4180} INFO - Setting next_dagrun for download_rocket_launches to None, run_after=None
[2026-08-06T13:04:22.291+0000] {processor.py:208} INFO - Processing /opt/airflow/dags/bash_python.py took 0.116 seconds
[2026-08-06T13:04:52.510+0000] {processor.py:186} INFO - Started process (PID=1235) to work on /opt/airflow/dags/bash_python.py
[2026-08-06T13:04:52.512+0000] {processor.py:914} INFO - Processing file /opt/airflow/dags/bash_python.py for tasks to queue
[2026-08-06T13:04:52.516+0000] {logging_mixin.py:190} INFO - [2026-08-06T13:04:52.516+0000] {dagbag.py:588} INFO - Filling up the DagBag from /opt/airflow/dags/bash_python.py
[2026-08-06T13:04:52.540+0000] {processor.py:925} INFO - DAG(s) 'download_rocket_launches' retrieved from /opt/airflow/dags/bash_python.py
[2026-08-06T13:04:52.571+0000] {logging_mixin.py:190} INFO - [2026-08-06T13:04:52.571+0000] {dag.py:3239} INFO - Sync 1 DAGs
[2026-08-06T13:04:52.586+0000] {logging_mixin.py:190} INFO - [2026-08-06T13:04:52.586+0000] {dag.py:4180} INFO - Setting next_dagrun for download_rocket_launches to None, run_after=None
[2026-08-06T13:04:52.612+0000] {processor.py:208} INFO - Processing /opt/airflow/dags/bash_python.py took 0.111 seconds
[2026-08-06T13:05:22.820+0000] {processor.py:186} INFO - Started process (PID=1240) to work on /opt/airflow/dags/bash_python.py
[2026-08-06T13:05:22.822+0000] {processor.py:914} INFO - Processing file /opt/airflow/dags/bash_python.py for tasks to queue
[2026-08-06T13:05:22.825+0000] {logging_mixin.py:190} INFO - [2026-08-06T13:05:22.825+0000] {dagbag.py:588} INFO - Filling up the DagBag from /opt/airflow/dags/bash_python.py
[2026-08-06T13:05:22.851+0000] {processor.py:925} INFO - DAG(s) 'download_rocket_launches' retrieved from /opt/airflow/dags/bash_python.py
[2026-08-06T13:05:22.895+0000] {logging_mixin.py:190} INFO - [2026-08-06T13:05:22.895+0000] {dag.py:3239} INFO - Sync 1 DAGs
[2026-08-06T13:05:22.919+0000] {logging_mixin.py:190} INFO - [2026-08-06T13:05:22.919+0000] {dag.py:4180} INFO - Setting next_dagrun for download_rocket_launches to None, run_after=None
[2026-08-06T13:05:22.975+0000] {processor.py:208} INFO - Processing /opt/airflow/dags/bash_python.py took 0.164 seconds
[2026-08-06T13:05:53.164+0000] {processor.py:186} INFO - Started process (PID=1245) to work on /opt/airflow/dags/bash_python.py
[2026-08-06T13:05:53.167+0000] {processor.py:914} INFO - Processing file /opt/airflow/dags/bash_python.py for tasks to queue
[2026-08-06T13:05:53.172+0000] {logging_mixin.py:190} INFO - [2026-08-06T13:05:53.171+0000] {dagbag.py:588} INFO - Filling up the DagBag from /opt/airflow/dags/bash_python.py
[2026-08-06T13:05:53.198+0000] {processor.py:925} INFO - DAG(s) 'download_rocket_launches' retrieved from /opt/airflow/dags/bash_python.py
[2026-08-06T13:05:53.246+0000] {logging_mixin.py:190} INFO - [2026-08-06T13:05:53.246+0000] {dag.py:3239} INFO - Sync 1 DAGs
[2026-08-06T13:05:53.279+0000] {logging_mixin.py:190} INFO - [2026-08-06T13:05:53.278+0000] {dag.py:4180} INFO - Setting next_dagrun for download_rocket_launches to None, run_after=None
[2026-08-06T13:05:53.309+0000] {processor.py:208} INFO - Processing /opt/airflow/dags/bash_python.py took 0.154 seconds
[2026-08-06T13:06:23.518+0000] {processor.py:186} INFO - Started process (PID=1250) to work on /opt/airflow/dags/bash_python.py
[2026-08-06T13:06:23.519+0000] {processor.py:914} INFO - Processing file /opt/airflow/dags/bash_python.py for tasks to queue
[2026-08-06T13:06:23.523+0000] {logging_mixin.py:190} INFO - [2026-08-06T13:06:23.522+0000] {dagbag.py:588} INFO - Filling up the DagBag from /opt/airflow/dags/bash_python.py
[2026-08-06T13:06:23.542+0000] {processor.py:925} INFO - DAG(s) 'download_rocket_launches' retrieved from /opt/airflow/dags/bash_python.py
[2026-08-06T13:06:23.578+0000] {logging_mixin.py:190} INFO - [2026-08-06T13:06:23.577+0000] {dag.py:3239} INFO - Sync 1 DAGs
[2026-08-06T13:06:23.595+0000] {logging_mixin.py:190} INFO - [2026-08-06T13:06:23.595+0000] {dag.py:4180} INFO - Setting next_dagrun for download_rocket_launches to None, run_after=None
[2026-08-06T13:06:23.619+0000] {processor.py:208} INFO - Processing /opt/airflow/dags/bash_python.py took 0.109 seconds
[2026-08-06T13:06:53.857+0000] {processor.py:186} INFO - Started process (PID=1255) to work on /opt/airflow/dags/bash_python.py
[2026-08-06T13:06:53.858+0000] {processor.py:914} INFO - Processing file /opt/airflow/dags/bash_python.py for tasks to queue
[2026-08-06T13:06:53.861+0000] {logging_mixin.py:190} INFO - [2026-08-06T13:06:53.861+0000] {dagbag.py:588} INFO - Filling up the DagBag from /opt/airflow/dags/bash_python.py
[2026-08-06T13:06:53.885+0000] {processor.py:925} INFO - DAG(s) 'download_rocket_launches' retrieved from /opt/airflow/dags/bash_python.py
[2026-08-06T13:06:53.921+0000] {logging_mixin.py:190} INFO - [2026-08-06T13:06:53.921+0000] {dag.py:3239} INFO - Sync 1 DAGs
[2026-08-06T13:06:53.937+0000] {logging_mixin.py:190} INFO - [2026-08-06T13:06:53.936+0000] {dag.py:4180} INFO - Setting next_dagrun for download_rocket_launches to None, run_after=None
[2026-08-06T13:06:53.958+0000] {processor.py:208} INFO - Processing /opt/airflow/dags/bash_python.py took 0.108 seconds
[2026-08-06T13:07:24.166+0000] {processor.py:186} INFO - Started process (PID=1260) to work on /opt/airflow/dags/bash_python.py
[2026-08-06T13:07:24.167+0000] {processor.py:914} INFO - Processing file /opt/airflow/dags/bash_python.py for tasks to queue
[2026-08-06T13:07:24.170+0000] {logging_mixin.py:190} INFO - [2026-08-06T13:07:24.170+0000] {dagbag.py:588} INFO - Filling up the DagBag from /opt/airflow/dags/bash_python.py
[2026-08-06T13:07:24.192+0000] {processor.py:925} INFO - DAG(s) 'download_rocket_launches' retrieved from /opt/airflow/dags/bash_python.py
[2026-08-06T13:07:24.232+0000] {logging_mixin.py:190} INFO - [2026-08-06T13:07:24.231+0000] {dag.py:3239} INFO - Sync 1 DAGs
[2026-08-06T13:07:24.249+0000] {logging_mixin.py:190} INFO - [2026-08-06T13:07:24.248+0000] {dag.py:4180} INFO - Setting next_dagrun for download_rocket_launches to None, run_after=None
[2026-08-06T13:07:24.298+0000] {processor.py:208} INFO - Processing /opt/airflow/dags/bash_python.py took 0.140 seconds
[2026-08-06T13:07:54.493+0000] {processor.py:186} INFO - Started process (PID=1265) to work on /opt/airflow/dags/bash_python.py
[2026-08-06T13:07:54.494+0000] {processor.py:914} INFO - Processing file /opt/airflow/dags/bash_python.py for tasks to queue
[2026-08-06T13:07:54.498+0000] {logging_mixin.py:190} INFO - [2026-08-06T13:07:54.497+0000] {dagbag.py:588} INFO - Filling up the DagBag from /opt/airflow/dags/bash_python.py
[2026-08-06T13:07:54.519+0000] {processor.py:925} INFO - DAG(s) 'download_rocket_launches' retrieved from /opt/airflow/dags/bash_python.py
[2026-08-06T13:07:54.555+0000] {logging_mixin.py:190} INFO - [2026-08-06T13:07:54.554+0000] {dag.py:3239} INFO - Sync 1 DAGs
[2026-08-06T13:07:54.582+0000] {logging_mixin.py:190} INFO - [2026-08-06T13:07:54.582+0000] {dag.py:4180} INFO - Setting next_dagrun for download_rocket_launches to None, run_after=None
[2026-08-06T13:07:54.656+0000] {processor.py:208} INFO - Processing /opt/airflow/dags/bash_python.py took 0.169 seconds
[2026-08-06T13:08:24.826+0000] {processor.py:186} INFO - Started process (PID=1270) to work on /opt/airflow/dags/bash_python.py
[2026-08-06T13:08:24.828+0000] {processor.py:914} INFO - Processing file /opt/airflow/dags/bash_python.py for tasks to queue
[2026-08-06T13:08:24.831+0000] {logging_mixin.py:190} INFO - [2026-08-06T13:08:24.831+0000] {dagbag.py:588} INFO - Filling up the DagBag from /opt/airflow/dags/bash_python.py
[2026-08-06T13:08:24.856+0000] {processor.py:925} INFO - DAG(s) 'download_rocket_launches' retrieved from /opt/airflow/dags/bash_python.py
[2026-08-06T13:08:24.895+0000] {logging_mixin.py:190} INFO - [2026-08-06T13:08:24.895+0000] {dag.py:3239} INFO - Sync 1 DAGs
[2026-08-06T13:08:24.913+0000] {logging_mixin.py:190} INFO - [2026-08-06T13:08:24.913+0000] {dag.py:4180} INFO - Setting next_dagrun for download_rocket_launches to None, run_after=None
[2026-08-06T13:08:24.952+0000] {processor.py:208} INFO - Processing /opt/airflow/dags/bash_python.py took 0.134 seconds
[2026-08-06T13:08:55.210+0000] {processor.py:186} INFO - Started process (PID=1275) to work on /opt/airflow/dags/bash_python.py
[2026-08-06T13:08:55.212+0000] {processor.py:914} INFO - Processing file /opt/airflow/dags/bash_python.py for tasks to queue
[2026-08-06T13:08:55.215+0000] {logging_mixin.py:190} INFO - [2026-08-06T13:08:55.215+0000] {dagbag.py:588} INFO - Filling up the DagBag from /opt/airflow/dags/bash_python.py
[2026-08-06T13:08:55.236+0000] {processor.py:925} INFO - DAG(s) 'download_rocket_launches' retrieved from /opt/airflow/dags/bash_python.py
[2026-08-06T13:08:55.270+0000] {logging_mixin.py:190} INFO - [2026-08-06T13:08:55.269+0000] {dag.py:3239} INFO - Sync 1 DAGs
[2026-08-06T13:08:55.285+0000] {logging_mixin.py:190} INFO - [2026-08-06T13:08:55.285+0000] {dag.py:4180} INFO - Setting next_dagrun for download_rocket_launches to None, run_after=None
[2026-08-06T13:08:55.331+0000] {processor.py:208} INFO - Processing /opt/airflow/dags/bash_python.py took 0.127 seconds
[2026-08-06T13:09:25.486+0000] {processor.py:186} INFO - Started process (PID=1280) to work on /opt/airflow/dags/bash_python.py
[2026-08-06T13:09:25.488+0000] {processor.py:914} INFO - Processing file /opt/airflow/dags/bash_python.py for tasks to queue
[2026-08-06T13:09:25.493+0000] {logging_mixin.py:190} INFO - [2026-08-06T13:09:25.493+0000] {dagbag.py:588} INFO - Filling up the DagBag from /opt/airflow/dags/bash_python.py
[2026-08-06T13:09:25.518+0000] {processor.py:925} INFO - DAG(s) 'download_rocket_launches' retrieved from /opt/airflow/dags/bash_python.py
[2026-08-06T13:09:25.557+0000] {logging_mixin.py:190} INFO - [2026-08-06T13:09:25.557+0000] {dag.py:3239} INFO - Sync 1 DAGs
[2026-08-06T13:09:25.578+0000] {logging_mixin.py:190} INFO - [2026-08-06T13:09:25.578+0000] {dag.py:4180} INFO - Setting next_dagrun for download_rocket_launches to None, run_after=None
[2026-08-06T13:09:25.625+0000] {processor.py:208} INFO - Processing /opt/airflow/dags/bash_python.py took 0.148 seconds
[2026-08-06T13:09:55.921+0000] {processor.py:186} INFO - Started process (PID=1285) to work on /opt/airflow/dags/bash_python.py
[2026-08-06T13:09:55.923+0000] {processor.py:914} INFO - Processing file /opt/airflow/dags/bash_python.py for tasks to queue
[2026-08-06T13:09:55.926+0000] {logging_mixin.py:190} INFO - [2026-08-06T13:09:55.926+0000] {dagbag.py:588} INFO - Filling up the DagBag from /opt/airflow/dags/bash_python.py
[2026-08-06T13:09:55.951+0000] {processor.py:925} INFO - DAG(s) 'download_rocket_launches' retrieved from /opt/airflow/dags/bash_python.py
[2026-08-06T13:09:55.993+0000] {logging_mixin.py:190} INFO - [2026-08-06T13:09:55.992+0000] {dag.py:3239} INFO - Sync 1 DAGs
[2026-08-06T13:09:56.013+0000] {logging_mixin.py:190} INFO - [2026-08-06T13:09:56.012+0000] {dag.py:4180} INFO - Setting next_dagrun for download_rocket_launches to None, run_after=None
[2026-08-06T13:09:56.036+0000] {processor.py:208} INFO - Processing /opt/airflow/dags/bash_python.py took 0.123 seconds
[2026-08-06T13:10:26.186+0000] {processor.py:186} INFO - Started process (PID=1290) to work on /opt/airflow/dags/bash_python.py
[2026-08-06T13:10:26.188+0000] {processor.py:914} INFO - Processing file /opt/airflow/dags/bash_python.py for tasks to queue
[2026-08-06T13:10:26.191+0000] {logging_mixin.py:190} INFO - [2026-08-06T13:10:26.191+0000] {dagbag.py:588} INFO - Filling up the DagBag from /opt/airflow/dags/bash_python.py
[2026-08-06T13:10:26.212+0000] {processor.py:925} INFO - DAG(s) 'download_rocket_launches' retrieved from /opt/airflow/dags/bash_python.py
[2026-08-06T13:10:26.246+0000] {logging_mixin.py:190} INFO - [2026-08-06T13:10:26.246+0000] {dag.py:3239} INFO - Sync 1 DAGs
[2026-08-06T13:10:26.264+0000] {logging_mixin.py:190} INFO - [2026-08-06T13:10:26.263+0000] {dag.py:4180} INFO - Setting next_dagrun for download_rocket_launches to None, run_after=None
[2026-08-06T13:10:26.313+0000] {processor.py:208} INFO - Processing /opt/airflow/dags/bash_python.py took 0.133 seconds
[2026-08-06T13:10:56.560+0000] {processor.py:186} INFO - Started process (PID=1295) to work on /opt/airflow/dags/bash_python.py
[2026-08-06T13:10:56.562+0000] {processor.py:914} INFO - Processing file /opt/airflow/dags/bash_python.py for tasks to queue
[2026-08-06T13:10:56.565+0000] {logging_mixin.py:190} INFO - [2026-08-06T13:10:56.565+0000] {dagbag.py:588} INFO - Filling up the DagBag from /opt/airflow/dags/bash_python.py
[2026-08-06T13:10:56.586+0000] {processor.py:925} INFO - DAG(s) 'download_rocket_launches' retrieved from /opt/airflow/dags/bash_python.py
[2026-08-06T13:10:56.621+0000] {logging_mixin.py:190} INFO - [2026-08-06T13:10:56.621+0000] {dag.py:3239} INFO - Sync 1 DAGs
[2026-08-06T13:10:56.639+0000] {logging_mixin.py:190} INFO - [2026-08-06T13:10:56.639+0000] {dag.py:4180} INFO - Setting next_dagrun for download_rocket_launches to None, run_after=None
[2026-08-06T13:10:56.686+0000] {processor.py:208} INFO - Processing /opt/airflow/dags/bash_python.py took 0.133 seconds
[2026-08-06T13:11:26.833+0000] {processor.py:186} INFO - Started process (PID=1300) to work on /opt/airflow/dags/bash_python.py
[2026-08-06T13:11:26.835+0000] {processor.py:914} INFO - Processing file /opt/airflow/dags/bash_python.py for tasks to queue
[2026-08-06T13:11:26.839+0000] {logging_mixin.py:190} INFO - [2026-08-06T13:11:26.838+0000] {dagbag.py:588} INFO - Filling up the DagBag from /opt/airflow/dags/bash_python.py
[2026-08-06T13:11:26.861+0000] {processor.py:925} INFO - DAG(s) 'download_rocket_launches' retrieved from /opt/airflow/dags/bash_python.py
[2026-08-06T13:11:26.897+0000] {logging_mixin.py:190} INFO - [2026-08-06T13:11:26.896+0000] {dag.py:3239} INFO - Sync 1 DAGs
[2026-08-06T13:11:26.913+0000] {logging_mixin.py:190} INFO - [2026-08-06T13:11:26.912+0000] {dag.py:4180} INFO - Setting next_dagrun for download_rocket_launches to None, run_after=None
[2026-08-06T13:11:27.001+0000] {processor.py:208} INFO - Processing /opt/airflow/dags/bash_python.py took 0.174 seconds
[2026-08-06T13:11:57.237+0000] {processor.py:186} INFO - Started process (PID=1305) to work on /opt/airflow/dags/bash_python.py
[2026-08-06T13:11:57.239+0000] {processor.py:914} INFO - Processing file /opt/airflow/dags/bash_python.py for tasks to queue
[2026-08-06T13:11:57.245+0000] {logging_mixin.py:190} INFO - [2026-08-06T13:11:57.244+0000] {dagbag.py:588} INFO - Filling up the DagBag from /opt/airflow/dags/bash_python.py
[2026-08-06T13:11:57.271+0000] {processor.py:925} INFO - DAG(s) 'download_rocket_launches' retrieved from /opt/airflow/dags/bash_python.py
[2026-08-06T13:11:57.311+0000] {logging_mixin.py:190} INFO - [2026-08-06T13:11:57.310+0000] {dag.py:3239} INFO - Sync 1 DAGs
[2026-08-06T13:11:57.328+0000] {logging_mixin.py:190} INFO - [2026-08-06T13:11:57.327+0000] {dag.py:4180} INFO - Setting next_dagrun for download_rocket_launches to None, run_after=None
[2026-08-06T13:11:57.351+0000] {processor.py:208} INFO - Processing /opt/airflow/dags/bash_python.py took 0.124 seconds
[2026-08-06T13:12:27.529+0000] {processor.py:186} INFO - Started process (PID=1310) to work on /opt/airflow/dags/bash_python.py
[2026-08-06T13:12:27.530+0000] {processor.py:914} INFO - Processing file /opt/airflow/dags/bash_python.py for tasks to queue
[2026-08-06T13:12:27.533+0000] {logging_mixin.py:190} INFO - [2026-08-06T13:12:27.532+0000] {dagbag.py:588} INFO - Filling up the DagBag from /opt/airflow/dags/bash_python.py
[2026-08-06T13:12:27.549+0000] {processor.py:925} INFO - DAG(s) 'download_rocket_launches' retrieved from /opt/airflow/dags/bash_python.py
[2026-08-06T13:12:27.577+0000] {logging_mixin.py:190} INFO - [2026-08-06T13:12:27.577+0000] {dag.py:3239} INFO - Sync 1 DAGs
[2026-08-06T13:12:27.590+0000] {logging_mixin.py:190} INFO - [2026-08-06T13:12:27.590+0000] {dag.py:4180} INFO - Setting next_dagrun for download_rocket_launches to None, run_after=None
[2026-08-06T13:12:27.633+0000] {processor.py:208} INFO - Processing /opt/airflow/dags/bash_python.py took 0.109 seconds
[2026-08-06T13:12:57.880+0000] {processor.py:186} INFO - Started process (PID=1315) to work on /opt/airflow/dags/bash_python.py
[2026-08-06T13:12:57.882+0000] {processor.py:914} INFO - Processing file /opt/airflow/dags/bash_python.py for tasks to queue
[2026-08-06T13:12:57.885+0000] {logging_mixin.py:190} INFO - [2026-08-06T13:12:57.885+0000] {dagbag.py:588} INFO - Filling up the DagBag from /opt/airflow/dags/bash_python.py
[2026-08-06T13:12:57.905+0000] {processor.py:925} INFO - DAG(s) 'download_rocket_launches' retrieved from /opt/airflow/dags/bash_python.py
[2026-08-06T13:12:57.940+0000] {logging_mixin.py:190} INFO - [2026-08-06T13:12:57.939+0000] {dag.py:3239} INFO - Sync 1 DAGs
[2026-08-06T13:12:57.957+0000] {logging_mixin.py:190} INFO - [2026-08-06T13:12:57.956+0000] {dag.py:4180} INFO - Setting next_dagrun for download_rocket_launches to None, run_after=None
[2026-08-06T13:12:58.002+0000] {processor.py:208} INFO - Processing /opt/airflow/dags/bash_python.py took 0.128 seconds
[2026-08-06T13:13:28.177+0000] {processor.py:186} INFO - Started process (PID=1320) to work on /opt/airflow/dags/bash_python.py
[2026-08-06T13:13:28.179+0000] {processor.py:914} INFO - Processing file /opt/airflow/dags/bash_python.py for tasks to queue
[2026-08-06T13:13:28.182+0000] {logging_mixin.py:190} INFO - [2026-08-06T13:13:28.182+0000] {dagbag.py:588} INFO - Filling up the DagBag from /opt/airflow/dags/bash_python.py
[2026-08-06T13:13:28.202+0000] {processor.py:925} INFO - DAG(s) 'download_rocket_launches' retrieved from /opt/airflow/dags/bash_python.py
[2026-08-06T13:13:28.238+0000] {logging_mixin.py:190} INFO - [2026-08-06T13:13:28.237+0000] {dag.py:3239} INFO - Sync 1 DAGs
[2026-08-06T13:13:28.254+0000] {logging_mixin.py:190} INFO - [2026-08-06T13:13:28.254+0000] {dag.py:4180} INFO - Setting next_dagrun for download_rocket_launches to None, run_after=None
[2026-08-06T13:13:28.280+0000] {processor.py:208} INFO - Processing /opt/airflow/dags/bash_python.py took 0.110 seconds
[2026-08-06T13:13:58.559+0000] {processor.py:186} INFO - Started process (PID=1325) to work on /opt/airflow/dags/bash_python.py
[2026-08-06T13:13:58.560+0000] {processor.py:914} INFO - Processing file /opt/airflow/dags/bash_python.py for tasks to queue
[2026-08-06T13:13:58.563+0000] {logging_mixin.py:190} INFO - [2026-08-06T13:13:58.563+0000] {dagbag.py:588} INFO - Filling up the DagBag from /opt/airflow/dags/bash_python.py
[2026-08-06T13:13:58.583+0000] {processor.py:925} INFO - DAG(s) 'download_rocket_launches' retrieved from /opt/airflow/dags/bash_python.py
[2026-08-06T13:13:58.615+0000] {logging_mixin.py:190} INFO - [2026-08-06T13:13:58.615+0000] {dag.py:3239} INFO - Sync 1 DAGs
[2026-08-06T13:13:58.631+0000] {logging_mixin.py:190} INFO - [2026-08-06T13:13:58.631+0000] {dag.py:4180} INFO - Setting next_dagrun for download_rocket_launches to None, run_after=None
[2026-08-06T13:13:58.676+0000] {processor.py:208} INFO - Processing /opt/airflow/dags/bash_python.py took 0.124 seconds
[2026-08-06T13:14:28.849+0000] {processor.py:186} INFO - Started process (PID=1330) to work on /opt/airflow/dags/bash_python.py
[2026-08-06T13:14:28.851+0000] {processor.py:914} INFO - Processing file /opt/airflow/dags/bash_python.py for tasks to queue
[2026-08-06T13:14:28.854+0000] {logging_mixin.py:190} INFO - [2026-08-06T13:14:28.854+0000] {dagbag.py:588} INFO - Filling up the DagBag from /opt/airflow/dags/bash_python.py
[2026-08-06T13:14:28.875+0000] {processor.py:925} INFO - DAG(s) 'download_rocket_launches' retrieved from /opt/airflow/dags/bash_python.py
[2026-08-06T13:14:28.908+0000] {logging_mixin.py:190} INFO - [2026-08-06T13:14:28.908+0000] {dag.py:3239} INFO - Sync 1 DAGs
[2026-08-06T13:14:28.924+0000] {logging_mixin.py:190} INFO - [2026-08-06T13:14:28.923+0000] {dag.py:4180} INFO - Setting next_dagrun for download_rocket_launches to None, run_after=None
[2026-08-06T13:14:28.970+0000] {processor.py:208} INFO - Processing /opt/airflow/dags/bash_python.py took 0.129 seconds
[2026-08-06T13:14:59.226+0000] {processor.py:186} INFO - Started process (PID=1335) to work on /opt/airflow/dags/bash_python.py
[2026-08-06T13:14:59.228+0000] {processor.py:914} INFO - Processing file /opt/airflow/dags/bash_python.py for tasks to queue
[2026-08-06T13:14:59.231+0000] {logging_mixin.py:190} INFO - [2026-08-06T13:14:59.231+0000] {dagbag.py:588} INFO - Filling up the DagBag from /opt/airflow/dags/bash_python.py
[2026-08-06T13:14:59.251+0000] {processor.py:925} INFO - DAG(s) 'download_rocket_launches' retrieved from /opt/airflow/dags/bash_python.py
[2026-08-06T13:14:59.286+0000] {logging_mixin.py:190} INFO - [2026-08-06T13:14:59.285+0000] {dag.py:3239} INFO - Sync 1 DAGs
[2026-08-06T13:14:59.302+0000] {logging_mixin.py:190} INFO - [2026-08-06T13:14:59.302+0000] {dag.py:4180} INFO - Setting next_dagrun for download_rocket_launches to None, run_after=None
[2026-08-06T13:14:59.348+0000] {processor.py:208} INFO - Processing /opt/airflow/dags/bash_python.py took 0.128 seconds
[2026-08-06T13:15:29.536+0000] {processor.py:186} INFO - Started process (PID=1340) to work on /opt/airflow/dags/bash_python.py
[2026-08-06T13:15:29.538+0000] {processor.py:914} INFO - Processing file /opt/airflow/dags/bash_python.py for tasks to queue
[2026-08-06T13:15:29.544+0000] {logging_mixin.py:190} INFO - [2026-08-06T13:15:29.543+0000] {dagbag.py:588} INFO - Filling up the DagBag from /opt/airflow/dags/bash_python.py
[2026-08-06T13:15:29.565+0000] {processor.py:925} INFO - DAG(s) 'download_rocket_launches' retrieved from /opt/airflow/dags/bash_python.py
[2026-08-06T13:15:29.602+0000] {logging_mixin.py:190} INFO - [2026-08-06T13:15:29.601+0000] {dag.py:3239} INFO - Sync 1 DAGs
[2026-08-06T13:15:29.618+0000] {logging_mixin.py:190} INFO - [2026-08-06T13:15:29.618+0000] {dag.py:4180} INFO - Setting next_dagrun for download_rocket_launches to None, run_after=None
[2026-08-06T13:15:29.641+0000] {processor.py:208} INFO - Processing /opt/airflow/dags/bash_python.py took 0.116 seconds
[2026-08-06T13:15:59.897+0000] {processor.py:186} INFO - Started process (PID=1345) to work on /opt/airflow/dags/bash_python.py
[2026-08-06T13:15:59.898+0000] {processor.py:914} INFO - Processing file /opt/airflow/dags/bash_python.py for tasks to queue
[2026-08-06T13:15:59.901+0000] {logging_mixin.py:190} INFO - [2026-08-06T13:15:59.901+0000] {dagbag.py:588} INFO - Filling up the DagBag from /opt/airflow/dags/bash_python.py
[2026-08-06T13:15:59.922+0000] {processor.py:925} INFO - DAG(s) 'download_rocket_launches' retrieved from /opt/airflow/dags/bash_python.py
[2026-08-06T13:15:59.956+0000] {logging_mixin.py:190} INFO - [2026-08-06T13:15:59.955+0000] {dag.py:3239} INFO - Sync 1 DAGs
[2026-08-06T13:15:59.972+0000] {logging_mixin.py:190} INFO - [2026-08-06T13:15:59.971+0000] {dag.py:4180} INFO - Setting next_dagrun for download_rocket_launches to None, run_after=None
[2026-08-06T13:16:00.022+0000] {processor.py:208} INFO - Processing /opt/airflow/dags/bash_python.py took 0.133 seconds
[2026-08-06T13:16:30.177+0000] {processor.py:186} INFO - Started process (PID=1350) to work on /opt/airflow/dags/bash_python.py
[2026-08-06T13:16:30.179+0000] {processor.py:914} INFO - Processing file /opt/airflow/dags/bash_python.py for tasks to queue
[2026-08-06T13:16:30.182+0000] {logging_mixin.py:190} INFO - [2026-08-06T13:16:30.181+0000] {dagbag.py:588} INFO - Filling up the DagBag from /opt/airflow/dags/bash_python.py
[2026-08-06T13:16:30.203+0000] {processor.py:925} INFO - DAG(s) 'download_rocket_launches' retrieved from /opt/airflow/dags/bash_python.py
[2026-08-06T13:16:30.237+0000] {logging_mixin.py:190} INFO - [2026-08-06T13:16:30.237+0000] {dag.py:3239} INFO - Sync 1 DAGs
[2026-08-06T13:16:30.257+0000] {logging_mixin.py:190} INFO - [2026-08-06T13:16:30.256+0000] {dag.py:4180} INFO - Setting next_dagrun for download_rocket_launches to None, run_after=None
[2026-08-06T13:16:30.301+0000] {processor.py:208} INFO - Processing /opt/airflow/dags/bash_python.py took 0.131 seconds
[2026-08-06T13:17:00.552+0000] {processor.py:186} INFO - Started process (PID=1355) to work on /opt/airflow/dags/bash_python.py
[2026-08-06T13:17:00.553+0000] {processor.py:914} INFO - Processing file /opt/airflow/dags/bash_python.py for tasks to queue
[2026-08-06T13:17:00.556+0000] {logging_mixin.py:190} INFO - [2026-08-06T13:17:00.556+0000] {dagbag.py:588} INFO - Filling up the DagBag from /opt/airflow/dags/bash_python.py
[2026-08-06T13:17:00.575+0000] {processor.py:925} INFO - DAG(s) 'download_rocket_launches' retrieved from /opt/airflow/dags/bash_python.py
[2026-08-06T13:17:00.607+0000] {logging_mixin.py:190} INFO - [2026-08-06T13:17:00.607+0000] {dag.py:3239} INFO - Sync 1 DAGs
[2026-08-06T13:17:00.623+0000] {logging_mixin.py:190} INFO - [2026-08-06T13:17:00.623+0000] {dag.py:4180} INFO - Setting next_dagrun for download_rocket_launches to None, run_after=None
[2026-08-06T13:17:00.670+0000] {processor.py:208} INFO - Processing /opt/airflow/dags/bash_python.py took 0.125 seconds
[2026-08-06T13:17:30.826+0000] {processor.py:186} INFO - Started process (PID=1360) to work on /opt/airflow/dags/bash_python.py
[2026-08-06T13:17:30.827+0000] {processor.py:914} INFO - Processing file /opt/airflow/dags/bash_python.py for tasks to queue
[2026-08-06T13:17:30.831+0000] {logging_mixin.py:190} INFO - [2026-08-06T13:17:30.830+0000] {dagbag.py:588} INFO - Filling up the DagBag from /opt/airflow/dags/bash_python.py
[2026-08-06T13:17:30.852+0000] {processor.py:925} INFO - DAG(s) 'download_rocket_launches' retrieved from /opt/airflow/dags/bash_python.py
[2026-08-06T13:17:30.888+0000] {logging_mixin.py:190} INFO - [2026-08-06T13:17:30.888+0000] {dag.py:3239} INFO - Sync 1 DAGs
[2026-08-06T13:17:30.904+0000] {logging_mixin.py:190} INFO - [2026-08-06T13:17:30.903+0000] {dag.py:4180} INFO - Setting next_dagrun for download_rocket_launches to None, run_after=None
[2026-08-06T13:17:30.949+0000] {processor.py:208} INFO - Processing /opt/airflow/dags/bash_python.py took 0.131 seconds
[2026-08-06T13:18:01.193+0000] {processor.py:186} INFO - Started process (PID=1365) to work on /opt/airflow/dags/bash_python.py
[2026-08-06T13:18:01.195+0000] {processor.py:914} INFO - Processing file /opt/airflow/dags/bash_python.py for tasks to queue
[2026-08-06T13:18:01.199+0000] {logging_mixin.py:190} INFO - [2026-08-06T13:18:01.199+0000] {dagbag.py:588} INFO - Filling up the DagBag from /opt/airflow/dags/bash_python.py
[2026-08-06T13:18:01.224+0000] {processor.py:925} INFO - DAG(s) 'download_rocket_launches' retrieved from /opt/airflow/dags/bash_python.py
[2026-08-06T13:18:01.259+0000] {logging_mixin.py:190} INFO - [2026-08-06T13:18:01.259+0000] {dag.py:3239} INFO - Sync 1 DAGs
[2026-08-06T13:18:01.276+0000] {logging_mixin.py:190} INFO - [2026-08-06T13:18:01.276+0000] {dag.py:4180} INFO - Setting next_dagrun for download_rocket_launches to None, run_after=None
[2026-08-06T13:18:01.325+0000] {processor.py:208} INFO - Processing /opt/airflow/dags/bash_python.py took 0.140 seconds
[2026-08-06T13:18:31.480+0000] {processor.py:186} INFO - Started process (PID=1370) to work on /opt/airflow/dags/bash_python.py
[2026-08-06T13:18:31.481+0000] {processor.py:914} INFO - Processing file /opt/airflow/dags/bash_python.py for tasks to queue
[2026-08-06T13:18:31.484+0000] {logging_mixin.py:190} INFO - [2026-08-06T13:18:31.484+0000] {dagbag.py:588} INFO - Filling up the DagBag from /opt/airflow/dags/bash_python.py
[2026-08-06T13:18:31.499+0000] {processor.py:925} INFO - DAG(s) 'download_rocket_launches' retrieved from /opt/airflow/dags/bash_python.py
[2026-08-06T13:18:31.528+0000] {logging_mixin.py:190} INFO - [2026-08-06T13:18:31.527+0000] {dag.py:3239} INFO - Sync 1 DAGs
[2026-08-06T13:18:31.541+0000] {logging_mixin.py:190} INFO - [2026-08-06T13:18:31.541+0000] {dag.py:4180} INFO - Setting next_dagrun for download_rocket_launches to None, run_after=None
[2026-08-06T13:18:31.565+0000] {processor.py:208} INFO - Processing /opt/airflow/dags/bash_python.py took 0.091 seconds
[2026-08-06T13:19:01.845+0000] {processor.py:186} INFO - Started process (PID=1375) to work on /opt/airflow/dags/bash_python.py
[2026-08-06T13:19:01.846+0000] {processor.py:914} INFO - Processing file /opt/airflow/dags/bash_python.py for tasks to queue
[2026-08-06T13:19:01.849+0000] {logging_mixin.py:190} INFO - [2026-08-06T13:19:01.849+0000] {dagbag.py:588} INFO - Filling up the DagBag from /opt/airflow/dags/bash_python.py
[2026-08-06T13:19:01.868+0000] {processor.py:925} INFO - DAG(s) 'download_rocket_launches' retrieved from /opt/airflow/dags/bash_python.py
[2026-08-06T13:19:01.894+0000] {logging_mixin.py:190} INFO - [2026-08-06T13:19:01.894+0000] {dag.py:3239} INFO - Sync 1 DAGs
[2026-08-06T13:19:01.907+0000] {logging_mixin.py:190} INFO - [2026-08-06T13:19:01.907+0000] {dag.py:4180} INFO - Setting next_dagrun for download_rocket_launches to None, run_after=None
[2026-08-06T13:19:01.949+0000] {processor.py:208} INFO - Processing /opt/airflow/dags/bash_python.py took 0.110 seconds
[2026-08-06T13:19:32.137+0000] {processor.py:186} INFO - Started process (PID=1380) to work on /opt/airflow/dags/bash_python.py
[2026-08-06T13:19:32.143+0000] {processor.py:914} INFO - Processing file /opt/airflow/dags/bash_python.py for tasks to queue
[2026-08-06T13:19:32.149+0000] {logging_mixin.py:190} INFO - [2026-08-06T13:19:32.148+0000] {dagbag.py:588} INFO - Filling up the DagBag from /opt/airflow/dags/bash_python.py
[2026-08-06T13:19:32.175+0000] {processor.py:925} INFO - DAG(s) 'download_rocket_launches' retrieved from /opt/airflow/dags/bash_python.py
[2026-08-06T13:19:32.233+0000] {logging_mixin.py:190} INFO - [2026-08-06T13:19:32.233+0000] {dag.py:3239} INFO - Sync 1 DAGs
[2026-08-06T13:19:32.254+0000] {logging_mixin.py:190} INFO - [2026-08-06T13:19:32.253+0000] {dag.py:4180} INFO - Setting next_dagrun for download_rocket_launches to None, run_after=None
[2026-08-06T13:19:32.302+0000] {processor.py:208} INFO - Processing /opt/airflow/dags/bash_python.py took 0.202 seconds
[2026-08-06T13:20:02.556+0000] {processor.py:186} INFO - Started process (PID=1385) to work on /opt/airflow/dags/bash_python.py
[2026-08-06T13:20:02.558+0000] {processor.py:914} INFO - Processing file /opt/airflow/dags/bash_python.py for tasks to queue
[2026-08-06T13:20:02.562+0000] {logging_mixin.py:190} INFO - [2026-08-06T13:20:02.561+0000] {dagbag.py:588} INFO - Filling up the DagBag from /opt/airflow/dags/bash_python.py
[2026-08-06T13:20:02.584+0000] {processor.py:925} INFO - DAG(s) 'download_rocket_launches' retrieved from /opt/airflow/dags/bash_python.py
[2026-08-06T13:20:02.620+0000] {logging_mixin.py:190} INFO - [2026-08-06T13:20:02.620+0000] {dag.py:3239} INFO - Sync 1 DAGs
[2026-08-06T13:20:02.640+0000] {logging_mixin.py:190} INFO - [2026-08-06T13:20:02.639+0000] {dag.py:4180} INFO - Setting next_dagrun for download_rocket_launches to None, run_after=None
[2026-08-06T13:20:02.687+0000] {processor.py:208} INFO - Processing /opt/airflow/dags/bash_python.py took 0.137 seconds
[2026-08-06T13:20:32.846+0000] {processor.py:186} INFO - Started process (PID=1390) to work on /opt/airflow/dags/bash_python.py
[2026-08-06T13:20:32.849+0000] {processor.py:914} INFO - Processing file /opt/airflow/dags/bash_python.py for tasks to queue
[2026-08-06T13:20:32.853+0000] {logging_mixin.py:190} INFO - [2026-08-06T13:20:32.852+0000] {dagbag.py:588} INFO - Filling up the DagBag from /opt/airflow/dags/bash_python.py
[2026-08-06T13:20:32.874+0000] {processor.py:925} INFO - DAG(s) 'download_rocket_launches' retrieved from /opt/airflow/dags/bash_python.py
[2026-08-06T13:20:32.915+0000] {logging_mixin.py:190} INFO - [2026-08-06T13:20:32.915+0000] {dag.py:3239} INFO - Sync 1 DAGs
[2026-08-06T13:20:32.932+0000] {logging_mixin.py:190} INFO - [2026-08-06T13:20:32.931+0000] {dag.py:4180} INFO - Setting next_dagrun for download_rocket_launches to None, run_after=None
[2026-08-06T13:20:32.979+0000] {processor.py:208} INFO - Processing /opt/airflow/dags/bash_python.py took 0.143 seconds
[2026-08-06T13:21:03.218+0000] {processor.py:186} INFO - Started process (PID=1395) to work on /opt/airflow/dags/bash_python.py
[2026-08-06T13:21:03.220+0000] {processor.py:914} INFO - Processing file /opt/airflow/dags/bash_python.py for tasks to queue
[2026-08-06T13:21:03.223+0000] {logging_mixin.py:190} INFO - [2026-08-06T13:21:03.223+0000] {dagbag.py:588} INFO - Filling up the DagBag from /opt/airflow/dags/bash_python.py
[2026-08-06T13:21:03.242+0000] {processor.py:925} INFO - DAG(s) 'download_rocket_launches' retrieved from /opt/airflow/dags/bash_python.py
[2026-08-06T13:21:03.278+0000] {logging_mixin.py:190} INFO - [2026-08-06T13:21:03.277+0000] {dag.py:3239} INFO - Sync 1 DAGs
[2026-08-06T13:21:03.292+0000] {logging_mixin.py:190} INFO - [2026-08-06T13:21:03.292+0000] {dag.py:4180} INFO - Setting next_dagrun for download_rocket_launches to None, run_after=None
[2026-08-06T13:21:03.335+0000] {processor.py:208} INFO - Processing /opt/airflow/dags/bash_python.py took 0.125 seconds
[2026-08-06T13:21:33.533+0000] {processor.py:186} INFO - Started process (PID=1400) to work on /opt/airflow/dags/bash_python.py
[2026-08-06T13:21:33.535+0000] {processor.py:914} INFO - Processing file /opt/airflow/dags/bash_python.py for tasks to queue
[2026-08-06T13:21:33.538+0000] {logging_mixin.py:190} INFO - [2026-08-06T13:21:33.538+0000] {dagbag.py:588} INFO - Filling up the DagBag from /opt/airflow/dags/bash_python.py
[2026-08-06T13:21:33.557+0000] {processor.py:925} INFO - DAG(s) 'download_rocket_launches' retrieved from /opt/airflow/dags/bash_python.py
[2026-08-06T13:21:33.592+0000] {logging_mixin.py:190} INFO - [2026-08-06T13:21:33.591+0000] {dag.py:3239} INFO - Sync 1 DAGs
[2026-08-06T13:21:33.611+0000] {logging_mixin.py:190} INFO - [2026-08-06T13:21:33.610+0000] {dag.py:4180} INFO - Setting next_dagrun for download_rocket_launches to None, run_after=None
[2026-08-06T13:21:33.673+0000] {processor.py:208} INFO - Processing /opt/airflow/dags/bash_python.py took 0.146 seconds
[2026-08-06T13:22:03.911+0000] {processor.py:186} INFO - Started process (PID=1405) to work on /opt/airflow/dags/bash_python.py
[2026-08-06T13:22:03.913+0000] {processor.py:914} INFO - Processing file /opt/airflow/dags/bash_python.py for tasks to queue
[2026-08-06T13:22:03.917+0000] {logging_mixin.py:190} INFO - [2026-08-06T13:22:03.917+0000] {dagbag.py:588} INFO - Filling up the DagBag from /opt/airflow/dags/bash_python.py
[2026-08-06T13:22:03.936+0000] {processor.py:925} INFO - DAG(s) 'download_rocket_launches' retrieved from /opt/airflow/dags/bash_python.py
[2026-08-06T13:22:03.972+0000] {logging_mixin.py:190} INFO - [2026-08-06T13:22:03.972+0000] {dag.py:3239} INFO - Sync 1 DAGs
[2026-08-06T13:22:03.988+0000] {logging_mixin.py:190} INFO - [2026-08-06T13:22:03.988+0000] {dag.py:4180} INFO - Setting next_dagrun for download_rocket_launches to None, run_after=None
[2026-08-06T13:22:04.035+0000] {processor.py:208} INFO - Processing /opt/airflow/dags/bash_python.py took 0.132 seconds
[2026-08-06T13:22:34.201+0000] {processor.py:186} INFO - Started process (PID=1410) to work on /opt/airflow/dags/bash_python.py
[2026-08-06T13:22:34.202+0000] {processor.py:914} INFO - Processing file /opt/airflow/dags/bash_python.py for tasks to queue
[2026-08-06T13:22:34.205+0000] {logging_mixin.py:190} INFO - [2026-08-06T13:22:34.205+0000] {dagbag.py:588} INFO - Filling up the DagBag from /opt/airflow/dags/bash_python.py
[2026-08-06T13:22:34.225+0000] {processor.py:925} INFO - DAG(s) 'download_rocket_launches' retrieved from /opt/airflow/dags/bash_python.py
[2026-08-06T13:22:34.265+0000] {logging_mixin.py:190} INFO - [2026-08-06T13:22:34.265+0000] {dag.py:3239} INFO - Sync 1 DAGs
[2026-08-06T13:22:34.282+0000] {logging_mixin.py:190} INFO - [2026-08-06T13:22:34.281+0000] {dag.py:4180} INFO - Setting next_dagrun for download_rocket_launches to None, run_after=None
[2026-08-06T13:22:34.330+0000] {processor.py:208} INFO - Processing /opt/airflow/dags/bash_python.py took 0.135 seconds
[2026-08-06T13:23:04.595+0000] {processor.py:186} INFO - Started process (PID=1415) to work on /opt/airflow/dags/bash_python.py
[2026-08-06T13:23:04.597+0000] {processor.py:914} INFO - Processing file /opt/airflow/dags/bash_python.py for tasks to queue
[2026-08-06T13:23:04.600+0000] {logging_mixin.py:190} INFO - [2026-08-06T13:23:04.600+0000] {dagbag.py:588} INFO - Filling up the DagBag from /opt/airflow/dags/bash_python.py
[2026-08-06T13:23:04.620+0000] {processor.py:925} INFO - DAG(s) 'download_rocket_launches' retrieved from /opt/airflow/dags/bash_python.py
[2026-08-06T13:23:04.655+0000] {logging_mixin.py:190} INFO - [2026-08-06T13:23:04.655+0000] {dag.py:3239} INFO - Sync 1 DAGs
[2026-08-06T13:23:04.673+0000] {logging_mixin.py:190} INFO - [2026-08-06T13:23:04.672+0000] {dag.py:4180} INFO - Setting next_dagrun for download_rocket_launches to None, run_after=None
[2026-08-06T13:23:04.693+0000] {processor.py:208} INFO - Processing /opt/airflow/dags/bash_python.py took 0.107 seconds
[2026-08-06T13:23:34.871+0000] {processor.py:186} INFO - Started process (PID=1420) to work on /opt/airflow/dags/bash_python.py
[2026-08-06T13:23:34.873+0000] {processor.py:914} INFO - Processing file /opt/airflow/dags/bash_python.py for tasks to queue
[2026-08-06T13:23:34.876+0000] {logging_mixin.py:190} INFO - [2026-08-06T13:23:34.876+0000] {dagbag.py:588} INFO - Filling up the DagBag from /opt/airflow/dags/bash_python.py
[2026-08-06T13:23:34.896+0000] {processor.py:925} INFO - DAG(s) 'download_rocket_launches' retrieved from /opt/airflow/dags/bash_python.py
[2026-08-06T13:23:34.929+0000] {logging_mixin.py:190} INFO - [2026-08-06T13:23:34.928+0000] {dag.py:3239} INFO - Sync 1 DAGs
[2026-08-06T13:23:34.945+0000] {logging_mixin.py:190} INFO - [2026-08-06T13:23:34.945+0000] {dag.py:4180} INFO - Setting next_dagrun for download_rocket_launches to None, run_after=None
[2026-08-06T13:23:34.992+0000] {processor.py:208} INFO - Processing /opt/airflow/dags/bash_python.py took 0.129 seconds
[2026-08-06T13:24:05.215+0000] {processor.py:186} INFO - Started process (PID=1425) to work on /opt/airflow/dags/bash_python.py
[2026-08-06T13:24:05.217+0000] {processor.py:914} INFO - Processing file /opt/airflow/dags/bash_python.py for tasks to queue
[2026-08-06T13:24:05.219+0000] {logging_mixin.py:190} INFO - [2026-08-06T13:24:05.219+0000] {dagbag.py:588} INFO - Filling up the DagBag from /opt/airflow/dags/bash_python.py
[2026-08-06T13:24:05.250+0000] {processor.py:925} INFO - DAG(s) 'download_rocket_launches' retrieved from /opt/airflow/dags/bash_python.py
[2026-08-06T13:24:05.297+0000] {logging_mixin.py:190} INFO - [2026-08-06T13:24:05.297+0000] {dag.py:3239} INFO - Sync 1 DAGs
[2026-08-06T13:24:05.318+0000] {logging_mixin.py:190} INFO - [2026-08-06T13:24:05.318+0000] {dag.py:4180} INFO - Setting next_dagrun for download_rocket_launches to None, run_after=None
[2026-08-06T13:24:05.385+0000] {processor.py:208} INFO - Processing /opt/airflow/dags/bash_python.py took 0.176 seconds
[2026-08-06T13:24:35.520+0000] {processor.py:186} INFO - Started process (PID=1430) to work on /opt/airflow/dags/bash_python.py
[2026-08-06T13:24:35.522+0000] {processor.py:914} INFO - Processing file /opt/airflow/dags/bash_python.py for tasks to queue
[2026-08-06T13:24:35.526+0000] {logging_mixin.py:190} INFO - [2026-08-06T13:24:35.525+0000] {dagbag.py:588} INFO - Filling up the DagBag from /opt/airflow/dags/bash_python.py
[2026-08-06T13:24:35.546+0000] {processor.py:925} INFO - DAG(s) 'download_rocket_launches' retrieved from /opt/airflow/dags/bash_python.py
[2026-08-06T13:24:35.580+0000] {logging_mixin.py:190} INFO - [2026-08-06T13:24:35.579+0000] {dag.py:3239} INFO - Sync 1 DAGs
[2026-08-06T13:24:35.596+0000] {logging_mixin.py:190} INFO - [2026-08-06T13:24:35.595+0000] {dag.py:4180} INFO - Setting next_dagrun for download_rocket_launches to None, run_after=None
[2026-08-06T13:24:35.646+0000] {processor.py:208} INFO - Processing /opt/airflow/dags/bash_python.py took 0.134 seconds
[2026-08-06T13:25:05.977+0000] {processor.py:186} INFO - Started process (PID=1435) to work on /opt/airflow/dags/bash_python.py
[2026-08-06T13:25:05.978+0000] {processor.py:914} INFO - Processing file /opt/airflow/dags/bash_python.py for tasks to queue
[2026-08-06T13:25:05.981+0000] {logging_mixin.py:190} INFO - [2026-08-06T13:25:05.981+0000] {dagbag.py:588} INFO - Filling up the DagBag from /opt/airflow/dags/bash_python.py
[2026-08-06T13:25:06.002+0000] {processor.py:925} INFO - DAG(s) 'download_rocket_launches' retrieved from /opt/airflow/dags/bash_python.py
[2026-08-06T13:25:06.045+0000] {logging_mixin.py:190} INFO - [2026-08-06T13:25:06.045+0000] {dag.py:3239} INFO - Sync 1 DAGs
[2026-08-06T13:25:06.065+0000] {logging_mixin.py:190} INFO - [2026-08-06T13:25:06.064+0000] {dag.py:4180} INFO - Setting next_dagrun for download_rocket_launches to None, run_after=None
[2026-08-06T13:25:06.094+0000] {processor.py:208} INFO - Processing /opt/airflow/dags/bash_python.py took 0.125 seconds
[2026-08-06T13:25:36.247+0000] {processor.py:186} INFO - Started process (PID=1440) to work on /opt/airflow/dags/bash_python.py
[2026-08-06T13:25:36.249+0000] {processor.py:914} INFO - Processing file /opt/airflow/dags/bash_python.py for tasks to queue
[2026-08-06T13:25:36.252+0000] {logging_mixin.py:190} INFO - [2026-08-06T13:25:36.252+0000] {dagbag.py:588} INFO - Filling up the DagBag from /opt/airflow/dags/bash_python.py
[2026-08-06T13:25:36.276+0000] {processor.py:925} INFO - DAG(s) 'download_rocket_launches' retrieved from /opt/airflow/dags/bash_python.py
[2026-08-06T13:25:36.313+0000] {logging_mixin.py:190} INFO - [2026-08-06T13:25:36.313+0000] {dag.py:3239} INFO - Sync 1 DAGs
[2026-08-06T13:25:36.333+0000] {logging_mixin.py:190} INFO - [2026-08-06T13:25:36.333+0000] {dag.py:4180} INFO - Setting next_dagrun for download_rocket_launches to None, run_after=None
[2026-08-06T13:25:36.382+0000] {processor.py:208} INFO - Processing /opt/airflow/dags/bash_python.py took 0.142 seconds
[2026-08-06T13:26:06.631+0000] {processor.py:186} INFO - Started process (PID=1445) to work on /opt/airflow/dags/bash_python.py
[2026-08-06T13:26:06.634+0000] {processor.py:914} INFO - Processing file /opt/airflow/dags/bash_python.py for tasks to queue
[2026-08-06T13:26:06.638+0000] {logging_mixin.py:190} INFO - [2026-08-06T13:26:06.637+0000] {dagbag.py:588} INFO - Filling up the DagBag from /opt/airflow/dags/bash_python.py
[2026-08-06T13:26:06.659+0000] {processor.py:925} INFO - DAG(s) 'download_rocket_launches' retrieved from /opt/airflow/dags/bash_python.py
[2026-08-06T13:26:06.692+0000] {logging_mixin.py:190} INFO - [2026-08-06T13:26:06.691+0000] {dag.py:3239} INFO - Sync 1 DAGs
[2026-08-06T13:26:06.710+0000] {logging_mixin.py:190} INFO - [2026-08-06T13:26:06.710+0000] {dag.py:4180} INFO - Setting next_dagrun for download_rocket_launches to None, run_after=None
[2026-08-06T13:26:06.756+0000] {processor.py:208} INFO - Processing /opt/airflow/dags/bash_python.py took 0.134 seconds
[2026-08-06T13:26:36.914+0000] {processor.py:186} INFO - Started process (PID=1450) to work on /opt/airflow/dags/bash_python.py
[2026-08-06T13:26:36.916+0000] {processor.py:914} INFO - Processing file /opt/airflow/dags/bash_python.py for tasks to queue
[2026-08-06T13:26:36.919+0000] {logging_mixin.py:190} INFO - [2026-08-06T13:26:36.918+0000] {dagbag.py:588} INFO - Filling up the DagBag from /opt/airflow/dags/bash_python.py
[2026-08-06T13:26:36.938+0000] {processor.py:925} INFO - DAG(s) 'download_rocket_launches' retrieved from /opt/airflow/dags/bash_python.py
[2026-08-06T13:26:36.975+0000] {logging_mixin.py:190} INFO - [2026-08-06T13:26:36.975+0000] {dag.py:3239} INFO - Sync 1 DAGs
[2026-08-06T13:26:36.995+0000] {logging_mixin.py:190} INFO - [2026-08-06T13:26:36.994+0000] {dag.py:4180} INFO - Setting next_dagrun for download_rocket_launches to None, run_after=None
[2026-08-06T13:26:37.043+0000] {processor.py:208} INFO - Processing /opt/airflow/dags/bash_python.py took 0.135 seconds
[2026-08-06T13:27:07.289+0000] {processor.py:186} INFO - Started process (PID=1455) to work on /opt/airflow/dags/bash_python.py
[2026-08-06T13:27:07.290+0000] {processor.py:914} INFO - Processing file /opt/airflow/dags/bash_python.py for tasks to queue
[2026-08-06T13:27:07.294+0000] {logging_mixin.py:190} INFO - [2026-08-06T13:27:07.294+0000] {dagbag.py:588} INFO - Filling up the DagBag from /opt/airflow/dags/bash_python.py
[2026-08-06T13:27:07.315+0000] {processor.py:925} INFO - DAG(s) 'download_rocket_launches' retrieved from /opt/airflow/dags/bash_python.py
[2026-08-06T13:27:07.353+0000] {logging_mixin.py:190} INFO - [2026-08-06T13:27:07.353+0000] {dag.py:3239} INFO - Sync 1 DAGs
[2026-08-06T13:27:07.368+0000] {logging_mixin.py:190} INFO - [2026-08-06T13:27:07.368+0000] {dag.py:4180} INFO - Setting next_dagrun for download_rocket_launches to None, run_after=None
[2026-08-06T13:27:07.391+0000] {processor.py:208} INFO - Processing /opt/airflow/dags/bash_python.py took 0.112 seconds
[2026-08-06T13:27:37.578+0000] {processor.py:186} INFO - Started process (PID=1460) to work on /opt/airflow/dags/bash_python.py
[2026-08-06T13:27:37.580+0000] {processor.py:914} INFO - Processing file /opt/airflow/dags/bash_python.py for tasks to queue
[2026-08-06T13:27:37.583+0000] {logging_mixin.py:190} INFO - [2026-08-06T13:27:37.583+0000] {dagbag.py:588} INFO - Filling up the DagBag from /opt/airflow/dags/bash_python.py
[2026-08-06T13:27:37.646+0000] {processor.py:925} INFO - DAG(s) 'download_rocket_launches' retrieved from /opt/airflow/dags/bash_python.py
[2026-08-06T13:27:37.688+0000] {logging_mixin.py:190} INFO - [2026-08-06T13:27:37.687+0000] {dag.py:3239} INFO - Sync 1 DAGs
[2026-08-06T13:27:37.707+0000] {logging_mixin.py:190} INFO - [2026-08-06T13:27:37.707+0000] {dag.py:4180} INFO - Setting next_dagrun for download_rocket_launches to None, run_after=None
[2026-08-06T13:27:37.734+0000] {processor.py:208} INFO - Processing /opt/airflow/dags/bash_python.py took 0.163 seconds
[2026-08-06T13:28:07.934+0000] {processor.py:186} INFO - Started process (PID=1465) to work on /opt/airflow/dags/bash_python.py
[2026-08-06T13:28:07.936+0000] {processor.py:914} INFO - Processing file /opt/airflow/dags/bash_python.py for tasks to queue
[2026-08-06T13:28:07.940+0000] {logging_mixin.py:190} INFO - [2026-08-06T13:28:07.940+0000] {dagbag.py:588} INFO - Filling up the DagBag from /opt/airflow/dags/bash_python.py
[2026-08-06T13:28:07.960+0000] {processor.py:925} INFO - DAG(s) 'download_rocket_launches' retrieved from /opt/airflow/dags/bash_python.py
[2026-08-06T13:28:07.996+0000] {logging_mixin.py:190} INFO - [2026-08-06T13:28:07.995+0000] {dag.py:3239} INFO - Sync 1 DAGs
[2026-08-06T13:28:08.013+0000] {logging_mixin.py:190} INFO - [2026-08-06T13:28:08.013+0000] {dag.py:4180} INFO - Setting next_dagrun for download_rocket_launches to None, run_after=None
[2026-08-06T13:28:08.042+0000] {processor.py:208} INFO - Processing /opt/airflow/dags/bash_python.py took 0.116 seconds
[2026-08-06T13:28:38.249+0000] {processor.py:186} INFO - Started process (PID=1470) to work on /opt/airflow/dags/bash_python.py
[2026-08-06T13:28:38.251+0000] {processor.py:914} INFO - Processing file /opt/airflow/dags/bash_python.py for tasks to queue
[2026-08-06T13:28:38.255+0000] {logging_mixin.py:190} INFO - [2026-08-06T13:28:38.254+0000] {dagbag.py:588} INFO - Filling up the DagBag from /opt/airflow/dags/bash_python.py
[2026-08-06T13:28:38.274+0000] {processor.py:925} INFO - DAG(s) 'download_rocket_launches' retrieved from /opt/airflow/dags/bash_python.py
[2026-08-06T13:28:38.308+0000] {logging_mixin.py:190} INFO - [2026-08-06T13:28:38.308+0000] {dag.py:3239} INFO - Sync 1 DAGs
[2026-08-06T13:28:38.323+0000] {logging_mixin.py:190} INFO - [2026-08-06T13:28:38.323+0000] {dag.py:4180} INFO - Setting next_dagrun for download_rocket_launches to None, run_after=None
[2026-08-06T13:28:38.372+0000] {processor.py:208} INFO - Processing /opt/airflow/dags/bash_python.py took 0.129 seconds
[2026-08-06T13:29:08.571+0000] {processor.py:186} INFO - Started process (PID=1475) to work on /opt/airflow/dags/bash_python.py
[2026-08-06T13:29:08.573+0000] {processor.py:914} INFO - Processing file /opt/airflow/dags/bash_python.py for tasks to queue
[2026-08-06T13:29:08.575+0000] {logging_mixin.py:190} INFO - [2026-08-06T13:29:08.575+0000] {dagbag.py:588} INFO - Filling up the DagBag from /opt/airflow/dags/bash_python.py
[2026-08-06T13:29:08.595+0000] {processor.py:925} INFO - DAG(s) 'download_rocket_launches' retrieved from /opt/airflow/dags/bash_python.py
[2026-08-06T13:29:08.635+0000] {logging_mixin.py:190} INFO - [2026-08-06T13:29:08.635+0000] {dag.py:3239} INFO - Sync 1 DAGs
[2026-08-06T13:29:08.652+0000] {logging_mixin.py:190} INFO - [2026-08-06T13:29:08.651+0000] {dag.py:4180} INFO - Setting next_dagrun for download_rocket_launches to None, run_after=None
[2026-08-06T13:29:08.673+0000] {processor.py:208} INFO - Processing /opt/airflow/dags/bash_python.py took 0.109 seconds
[2026-08-06T13:29:38.902+0000] {processor.py:186} INFO - Started process (PID=1480) to work on /opt/airflow/dags/bash_python.py
[2026-08-06T13:29:38.903+0000] {processor.py:914} INFO - Processing file /opt/airflow/dags/bash_python.py for tasks to queue
[2026-08-06T13:29:38.907+0000] {logging_mixin.py:190} INFO - [2026-08-06T13:29:38.906+0000] {dagbag.py:588} INFO - Filling up the DagBag from /opt/airflow/dags/bash_python.py
[2026-08-06T13:29:38.928+0000] {processor.py:925} INFO - DAG(s) 'download_rocket_launches' retrieved from /opt/airflow/dags/bash_python.py
[2026-08-06T13:29:38.960+0000] {logging_mixin.py:190} INFO - [2026-08-06T13:29:38.960+0000] {dag.py:3239} INFO - Sync 1 DAGs
[2026-08-06T13:29:38.978+0000] {logging_mixin.py:190} INFO - [2026-08-06T13:29:38.977+0000] {dag.py:4180} INFO - Setting next_dagrun for download_rocket_launches to None, run_after=None
[2026-08-06T13:29:39.021+0000] {processor.py:208} INFO - Processing /opt/airflow/dags/bash_python.py took 0.127 seconds
[2026-08-06T13:30:09.232+0000] {processor.py:186} INFO - Started process (PID=1485) to work on /opt/airflow/dags/bash_python.py
[2026-08-06T13:30:09.233+0000] {processor.py:914} INFO - Processing file /opt/airflow/dags/bash_python.py for tasks to queue
[2026-08-06T13:30:09.236+0000] {logging_mixin.py:190} INFO - [2026-08-06T13:30:09.236+0000] {dagbag.py:588} INFO - Filling up the DagBag from /opt/airflow/dags/bash_python.py
[2026-08-06T13:30:09.256+0000] {processor.py:925} INFO - DAG(s) 'download_rocket_launches' retrieved from /opt/airflow/dags/bash_python.py
[2026-08-06T13:30:09.290+0000] {logging_mixin.py:190} INFO - [2026-08-06T13:30:09.290+0000] {dag.py:3239} INFO - Sync 1 DAGs
[2026-08-06T13:30:09.305+0000] {logging_mixin.py:190} INFO - [2026-08-06T13:30:09.305+0000] {dag.py:4180} INFO - Setting next_dagrun for download_rocket_launches to None, run_after=None
[2026-08-06T13:30:09.352+0000] {processor.py:208} INFO - Processing /opt/airflow/dags/bash_python.py took 0.128 seconds
[2026-08-06T13:30:39.546+0000] {processor.py:186} INFO - Started process (PID=1490) to work on /opt/airflow/dags/bash_python.py
[2026-08-06T13:30:39.547+0000] {processor.py:914} INFO - Processing file /opt/airflow/dags/bash_python.py for tasks to queue
[2026-08-06T13:30:39.550+0000] {logging_mixin.py:190} INFO - [2026-08-06T13:30:39.550+0000] {dagbag.py:588} INFO - Filling up the DagBag from /opt/airflow/dags/bash_python.py
[2026-08-06T13:30:39.569+0000] {processor.py:925} INFO - DAG(s) 'download_rocket_launches' retrieved from /opt/airflow/dags/bash_python.py
[2026-08-06T13:30:39.607+0000] {logging_mixin.py:190} INFO - [2026-08-06T13:30:39.607+0000] {dag.py:3239} INFO - Sync 1 DAGs
[2026-08-06T13:30:39.623+0000] {logging_mixin.py:190} INFO - [2026-08-06T13:30:39.623+0000] {dag.py:4180} INFO - Setting next_dagrun for download_rocket_launches to None, run_after=None
[2026-08-06T13:30:39.668+0000] {processor.py:208} INFO - Processing /opt/airflow/dags/bash_python.py took 0.128 seconds
[2026-08-06T13:31:09.918+0000] {processor.py:186} INFO - Started process (PID=1495) to work on /opt/airflow/dags/bash_python.py
[2026-08-06T13:31:09.920+0000] {processor.py:914} INFO - Processing file /opt/airflow/dags/bash_python.py for tasks to queue
[2026-08-06T13:31:09.924+0000] {logging_mixin.py:190} INFO - [2026-08-06T13:31:09.923+0000] {dagbag.py:588} INFO - Filling up the DagBag from /opt/airflow/dags/bash_python.py
[2026-08-06T13:31:09.944+0000] {processor.py:925} INFO - DAG(s) 'download_rocket_launches' retrieved from /opt/airflow/dags/bash_python.py
[2026-08-06T13:31:09.982+0000] {logging_mixin.py:190} INFO - [2026-08-06T13:31:09.981+0000] {dag.py:3239} INFO - Sync 1 DAGs
[2026-08-06T13:31:09.999+0000] {logging_mixin.py:190} INFO - [2026-08-06T13:31:09.999+0000] {dag.py:4180} INFO - Setting next_dagrun for download_rocket_launches to None, run_after=None
[2026-08-06T13:31:10.026+0000] {processor.py:208} INFO - Processing /opt/airflow/dags/bash_python.py took 0.116 seconds
[2026-08-06T13:31:40.205+0000] {processor.py:186} INFO - Started process (PID=1500) to work on /opt/airflow/dags/bash_python.py
[2026-08-06T13:31:40.206+0000] {processor.py:914} INFO - Processing file /opt/airflow/dags/bash_python.py for tasks to queue
[2026-08-06T13:31:40.210+0000] {logging_mixin.py:190} INFO - [2026-08-06T13:31:40.210+0000] {dagbag.py:588} INFO - Filling up the DagBag from /opt/airflow/dags/bash_python.py
[2026-08-06T13:31:40.230+0000] {processor.py:925} INFO - DAG(s) 'download_rocket_launches' retrieved from /opt/airflow/dags/bash_python.py
[2026-08-06T13:31:40.273+0000] {logging_mixin.py:190} INFO - [2026-08-06T13:31:40.273+0000] {dag.py:3239} INFO - Sync 1 DAGs
[2026-08-06T13:31:40.294+0000] {logging_mixin.py:190} INFO - [2026-08-06T13:31:40.293+0000] {dag.py:4180} INFO - Setting next_dagrun for download_rocket_launches to None, run_after=None
[2026-08-06T13:31:40.316+0000] {processor.py:208} INFO - Processing /opt/airflow/dags/bash_python.py took 0.117 seconds
[2026-08-06T13:32:10.554+0000] {processor.py:186} INFO - Started process (PID=1505) to work on /opt/airflow/dags/bash_python.py
[2026-08-06T13:32:10.556+0000] {processor.py:914} INFO - Processing file /opt/airflow/dags/bash_python.py for tasks to queue
[2026-08-06T13:32:10.559+0000] {logging_mixin.py:190} INFO - [2026-08-06T13:32:10.559+0000] {dagbag.py:588} INFO - Filling up the DagBag from /opt/airflow/dags/bash_python.py
[2026-08-06T13:32:10.578+0000] {processor.py:925} INFO - DAG(s) 'download_rocket_launches' retrieved from /opt/airflow/dags/bash_python.py
[2026-08-06T13:32:10.612+0000] {logging_mixin.py:190} INFO - [2026-08-06T13:32:10.611+0000] {dag.py:3239} INFO - Sync 1 DAGs
[2026-08-06T13:32:10.627+0000] {logging_mixin.py:190} INFO - [2026-08-06T13:32:10.627+0000] {dag.py:4180} INFO - Setting next_dagrun for download_rocket_launches to None, run_after=None
[2026-08-06T13:32:10.671+0000] {processor.py:208} INFO - Processing /opt/airflow/dags/bash_python.py took 0.125 seconds
[2026-08-06T13:32:40.852+0000] {processor.py:186} INFO - Started process (PID=1510) to work on /opt/airflow/dags/bash_python.py
[2026-08-06T13:32:40.854+0000] {processor.py:914} INFO - Processing file /opt/airflow/dags/bash_python.py for tasks to queue
[2026-08-06T13:32:40.857+0000] {logging_mixin.py:190} INFO - [2026-08-06T13:32:40.856+0000] {dagbag.py:588} INFO - Filling up the DagBag from /opt/airflow/dags/bash_python.py
[2026-08-06T13:32:40.878+0000] {processor.py:925} INFO - DAG(s) 'download_rocket_launches' retrieved from /opt/airflow/dags/bash_python.py
[2026-08-06T13:32:40.912+0000] {logging_mixin.py:190} INFO - [2026-08-06T13:32:40.912+0000] {dag.py:3239} INFO - Sync 1 DAGs
[2026-08-06T13:32:40.929+0000] {logging_mixin.py:190} INFO - [2026-08-06T13:32:40.929+0000] {dag.py:4180} INFO - Setting next_dagrun for download_rocket_launches to None, run_after=None
[2026-08-06T13:32:40.974+0000] {processor.py:208} INFO - Processing /opt/airflow/dags/bash_python.py took 0.131 seconds
[2026-08-06T13:33:11.202+0000] {processor.py:186} INFO - Started process (PID=1515) to work on /opt/airflow/dags/bash_python.py
[2026-08-06T13:33:11.203+0000] {processor.py:914} INFO - Processing file /opt/airflow/dags/bash_python.py for tasks to queue
[2026-08-06T13:33:11.206+0000] {logging_mixin.py:190} INFO - [2026-08-06T13:33:11.206+0000] {dagbag.py:588} INFO - Filling up the DagBag from /opt/airflow/dags/bash_python.py
[2026-08-06T13:33:11.226+0000] {processor.py:925} INFO - DAG(s) 'download_rocket_launches' retrieved from /opt/airflow/dags/bash_python.py
[2026-08-06T13:33:11.267+0000] {logging_mixin.py:190} INFO - [2026-08-06T13:33:11.267+0000] {dag.py:3239} INFO - Sync 1 DAGs
[2026-08-06T13:33:11.282+0000] {logging_mixin.py:190} INFO - [2026-08-06T13:33:11.282+0000] {dag.py:4180} INFO - Setting next_dagrun for download_rocket_launches to None, run_after=None
[2026-08-06T13:33:11.311+0000] {processor.py:208} INFO - Processing /opt/airflow/dags/bash_python.py took 0.115 seconds
[2026-08-06T13:33:41.516+0000] {processor.py:186} INFO - Started process (PID=1520) to work on /opt/airflow/dags/bash_python.py
[2026-08-06T13:33:41.518+0000] {processor.py:914} INFO - Processing file /opt/airflow/dags/bash_python.py for tasks to queue
[2026-08-06T13:33:41.521+0000] {logging_mixin.py:190} INFO - [2026-08-06T13:33:41.521+0000] {dagbag.py:588} INFO - Filling up the DagBag from /opt/airflow/dags/bash_python.py
[2026-08-06T13:33:41.542+0000] {processor.py:925} INFO - DAG(s) 'download_rocket_launches' retrieved from /opt/airflow/dags/bash_python.py
[2026-08-06T13:33:41.574+0000] {logging_mixin.py:190} INFO - [2026-08-06T13:33:41.574+0000] {dag.py:3239} INFO - Sync 1 DAGs
[2026-08-06T13:33:41.592+0000] {logging_mixin.py:190} INFO - [2026-08-06T13:33:41.592+0000] {dag.py:4180} INFO - Setting next_dagrun for download_rocket_launches to None, run_after=None
[2026-08-06T13:33:41.639+0000] {processor.py:208} INFO - Processing /opt/airflow/dags/bash_python.py took 0.129 seconds
[2026-08-06T13:34:11.839+0000] {processor.py:186} INFO - Started process (PID=1525) to work on /opt/airflow/dags/bash_python.py
[2026-08-06T13:34:11.841+0000] {processor.py:914} INFO - Processing file /opt/airflow/dags/bash_python.py for tasks to queue
[2026-08-06T13:34:11.843+0000] {logging_mixin.py:190} INFO - [2026-08-06T13:34:11.843+0000] {dagbag.py:588} INFO - Filling up the DagBag from /opt/airflow/dags/bash_python.py
[2026-08-06T13:34:11.862+0000] {processor.py:925} INFO - DAG(s) 'download_rocket_launches' retrieved from /opt/airflow/dags/bash_python.py
[2026-08-06T13:34:11.904+0000] {logging_mixin.py:190} INFO - [2026-08-06T13:34:11.904+0000] {dag.py:3239} INFO - Sync 1 DAGs
[2026-08-06T13:34:11.927+0000] {logging_mixin.py:190} INFO - [2026-08-06T13:34:11.926+0000] {dag.py:4180} INFO - Setting next_dagrun for download_rocket_launches to None, run_after=None
[2026-08-06T13:34:11.976+0000] {processor.py:208} INFO - Processing /opt/airflow/dags/bash_python.py took 0.143 seconds
[2026-08-06T13:34:42.174+0000] {processor.py:186} INFO - Started process (PID=1530) to work on /opt/airflow/dags/bash_python.py
[2026-08-06T13:34:42.175+0000] {processor.py:914} INFO - Processing file /opt/airflow/dags/bash_python.py for tasks to queue
[2026-08-06T13:34:42.179+0000] {logging_mixin.py:190} INFO - [2026-08-06T13:34:42.179+0000] {dagbag.py:588} INFO - Filling up the DagBag from /opt/airflow/dags/bash_python.py
[2026-08-06T13:34:42.199+0000] {processor.py:925} INFO - DAG(s) 'download_rocket_launches' retrieved from /opt/airflow/dags/bash_python.py
[2026-08-06T13:34:42.239+0000] {logging_mixin.py:190} INFO - [2026-08-06T13:34:42.238+0000] {dag.py:3239} INFO - Sync 1 DAGs
[2026-08-06T13:34:42.259+0000] {logging_mixin.py:190} INFO - [2026-08-06T13:34:42.258+0000] {dag.py:4180} INFO - Setting next_dagrun for download_rocket_launches to None, run_after=None
[2026-08-06T13:34:42.309+0000] {processor.py:208} INFO - Processing /opt/airflow/dags/bash_python.py took 0.141 seconds
[2026-08-06T13:35:12.535+0000] {processor.py:186} INFO - Started process (PID=1535) to work on /opt/airflow/dags/bash_python.py
[2026-08-06T13:35:12.536+0000] {processor.py:914} INFO - Processing file /opt/airflow/dags/bash_python.py for tasks to queue
[2026-08-06T13:35:12.539+0000] {logging_mixin.py:190} INFO - [2026-08-06T13:35:12.539+0000] {dagbag.py:588} INFO - Filling up the DagBag from /opt/airflow/dags/bash_python.py
[2026-08-06T13:35:12.561+0000] {processor.py:925} INFO - DAG(s) 'download_rocket_launches' retrieved from /opt/airflow/dags/bash_python.py
[2026-08-06T13:35:12.619+0000] {logging_mixin.py:190} INFO - [2026-08-06T13:35:12.619+0000] {dag.py:3239} INFO - Sync 1 DAGs
[2026-08-06T13:35:12.640+0000] {logging_mixin.py:190} INFO - [2026-08-06T13:35:12.639+0000] {dag.py:4180} INFO - Setting next_dagrun for download_rocket_launches to None, run_after=None
[2026-08-06T13:35:12.665+0000] {processor.py:208} INFO - Processing /opt/airflow/dags/bash_python.py took 0.138 seconds
[2026-08-06T13:35:42.825+0000] {processor.py:186} INFO - Started process (PID=1540) to work on /opt/airflow/dags/bash_python.py
[2026-08-06T13:35:42.826+0000] {processor.py:914} INFO - Processing file /opt/airflow/dags/bash_python.py for tasks to queue
[2026-08-06T13:35:42.829+0000] {logging_mixin.py:190} INFO - [2026-08-06T13:35:42.829+0000] {dagbag.py:588} INFO - Filling up the DagBag from /opt/airflow/dags/bash_python.py
[2026-08-06T13:35:42.852+0000] {processor.py:925} INFO - DAG(s) 'download_rocket_launches' retrieved from /opt/airflow/dags/bash_python.py
[2026-08-06T13:35:42.889+0000] {logging_mixin.py:190} INFO - [2026-08-06T13:35:42.888+0000] {dag.py:3239} INFO - Sync 1 DAGs
[2026-08-06T13:35:42.908+0000] {logging_mixin.py:190} INFO - [2026-08-06T13:35:42.907+0000] {dag.py:4180} INFO - Setting next_dagrun for download_rocket_launches to None, run_after=None
[2026-08-06T13:35:42.955+0000] {processor.py:208} INFO - Processing /opt/airflow/dags/bash_python.py took 0.137 seconds
[2026-08-06T13:36:13.211+0000] {processor.py:186} INFO - Started process (PID=1545) to work on /opt/airflow/dags/bash_python.py
[2026-08-06T13:36:13.213+0000] {processor.py:914} INFO - Processing file /opt/airflow/dags/bash_python.py for tasks to queue
[2026-08-06T13:36:13.216+0000] {logging_mixin.py:190} INFO - [2026-08-06T13:36:13.216+0000] {dagbag.py:588} INFO - Filling up the DagBag from /opt/airflow/dags/bash_python.py
[2026-08-06T13:36:13.237+0000] {processor.py:925} INFO - DAG(s) 'download_rocket_launches' retrieved from /opt/airflow/dags/bash_python.py
[2026-08-06T13:36:13.270+0000] {logging_mixin.py:190} INFO - [2026-08-06T13:36:13.270+0000] {dag.py:3239} INFO - Sync 1 DAGs
[2026-08-06T13:36:13.285+0000] {logging_mixin.py:190} INFO - [2026-08-06T13:36:13.285+0000] {dag.py:4180} INFO - Setting next_dagrun for download_rocket_launches to None, run_after=None
[2026-08-06T13:36:13.310+0000] {processor.py:208} INFO - Processing /opt/airflow/dags/bash_python.py took 0.107 seconds
[2026-08-06T13:36:43.482+0000] {processor.py:186} INFO - Started process (PID=1550) to work on /opt/airflow/dags/bash_python.py
[2026-08-06T13:36:43.483+0000] {processor.py:914} INFO - Processing file /opt/airflow/dags/bash_python.py for tasks to queue
[2026-08-06T13:36:43.486+0000] {logging_mixin.py:190} INFO - [2026-08-06T13:36:43.486+0000] {dagbag.py:588} INFO - Filling up the DagBag from /opt/airflow/dags/bash_python.py
[2026-08-06T13:36:43.507+0000] {processor.py:925} INFO - DAG(s) 'download_rocket_launches' retrieved from /opt/airflow/dags/bash_python.py
[2026-08-06T13:36:43.541+0000] {logging_mixin.py:190} INFO - [2026-08-06T13:36:43.541+0000] {dag.py:3239} INFO - Sync 1 DAGs
[2026-08-06T13:36:43.558+0000] {logging_mixin.py:190} INFO - [2026-08-06T13:36:43.557+0000] {dag.py:4180} INFO - Setting next_dagrun for download_rocket_launches to None, run_after=None
[2026-08-06T13:36:43.607+0000] {processor.py:208} INFO - Processing /opt/airflow/dags/bash_python.py took 0.133 seconds
[2026-08-06T13:37:13.835+0000] {processor.py:186} INFO - Started process (PID=1555) to work on /opt/airflow/dags/bash_python.py
[2026-08-06T13:37:13.838+0000] {processor.py:914} INFO - Processing file /opt/airflow/dags/bash_python.py for tasks to queue
[2026-08-06T13:37:13.842+0000] {logging_mixin.py:190} INFO - [2026-08-06T13:37:13.841+0000] {dagbag.py:588} INFO - Filling up the DagBag from /opt/airflow/dags/bash_python.py
[2026-08-06T13:37:13.863+0000] {processor.py:925} INFO - DAG(s) 'download_rocket_launches' retrieved from /opt/airflow/dags/bash_python.py
[2026-08-06T13:37:13.897+0000] {logging_mixin.py:190} INFO - [2026-08-06T13:37:13.896+0000] {dag.py:3239} INFO - Sync 1 DAGs
[2026-08-06T13:37:13.913+0000] {logging_mixin.py:190} INFO - [2026-08-06T13:37:13.913+0000] {dag.py:4180} INFO - Setting next_dagrun for download_rocket_launches to None, run_after=None
[2026-08-06T13:37:13.937+0000] {processor.py:208} INFO - Processing /opt/airflow/dags/bash_python.py took 0.113 seconds
[2026-08-06T13:37:44.130+0000] {processor.py:186} INFO - Started process (PID=1560) to work on /opt/airflow/dags/bash_python.py
[2026-08-06T13:37:44.131+0000] {processor.py:914} INFO - Processing file /opt/airflow/dags/bash_python.py for tasks to queue
[2026-08-06T13:37:44.135+0000] {logging_mixin.py:190} INFO - [2026-08-06T13:37:44.134+0000] {dagbag.py:588} INFO - Filling up the DagBag from /opt/airflow/dags/bash_python.py
[2026-08-06T13:37:44.154+0000] {processor.py:925} INFO - DAG(s) 'download_rocket_launches' retrieved from /opt/airflow/dags/bash_python.py
[2026-08-06T13:37:44.189+0000] {logging_mixin.py:190} INFO - [2026-08-06T13:37:44.189+0000] {dag.py:3239} INFO - Sync 1 DAGs
[2026-08-06T13:37:44.204+0000] {logging_mixin.py:190} INFO - [2026-08-06T13:37:44.204+0000] {dag.py:4180} INFO - Setting next_dagrun for download_rocket_launches to None, run_after=None
[2026-08-06T13:37:44.249+0000] {processor.py:208} INFO - Processing /opt/airflow/dags/bash_python.py took 0.127 seconds
[2026-08-06T13:38:14.476+0000] {processor.py:186} INFO - Started process (PID=1565) to work on /opt/airflow/dags/bash_python.py
[2026-08-06T13:38:14.478+0000] {processor.py:914} INFO - Processing file /opt/airflow/dags/bash_python.py for tasks to queue
[2026-08-06T13:38:14.481+0000] {logging_mixin.py:190} INFO - [2026-08-06T13:38:14.481+0000] {dagbag.py:588} INFO - Filling up the DagBag from /opt/airflow/dags/bash_python.py
[2026-08-06T13:38:14.503+0000] {processor.py:925} INFO - DAG(s) 'download_rocket_launches' retrieved from /opt/airflow/dags/bash_python.py
[2026-08-06T13:38:14.537+0000] {logging_mixin.py:190} INFO - [2026-08-06T13:38:14.536+0000] {dag.py:3239} INFO - Sync 1 DAGs
[2026-08-06T13:38:14.556+0000] {logging_mixin.py:190} INFO - [2026-08-06T13:38:14.555+0000] {dag.py:4180} INFO - Setting next_dagrun for download_rocket_launches to None, run_after=None
[2026-08-06T13:38:14.601+0000] {processor.py:208} INFO - Processing /opt/airflow/dags/bash_python.py took 0.132 seconds
[2026-08-06T13:38:44.776+0000] {processor.py:186} INFO - Started process (PID=1570) to work on /opt/airflow/dags/bash_python.py
[2026-08-06T13:38:44.778+0000] {processor.py:914} INFO - Processing file /opt/airflow/dags/bash_python.py for tasks to queue
[2026-08-06T13:38:44.782+0000] {logging_mixin.py:190} INFO - [2026-08-06T13:38:44.781+0000] {dagbag.py:588} INFO - Filling up the DagBag from /opt/airflow/dags/bash_python.py
[2026-08-06T13:38:44.801+0000] {processor.py:925} INFO - DAG(s) 'download_rocket_launches' retrieved from /opt/airflow/dags/bash_python.py
[2026-08-06T13:38:44.836+0000] {logging_mixin.py:190} INFO - [2026-08-06T13:38:44.836+0000] {dag.py:3239} INFO - Sync 1 DAGs
[2026-08-06T13:38:44.851+0000] {logging_mixin.py:190} INFO - [2026-08-06T13:38:44.851+0000] {dag.py:4180} INFO - Setting next_dagrun for download_rocket_launches to None, run_after=None
[2026-08-06T13:38:44.900+0000] {processor.py:208} INFO - Processing /opt/airflow/dags/bash_python.py took 0.130 seconds
[2026-08-06T13:39:15.124+0000] {processor.py:186} INFO - Started process (PID=1575) to work on /opt/airflow/dags/bash_python.py
[2026-08-06T13:39:15.125+0000] {processor.py:914} INFO - Processing file /opt/airflow/dags/bash_python.py for tasks to queue
[2026-08-06T13:39:15.129+0000] {logging_mixin.py:190} INFO - [2026-08-06T13:39:15.128+0000] {dagbag.py:588} INFO - Filling up the DagBag from /opt/airflow/dags/bash_python.py
[2026-08-06T13:39:15.148+0000] {processor.py:925} INFO - DAG(s) 'download_rocket_launches' retrieved from /opt/airflow/dags/bash_python.py
[2026-08-06T13:39:15.185+0000] {logging_mixin.py:190} INFO - [2026-08-06T13:39:15.185+0000] {dag.py:3239} INFO - Sync 1 DAGs
[2026-08-06T13:39:15.201+0000] {logging_mixin.py:190} INFO - [2026-08-06T13:39:15.201+0000] {dag.py:4180} INFO - Setting next_dagrun for download_rocket_launches to None, run_after=None
[2026-08-06T13:39:15.239+0000] {processor.py:208} INFO - Processing /opt/airflow/dags/bash_python.py took 0.122 seconds
[2026-08-06T13:39:45.453+0000] {processor.py:186} INFO - Started process (PID=1580) to work on /opt/airflow/dags/bash_python.py
[2026-08-06T13:39:45.454+0000] {processor.py:914} INFO - Processing file /opt/airflow/dags/bash_python.py for tasks to queue
[2026-08-06T13:39:45.457+0000] {logging_mixin.py:190} INFO - [2026-08-06T13:39:45.457+0000] {dagbag.py:588} INFO - Filling up the DagBag from /opt/airflow/dags/bash_python.py
[2026-08-06T13:39:45.478+0000] {processor.py:925} INFO - DAG(s) 'download_rocket_launches' retrieved from /opt/airflow/dags/bash_python.py
[2026-08-06T13:39:45.515+0000] {logging_mixin.py:190} INFO - [2026-08-06T13:39:45.514+0000] {dag.py:3239} INFO - Sync 1 DAGs
[2026-08-06T13:39:45.531+0000] {logging_mixin.py:190} INFO - [2026-08-06T13:39:45.531+0000] {dag.py:4180} INFO - Setting next_dagrun for download_rocket_launches to None, run_after=None
[2026-08-06T13:39:45.557+0000] {processor.py:208} INFO - Processing /opt/airflow/dags/bash_python.py took 0.111 seconds
[2026-08-06T13:40:15.821+0000] {processor.py:186} INFO - Started process (PID=1585) to work on /opt/airflow/dags/bash_python.py
[2026-08-06T13:40:15.822+0000] {processor.py:914} INFO - Processing file /opt/airflow/dags/bash_python.py for tasks to queue
[2026-08-06T13:40:15.825+0000] {logging_mixin.py:190} INFO - [2026-08-06T13:40:15.825+0000] {dagbag.py:588} INFO - Filling up the DagBag from /opt/airflow/dags/bash_python.py
[2026-08-06T13:40:15.846+0000] {processor.py:925} INFO - DAG(s) 'download_rocket_launches' retrieved from /opt/airflow/dags/bash_python.py
[2026-08-06T13:40:15.881+0000] {logging_mixin.py:190} INFO - [2026-08-06T13:40:15.880+0000] {dag.py:3239} INFO - Sync 1 DAGs
[2026-08-06T13:40:15.897+0000] {logging_mixin.py:190} INFO - [2026-08-06T13:40:15.897+0000] {dag.py:4180} INFO - Setting next_dagrun for download_rocket_launches to None, run_after=None
[2026-08-06T13:40:15.947+0000] {processor.py:208} INFO - Processing /opt/airflow/dags/bash_python.py took 0.133 seconds
[2026-08-06T13:40:46.114+0000] {processor.py:186} INFO - Started process (PID=1590) to work on /opt/airflow/dags/bash_python.py
[2026-08-06T13:40:46.117+0000] {processor.py:914} INFO - Processing file /opt/airflow/dags/bash_python.py for tasks to queue
[2026-08-06T13:40:46.125+0000] {logging_mixin.py:190} INFO - [2026-08-06T13:40:46.124+0000] {dagbag.py:588} INFO - Filling up the DagBag from /opt/airflow/dags/bash_python.py
[2026-08-06T13:40:46.168+0000] {processor.py:925} INFO - DAG(s) 'download_rocket_launches' retrieved from /opt/airflow/dags/bash_python.py
[2026-08-06T13:40:46.233+0000] {logging_mixin.py:190} INFO - [2026-08-06T13:40:46.233+0000] {dag.py:3239} INFO - Sync 1 DAGs
[2026-08-06T13:40:46.254+0000] {logging_mixin.py:190} INFO - [2026-08-06T13:40:46.254+0000] {dag.py:4180} INFO - Setting next_dagrun for download_rocket_launches to None, run_after=None
[2026-08-06T13:40:46.302+0000] {processor.py:208} INFO - Processing /opt/airflow/dags/bash_python.py took 0.208 seconds
[2026-08-06T13:41:16.497+0000] {processor.py:186} INFO - Started process (PID=1595) to work on /opt/airflow/dags/bash_python.py
[2026-08-06T13:41:16.498+0000] {processor.py:914} INFO - Processing file /opt/airflow/dags/bash_python.py for tasks to queue
[2026-08-06T13:41:16.502+0000] {logging_mixin.py:190} INFO - [2026-08-06T13:41:16.502+0000] {dagbag.py:588} INFO - Filling up the DagBag from /opt/airflow/dags/bash_python.py
[2026-08-06T13:41:16.521+0000] {processor.py:925} INFO - DAG(s) 'download_rocket_launches' retrieved from /opt/airflow/dags/bash_python.py
[2026-08-06T13:41:16.558+0000] {logging_mixin.py:190} INFO - [2026-08-06T13:41:16.557+0000] {dag.py:3239} INFO - Sync 1 DAGs
[2026-08-06T13:41:16.573+0000] {logging_mixin.py:190} INFO - [2026-08-06T13:41:16.573+0000] {dag.py:4180} INFO - Setting next_dagrun for download_rocket_launches to None, run_after=None
[2026-08-06T13:41:16.594+0000] {processor.py:208} INFO - Processing /opt/airflow/dags/bash_python.py took 0.104 seconds
[2026-08-06T13:41:46.824+0000] {processor.py:186} INFO - Started process (PID=1600) to work on /opt/airflow/dags/bash_python.py
[2026-08-06T13:41:46.826+0000] {processor.py:914} INFO - Processing file /opt/airflow/dags/bash_python.py for tasks to queue
[2026-08-06T13:41:46.829+0000] {logging_mixin.py:190} INFO - [2026-08-06T13:41:46.828+0000] {dagbag.py:588} INFO - Filling up the DagBag from /opt/airflow/dags/bash_python.py
[2026-08-06T13:41:46.852+0000] {processor.py:925} INFO - DAG(s) 'download_rocket_launches' retrieved from /opt/airflow/dags/bash_python.py
[2026-08-06T13:41:46.885+0000] {logging_mixin.py:190} INFO - [2026-08-06T13:41:46.885+0000] {dag.py:3239} INFO - Sync 1 DAGs
[2026-08-06T13:41:46.900+0000] {logging_mixin.py:190} INFO - [2026-08-06T13:41:46.900+0000] {dag.py:4180} INFO - Setting next_dagrun for download_rocket_launches to None, run_after=None
[2026-08-06T13:41:46.949+0000] {processor.py:208} INFO - Processing /opt/airflow/dags/bash_python.py took 0.132 seconds
[2026-08-06T13:42:17.120+0000] {processor.py:186} INFO - Started process (PID=1605) to work on /opt/airflow/dags/bash_python.py
[2026-08-06T13:42:17.122+0000] {processor.py:914} INFO - Processing file /opt/airflow/dags/bash_python.py for tasks to queue
[2026-08-06T13:42:17.125+0000] {logging_mixin.py:190} INFO - [2026-08-06T13:42:17.125+0000] {dagbag.py:588} INFO - Filling up the DagBag from /opt/airflow/dags/bash_python.py
[2026-08-06T13:42:17.145+0000] {processor.py:925} INFO - DAG(s) 'download_rocket_launches' retrieved from /opt/airflow/dags/bash_python.py
[2026-08-06T13:42:17.184+0000] {logging_mixin.py:190} INFO - [2026-08-06T13:42:17.183+0000] {dag.py:3239} INFO - Sync 1 DAGs
[2026-08-06T13:42:17.202+0000] {logging_mixin.py:190} INFO - [2026-08-06T13:42:17.202+0000] {dag.py:4180} INFO - Setting next_dagrun for download_rocket_launches to None, run_after=None
[2026-08-06T13:42:17.248+0000] {processor.py:208} INFO - Processing /opt/airflow/dags/bash_python.py took 0.134 seconds
[2026-08-06T13:42:47.501+0000] {processor.py:186} INFO - Started process (PID=1610) to work on /opt/airflow/dags/bash_python.py
[2026-08-06T13:42:47.503+0000] {processor.py:914} INFO - Processing file /opt/airflow/dags/bash_python.py for tasks to queue
[2026-08-06T13:42:47.506+0000] {logging_mixin.py:190} INFO - [2026-08-06T13:42:47.506+0000] {dagbag.py:588} INFO - Filling up the DagBag from /opt/airflow/dags/bash_python.py
[2026-08-06T13:42:47.525+0000] {processor.py:925} INFO - DAG(s) 'download_rocket_launches' retrieved from /opt/airflow/dags/bash_python.py
[2026-08-06T13:42:47.559+0000] {logging_mixin.py:190} INFO - [2026-08-06T13:42:47.558+0000] {dag.py:3239} INFO - Sync 1 DAGs
[2026-08-06T13:42:47.574+0000] {logging_mixin.py:190} INFO - [2026-08-06T13:42:47.574+0000] {dag.py:4180} INFO - Setting next_dagrun for download_rocket_launches to None, run_after=None
[2026-08-06T13:42:47.620+0000] {processor.py:208} INFO - Processing /opt/airflow/dags/bash_python.py took 0.128 seconds
[2026-08-06T13:43:17.780+0000] {processor.py:186} INFO - Started process (PID=1615) to work on /opt/airflow/dags/bash_python.py
[2026-08-06T13:43:17.782+0000] {processor.py:914} INFO - Processing file /opt/airflow/dags/bash_python.py for tasks to queue
[2026-08-06T13:43:17.785+0000] {logging_mixin.py:190} INFO - [2026-08-06T13:43:17.784+0000] {dagbag.py:588} INFO - Filling up the DagBag from /opt/airflow/dags/bash_python.py
[2026-08-06T13:43:17.804+0000] {processor.py:925} INFO - DAG(s) 'download_rocket_launches' retrieved from /opt/airflow/dags/bash_python.py
[2026-08-06T13:43:17.840+0000] {logging_mixin.py:190} INFO - [2026-08-06T13:43:17.839+0000] {dag.py:3239} INFO - Sync 1 DAGs
[2026-08-06T13:43:17.855+0000] {logging_mixin.py:190} INFO - [2026-08-06T13:43:17.854+0000] {dag.py:4180} INFO - Setting next_dagrun for download_rocket_launches to None, run_after=None
[2026-08-06T13:43:17.878+0000] {processor.py:208} INFO - Processing /opt/airflow/dags/bash_python.py took 0.104 seconds
[2026-08-06T13:43:48.149+0000] {processor.py:186} INFO - Started process (PID=1620) to work on /opt/airflow/dags/bash_python.py
[2026-08-06T13:43:48.151+0000] {processor.py:914} INFO - Processing file /opt/airflow/dags/bash_python.py for tasks to queue
[2026-08-06T13:43:48.155+0000] {logging_mixin.py:190} INFO - [2026-08-06T13:43:48.154+0000] {dagbag.py:588} INFO - Filling up the DagBag from /opt/airflow/dags/bash_python.py
[2026-08-06T13:43:48.183+0000] {processor.py:925} INFO - DAG(s) 'download_rocket_launches' retrieved from /opt/airflow/dags/bash_python.py
[2026-08-06T13:43:48.221+0000] {logging_mixin.py:190} INFO - [2026-08-06T13:43:48.221+0000] {dag.py:3239} INFO - Sync 1 DAGs
[2026-08-06T13:43:48.237+0000] {logging_mixin.py:190} INFO - [2026-08-06T13:43:48.236+0000] {dag.py:4180} INFO - Setting next_dagrun for download_rocket_launches to None, run_after=None
[2026-08-06T13:43:48.284+0000] {processor.py:208} INFO - Processing /opt/airflow/dags/bash_python.py took 0.144 seconds
[2026-08-06T13:44:18.451+0000] {processor.py:186} INFO - Started process (PID=1625) to work on /opt/airflow/dags/bash_python.py
[2026-08-06T13:44:18.454+0000] {processor.py:914} INFO - Processing file /opt/airflow/dags/bash_python.py for tasks to queue
[2026-08-06T13:44:18.459+0000] {logging_mixin.py:190} INFO - [2026-08-06T13:44:18.458+0000] {dagbag.py:588} INFO - Filling up the DagBag from /opt/airflow/dags/bash_python.py
[2026-08-06T13:44:18.480+0000] {processor.py:925} INFO - DAG(s) 'download_rocket_launches' retrieved from /opt/airflow/dags/bash_python.py
[2026-08-06T13:44:18.524+0000] {logging_mixin.py:190} INFO - [2026-08-06T13:44:18.524+0000] {dag.py:3239} INFO - Sync 1 DAGs
[2026-08-06T13:44:18.546+0000] {logging_mixin.py:190} INFO - [2026-08-06T13:44:18.545+0000] {dag.py:4180} INFO - Setting next_dagrun for download_rocket_launches to None, run_after=None
[2026-08-06T13:44:18.601+0000] {processor.py:208} INFO - Processing /opt/airflow/dags/bash_python.py took 0.160 seconds
[2026-08-06T13:44:48.808+0000] {processor.py:186} INFO - Started process (PID=1630) to work on /opt/airflow/dags/bash_python.py
[2026-08-06T13:44:48.809+0000] {processor.py:914} INFO - Processing file /opt/airflow/dags/bash_python.py for tasks to queue
[2026-08-06T13:44:48.814+0000] {logging_mixin.py:190} INFO - [2026-08-06T13:44:48.813+0000] {dagbag.py:588} INFO - Filling up the DagBag from /opt/airflow/dags/bash_python.py
[2026-08-06T13:44:48.839+0000] {processor.py:925} INFO - DAG(s) 'download_rocket_launches' retrieved from /opt/airflow/dags/bash_python.py
[2026-08-06T13:44:48.873+0000] {logging_mixin.py:190} INFO - [2026-08-06T13:44:48.873+0000] {dag.py:3239} INFO - Sync 1 DAGs
[2026-08-06T13:44:48.888+0000] {logging_mixin.py:190} INFO - [2026-08-06T13:44:48.888+0000] {dag.py:4180} INFO - Setting next_dagrun for download_rocket_launches to None, run_after=None
[2026-08-06T13:44:48.932+0000] {processor.py:208} INFO - Processing /opt/airflow/dags/bash_python.py took 0.131 seconds
[2026-08-06T13:45:19.157+0000] {processor.py:186} INFO - Started process (PID=1635) to work on /opt/airflow/dags/bash_python.py
[2026-08-06T13:45:19.159+0000] {processor.py:914} INFO - Processing file /opt/airflow/dags/bash_python.py for tasks to queue
[2026-08-06T13:45:19.185+0000] {logging_mixin.py:190} INFO - [2026-08-06T13:45:19.184+0000] {dagbag.py:588} INFO - Filling up the DagBag from /opt/airflow/dags/bash_python.py
[2026-08-06T13:45:19.207+0000] {processor.py:925} INFO - DAG(s) 'download_rocket_launches' retrieved from /opt/airflow/dags/bash_python.py
[2026-08-06T13:45:19.241+0000] {logging_mixin.py:190} INFO - [2026-08-06T13:45:19.241+0000] {dag.py:3239} INFO - Sync 1 DAGs
[2026-08-06T13:45:19.255+0000] {logging_mixin.py:190} INFO - [2026-08-06T13:45:19.255+0000] {dag.py:4180} INFO - Setting next_dagrun for download_rocket_launches to None, run_after=None
[2026-08-06T13:45:19.278+0000] {processor.py:208} INFO - Processing /opt/airflow/dags/bash_python.py took 0.127 seconds
[2026-08-06T13:45:49.452+0000] {processor.py:186} INFO - Started process (PID=1640) to work on /opt/airflow/dags/bash_python.py
[2026-08-06T13:45:49.454+0000] {processor.py:914} INFO - Processing file /opt/airflow/dags/bash_python.py for tasks to queue
[2026-08-06T13:45:49.458+0000] {logging_mixin.py:190} INFO - [2026-08-06T13:45:49.457+0000] {dagbag.py:588} INFO - Filling up the DagBag from /opt/airflow/dags/bash_python.py
[2026-08-06T13:45:49.480+0000] {processor.py:925} INFO - DAG(s) 'download_rocket_launches' retrieved from /opt/airflow/dags/bash_python.py
[2026-08-06T13:45:49.515+0000] {logging_mixin.py:190} INFO - [2026-08-06T13:45:49.514+0000] {dag.py:3239} INFO - Sync 1 DAGs
[2026-08-06T13:45:49.531+0000] {logging_mixin.py:190} INFO - [2026-08-06T13:45:49.531+0000] {dag.py:4180} INFO - Setting next_dagrun for download_rocket_launches to None, run_after=None
[2026-08-06T13:45:49.579+0000] {processor.py:208} INFO - Processing /opt/airflow/dags/bash_python.py took 0.133 seconds
[2026-08-06T13:46:19.821+0000] {processor.py:186} INFO - Started process (PID=1645) to work on /opt/airflow/dags/bash_python.py
[2026-08-06T13:46:19.823+0000] {processor.py:914} INFO - Processing file /opt/airflow/dags/bash_python.py for tasks to queue
[2026-08-06T13:46:19.830+0000] {logging_mixin.py:190} INFO - [2026-08-06T13:46:19.829+0000] {dagbag.py:588} INFO - Filling up the DagBag from /opt/airflow/dags/bash_python.py
[2026-08-06T13:46:19.851+0000] {processor.py:925} INFO - DAG(s) 'download_rocket_launches' retrieved from /opt/airflow/dags/bash_python.py
[2026-08-06T13:46:19.887+0000] {logging_mixin.py:190} INFO - [2026-08-06T13:46:19.887+0000] {dag.py:3239} INFO - Sync 1 DAGs
[2026-08-06T13:46:19.903+0000] {logging_mixin.py:190} INFO - [2026-08-06T13:46:19.903+0000] {dag.py:4180} INFO - Setting next_dagrun for download_rocket_launches to None, run_after=None
[2026-08-06T13:46:19.928+0000] {processor.py:208} INFO - Processing /opt/airflow/dags/bash_python.py took 0.114 seconds
[2026-08-06T13:46:50.101+0000] {processor.py:186} INFO - Started process (PID=1650) to work on /opt/airflow/dags/bash_python.py
[2026-08-06T13:46:50.102+0000] {processor.py:914} INFO - Processing file /opt/airflow/dags/bash_python.py for tasks to queue
[2026-08-06T13:46:50.105+0000] {logging_mixin.py:190} INFO - [2026-08-06T13:46:50.105+0000] {dagbag.py:588} INFO - Filling up the DagBag from /opt/airflow/dags/bash_python.py
[2026-08-06T13:46:50.125+0000] {processor.py:925} INFO - DAG(s) 'download_rocket_launches' retrieved from /opt/airflow/dags/bash_python.py
[2026-08-06T13:46:50.158+0000] {logging_mixin.py:190} INFO - [2026-08-06T13:46:50.158+0000] {dag.py:3239} INFO - Sync 1 DAGs
[2026-08-06T13:46:50.174+0000] {logging_mixin.py:190} INFO - [2026-08-06T13:46:50.174+0000] {dag.py:4180} INFO - Setting next_dagrun for download_rocket_launches to None, run_after=None
[2026-08-06T13:46:50.218+0000] {processor.py:208} INFO - Processing /opt/airflow/dags/bash_python.py took 0.124 seconds
[2026-08-06T13:47:20.469+0000] {processor.py:186} INFO - Started process (PID=1655) to work on /opt/airflow/dags/bash_python.py
[2026-08-06T13:47:20.471+0000] {processor.py:914} INFO - Processing file /opt/airflow/dags/bash_python.py for tasks to queue
[2026-08-06T13:47:20.474+0000] {logging_mixin.py:190} INFO - [2026-08-06T13:47:20.474+0000] {dagbag.py:588} INFO - Filling up the DagBag from /opt/airflow/dags/bash_python.py
[2026-08-06T13:47:20.500+0000] {processor.py:925} INFO - DAG(s) 'download_rocket_launches' retrieved from /opt/airflow/dags/bash_python.py
[2026-08-06T13:47:20.538+0000] {logging_mixin.py:190} INFO - [2026-08-06T13:47:20.537+0000] {dag.py:3239} INFO - Sync 1 DAGs
[2026-08-06T13:47:20.558+0000] {logging_mixin.py:190} INFO - [2026-08-06T13:47:20.557+0000] {dag.py:4180} INFO - Setting next_dagrun for download_rocket_launches to None, run_after=None
[2026-08-06T13:47:20.582+0000] {processor.py:208} INFO - Processing /opt/airflow/dags/bash_python.py took 0.123 seconds
[2026-08-06T13:47:50.761+0000] {processor.py:186} INFO - Started process (PID=1660) to work on /opt/airflow/dags/bash_python.py
[2026-08-06T13:47:50.763+0000] {processor.py:914} INFO - Processing file /opt/airflow/dags/bash_python.py for tasks to queue
[2026-08-06T13:47:50.767+0000] {logging_mixin.py:190} INFO - [2026-08-06T13:47:50.767+0000] {dagbag.py:588} INFO - Filling up the DagBag from /opt/airflow/dags/bash_python.py
[2026-08-06T13:47:50.791+0000] {processor.py:925} INFO - DAG(s) 'download_rocket_launches' retrieved from /opt/airflow/dags/bash_python.py
[2026-08-06T13:47:50.841+0000] {logging_mixin.py:190} INFO - [2026-08-06T13:47:50.840+0000] {dag.py:3239} INFO - Sync 1 DAGs
[2026-08-06T13:47:50.863+0000] {logging_mixin.py:190} INFO - [2026-08-06T13:47:50.863+0000] {dag.py:4180} INFO - Setting next_dagrun for download_rocket_launches to None, run_after=None
[2026-08-06T13:47:50.913+0000] {processor.py:208} INFO - Processing /opt/airflow/dags/bash_python.py took 0.169 seconds
[2026-08-06T13:48:21.113+0000] {processor.py:186} INFO - Started process (PID=1665) to work on /opt/airflow/dags/bash_python.py
[2026-08-06T13:48:21.115+0000] {processor.py:914} INFO - Processing file /opt/airflow/dags/bash_python.py for tasks to queue
[2026-08-06T13:48:21.118+0000] {logging_mixin.py:190} INFO - [2026-08-06T13:48:21.118+0000] {dagbag.py:588} INFO - Filling up the DagBag from /opt/airflow/dags/bash_python.py
[2026-08-06T13:48:21.140+0000] {processor.py:925} INFO - DAG(s) 'download_rocket_launches' retrieved from /opt/airflow/dags/bash_python.py
[2026-08-06T13:48:21.181+0000] {logging_mixin.py:190} INFO - [2026-08-06T13:48:21.180+0000] {dag.py:3239} INFO - Sync 1 DAGs
[2026-08-06T13:48:21.205+0000] {logging_mixin.py:190} INFO - [2026-08-06T13:48:21.204+0000] {dag.py:4180} INFO - Setting next_dagrun for download_rocket_launches to None, run_after=None
[2026-08-06T13:48:21.254+0000] {processor.py:208} INFO - Processing /opt/airflow/dags/bash_python.py took 0.150 seconds
[2026-08-06T13:48:51.441+0000] {processor.py:186} INFO - Started process (PID=1670) to work on /opt/airflow/dags/bash_python.py
[2026-08-06T13:48:51.443+0000] {processor.py:914} INFO - Processing file /opt/airflow/dags/bash_python.py for tasks to queue
[2026-08-06T13:48:51.447+0000] {logging_mixin.py:190} INFO - [2026-08-06T13:48:51.446+0000] {dagbag.py:588} INFO - Filling up the DagBag from /opt/airflow/dags/bash_python.py
[2026-08-06T13:48:51.467+0000] {processor.py:925} INFO - DAG(s) 'download_rocket_launches' retrieved from /opt/airflow/dags/bash_python.py
[2026-08-06T13:48:51.504+0000] {logging_mixin.py:190} INFO - [2026-08-06T13:48:51.504+0000] {dag.py:3239} INFO - Sync 1 DAGs
[2026-08-06T13:48:51.522+0000] {logging_mixin.py:190} INFO - [2026-08-06T13:48:51.522+0000] {dag.py:4180} INFO - Setting next_dagrun for download_rocket_launches to None, run_after=None
[2026-08-06T13:48:51.549+0000] {processor.py:208} INFO - Processing /opt/airflow/dags/bash_python.py took 0.115 seconds
[2026-08-06T13:49:21.795+0000] {processor.py:186} INFO - Started process (PID=1675) to work on /opt/airflow/dags/bash_python.py
[2026-08-06T13:49:21.797+0000] {processor.py:914} INFO - Processing file /opt/airflow/dags/bash_python.py for tasks to queue
[2026-08-06T13:49:21.800+0000] {logging_mixin.py:190} INFO - [2026-08-06T13:49:21.799+0000] {dagbag.py:588} INFO - Filling up the DagBag from /opt/airflow/dags/bash_python.py
[2026-08-06T13:49:21.823+0000] {processor.py:925} INFO - DAG(s) 'download_rocket_launches' retrieved from /opt/airflow/dags/bash_python.py
[2026-08-06T13:49:21.860+0000] {logging_mixin.py:190} INFO - [2026-08-06T13:49:21.860+0000] {dag.py:3239} INFO - Sync 1 DAGs
[2026-08-06T13:49:21.879+0000] {logging_mixin.py:190} INFO - [2026-08-06T13:49:21.878+0000] {dag.py:4180} INFO - Setting next_dagrun for download_rocket_launches to None, run_after=None
[2026-08-06T13:49:21.906+0000] {processor.py:208} INFO - Processing /opt/airflow/dags/bash_python.py took 0.119 seconds
[2026-08-06T13:49:52.097+0000] {processor.py:186} INFO - Started process (PID=1680) to work on /opt/airflow/dags/bash_python.py
[2026-08-06T13:49:52.099+0000] {processor.py:914} INFO - Processing file /opt/airflow/dags/bash_python.py for tasks to queue
[2026-08-06T13:49:52.102+0000] {logging_mixin.py:190} INFO - [2026-08-06T13:49:52.102+0000] {dagbag.py:588} INFO - Filling up the DagBag from /opt/airflow/dags/bash_python.py
[2026-08-06T13:49:52.126+0000] {processor.py:925} INFO - DAG(s) 'download_rocket_launches' retrieved from /opt/airflow/dags/bash_python.py
[2026-08-06T13:49:52.180+0000] {logging_mixin.py:190} INFO - [2026-08-06T13:49:52.180+0000] {dag.py:3239} INFO - Sync 1 DAGs
[2026-08-06T13:49:52.201+0000] {logging_mixin.py:190} INFO - [2026-08-06T13:49:52.201+0000] {dag.py:4180} INFO - Setting next_dagrun for download_rocket_launches to None, run_after=None
[2026-08-06T13:49:52.231+0000] {processor.py:208} INFO - Processing /opt/airflow/dags/bash_python.py took 0.142 seconds
[2026-08-06T13:55:45.188+0000] {processor.py:186} INFO - Started process (PID=1685) to work on /opt/airflow/dags/bash_python.py
[2026-08-06T13:55:45.374+0000] {processor.py:914} INFO - Processing file /opt/airflow/dags/bash_python.py for tasks to queue
[2026-08-06T13:55:45.392+0000] {logging_mixin.py:190} INFO - [2026-08-06T13:55:45.391+0000] {dagbag.py:588} INFO - Filling up the DagBag from /opt/airflow/dags/bash_python.py
[2026-08-06T13:55:45.423+0000] {processor.py:925} INFO - DAG(s) 'download_rocket_launches' retrieved from /opt/airflow/dags/bash_python.py
[2026-08-06T13:55:45.460+0000] {logging_mixin.py:190} INFO - [2026-08-06T13:55:45.459+0000] {dag.py:3239} INFO - Sync 1 DAGs
[2026-08-06T13:55:45.476+0000] {logging_mixin.py:190} INFO - [2026-08-06T13:55:45.476+0000] {dag.py:4180} INFO - Setting next_dagrun for download_rocket_launches to None, run_after=None
[2026-08-06T13:55:45.498+0000] {processor.py:208} INFO - Processing /opt/airflow/dags/bash_python.py took 0.320 seconds
[2026-08-06T13:56:15.847+0000] {processor.py:186} INFO - Started process (PID=1690) to work on /opt/airflow/dags/bash_python.py
[2026-08-06T13:56:15.848+0000] {processor.py:914} INFO - Processing file /opt/airflow/dags/bash_python.py for tasks to queue
[2026-08-06T13:56:15.851+0000] {logging_mixin.py:190} INFO - [2026-08-06T13:56:15.850+0000] {dagbag.py:588} INFO - Filling up the DagBag from /opt/airflow/dags/bash_python.py
[2026-08-06T13:56:15.869+0000] {processor.py:925} INFO - DAG(s) 'download_rocket_launches' retrieved from /opt/airflow/dags/bash_python.py
[2026-08-06T13:56:15.907+0000] {logging_mixin.py:190} INFO - [2026-08-06T13:56:15.907+0000] {dag.py:3239} INFO - Sync 1 DAGs
[2026-08-06T13:56:15.926+0000] {logging_mixin.py:190} INFO - [2026-08-06T13:56:15.926+0000] {dag.py:4180} INFO - Setting next_dagrun for download_rocket_launches to None, run_after=None
[2026-08-06T13:56:15.971+0000] {processor.py:208} INFO - Processing /opt/airflow/dags/bash_python.py took 0.128 seconds
