[2026-08-12T07:30:32.048+0000] {processor.py:186} INFO - Started process (PID=698) to work on /opt/airflow/dags/bash_python.py
[2026-08-12T07:30:32.056+0000] {processor.py:914} INFO - Processing file /opt/airflow/dags/bash_python.py for tasks to queue
[2026-08-12T07:30:32.061+0000] {logging_mixin.py:190} INFO - [2026-08-12T07:30:32.060+0000] {dagbag.py:588} INFO - Filling up the DagBag from /opt/airflow/dags/bash_python.py
[2026-08-12T07:30:32.123+0000] {processor.py:925} INFO - DAG(s) 'download_rocket_launches' retrieved from /opt/airflow/dags/bash_python.py
[2026-08-12T07:30:32.553+0000] {logging_mixin.py:190} INFO - [2026-08-12T07:30:32.552+0000] {dag.py:3239} INFO - Sync 1 DAGs
[2026-08-12T07:30:32.576+0000] {logging_mixin.py:190} INFO - [2026-08-12T07:30:32.575+0000] {dag.py:4180} INFO - Setting next_dagrun for download_rocket_launches to None, run_after=None
[2026-08-12T07:30:32.612+0000] {processor.py:208} INFO - Processing /opt/airflow/dags/bash_python.py took 0.580 seconds
[2026-08-12T07:31:03.529+0000] {processor.py:186} INFO - Started process (PID=710) to work on /opt/airflow/dags/bash_python.py
[2026-08-12T07:31:03.531+0000] {processor.py:914} INFO - Processing file /opt/airflow/dags/bash_python.py for tasks to queue
[2026-08-12T07:31:03.535+0000] {logging_mixin.py:190} INFO - [2026-08-12T07:31:03.535+0000] {dagbag.py:588} INFO - Filling up the DagBag from /opt/airflow/dags/bash_python.py
[2026-08-12T07:31:03.553+0000] {processor.py:925} INFO - DAG(s) 'download_rocket_launches' retrieved from /opt/airflow/dags/bash_python.py
[2026-08-12T07:31:03.585+0000] {logging_mixin.py:190} INFO - [2026-08-12T07:31:03.585+0000] {dag.py:3239} INFO - Sync 1 DAGs
[2026-08-12T07:31:03.601+0000] {logging_mixin.py:190} INFO - [2026-08-12T07:31:03.601+0000] {dag.py:4180} INFO - Setting next_dagrun for download_rocket_launches to None, run_after=None
[2026-08-12T07:31:03.623+0000] {processor.py:208} INFO - Processing /opt/airflow/dags/bash_python.py took 0.100 seconds
[2026-08-12T07:31:33.867+0000] {processor.py:186} INFO - Started process (PID=720) to work on /opt/airflow/dags/bash_python.py
[2026-08-12T07:31:33.868+0000] {processor.py:914} INFO - Processing file /opt/airflow/dags/bash_python.py for tasks to queue
[2026-08-12T07:31:33.871+0000] {logging_mixin.py:190} INFO - [2026-08-12T07:31:33.871+0000] {dagbag.py:588} INFO - Filling up the DagBag from /opt/airflow/dags/bash_python.py
[2026-08-12T07:31:33.887+0000] {processor.py:925} INFO - DAG(s) 'download_rocket_launches' retrieved from /opt/airflow/dags/bash_python.py
[2026-08-12T07:31:33.921+0000] {logging_mixin.py:190} INFO - [2026-08-12T07:31:33.920+0000] {dag.py:3239} INFO - Sync 1 DAGs
[2026-08-12T07:31:33.935+0000] {logging_mixin.py:190} INFO - [2026-08-12T07:31:33.935+0000] {dag.py:4180} INFO - Setting next_dagrun for download_rocket_launches to None, run_after=None
[2026-08-12T07:31:33.952+0000] {processor.py:208} INFO - Processing /opt/airflow/dags/bash_python.py took 0.092 seconds
[2026-08-12T07:32:04.502+0000] {processor.py:186} INFO - Started process (PID=730) to work on /opt/airflow/dags/bash_python.py
[2026-08-12T07:32:04.505+0000] {processor.py:914} INFO - Processing file /opt/airflow/dags/bash_python.py for tasks to queue
[2026-08-12T07:32:04.512+0000] {logging_mixin.py:190} INFO - [2026-08-12T07:32:04.511+0000] {dagbag.py:588} INFO - Filling up the DagBag from /opt/airflow/dags/bash_python.py
[2026-08-12T07:32:04.538+0000] {processor.py:925} INFO - DAG(s) 'download_rocket_launches' retrieved from /opt/airflow/dags/bash_python.py
[2026-08-12T07:32:04.573+0000] {logging_mixin.py:190} INFO - [2026-08-12T07:32:04.573+0000] {dag.py:3239} INFO - Sync 1 DAGs
[2026-08-12T07:32:04.593+0000] {logging_mixin.py:190} INFO - [2026-08-12T07:32:04.593+0000] {dag.py:4180} INFO - Setting next_dagrun for download_rocket_launches to None, run_after=None
[2026-08-12T07:32:04.614+0000] {processor.py:208} INFO - Processing /opt/airflow/dags/bash_python.py took 0.120 seconds
[2026-08-12T07:32:34.885+0000] {processor.py:186} INFO - Started process (PID=740) to work on /opt/airflow/dags/bash_python.py
[2026-08-12T07:32:34.887+0000] {processor.py:914} INFO - Processing file /opt/airflow/dags/bash_python.py for tasks to queue
[2026-08-12T07:32:34.890+0000] {logging_mixin.py:190} INFO - [2026-08-12T07:32:34.890+0000] {dagbag.py:588} INFO - Filling up the DagBag from /opt/airflow/dags/bash_python.py
[2026-08-12T07:32:34.911+0000] {processor.py:925} INFO - DAG(s) 'download_rocket_launches' retrieved from /opt/airflow/dags/bash_python.py
[2026-08-12T07:32:34.949+0000] {logging_mixin.py:190} INFO - [2026-08-12T07:32:34.948+0000] {dag.py:3239} INFO - Sync 1 DAGs
[2026-08-12T07:32:34.966+0000] {logging_mixin.py:190} INFO - [2026-08-12T07:32:34.965+0000] {dag.py:4180} INFO - Setting next_dagrun for download_rocket_launches to None, run_after=None
[2026-08-12T07:32:34.992+0000] {processor.py:208} INFO - Processing /opt/airflow/dags/bash_python.py took 0.114 seconds
[2026-08-12T07:33:05.280+0000] {processor.py:186} INFO - Started process (PID=750) to work on /opt/airflow/dags/bash_python.py
[2026-08-12T07:33:05.283+0000] {processor.py:914} INFO - Processing file /opt/airflow/dags/bash_python.py for tasks to queue
[2026-08-12T07:33:05.287+0000] {logging_mixin.py:190} INFO - [2026-08-12T07:33:05.286+0000] {dagbag.py:588} INFO - Filling up the DagBag from /opt/airflow/dags/bash_python.py
[2026-08-12T07:33:05.312+0000] {processor.py:925} INFO - DAG(s) 'download_rocket_launches' retrieved from /opt/airflow/dags/bash_python.py
[2026-08-12T07:33:05.351+0000] {logging_mixin.py:190} INFO - [2026-08-12T07:33:05.351+0000] {dag.py:3239} INFO - Sync 1 DAGs
[2026-08-12T07:33:05.366+0000] {logging_mixin.py:190} INFO - [2026-08-12T07:33:05.366+0000] {dag.py:4180} INFO - Setting next_dagrun for download_rocket_launches to None, run_after=None
[2026-08-12T07:33:05.385+0000] {processor.py:208} INFO - Processing /opt/airflow/dags/bash_python.py took 0.115 seconds
[2026-08-12T07:33:35.670+0000] {processor.py:186} INFO - Started process (PID=760) to work on /opt/airflow/dags/bash_python.py
[2026-08-12T07:33:35.671+0000] {processor.py:914} INFO - Processing file /opt/airflow/dags/bash_python.py for tasks to queue
[2026-08-12T07:33:35.676+0000] {logging_mixin.py:190} INFO - [2026-08-12T07:33:35.675+0000] {dagbag.py:588} INFO - Filling up the DagBag from /opt/airflow/dags/bash_python.py
[2026-08-12T07:33:35.711+0000] {processor.py:925} INFO - DAG(s) 'download_rocket_launches' retrieved from /opt/airflow/dags/bash_python.py
[2026-08-12T07:33:35.740+0000] {logging_mixin.py:190} INFO - [2026-08-12T07:33:35.739+0000] {dag.py:3239} INFO - Sync 1 DAGs
[2026-08-12T07:33:35.754+0000] {logging_mixin.py:190} INFO - [2026-08-12T07:33:35.754+0000] {dag.py:4180} INFO - Setting next_dagrun for download_rocket_launches to None, run_after=None
[2026-08-12T07:33:35.791+0000] {processor.py:208} INFO - Processing /opt/airflow/dags/bash_python.py took 0.128 seconds
[2026-08-12T08:18:48.313+0000] {processor.py:186} INFO - Started process (PID=768) to work on /opt/airflow/dags/bash_python.py
[2026-08-12T08:18:48.315+0000] {processor.py:914} INFO - Processing file /opt/airflow/dags/bash_python.py for tasks to queue
[2026-08-12T08:18:48.318+0000] {logging_mixin.py:190} INFO - [2026-08-12T08:18:48.318+0000] {dagbag.py:588} INFO - Filling up the DagBag from /opt/airflow/dags/bash_python.py
[2026-08-12T08:18:48.342+0000] {processor.py:925} INFO - DAG(s) 'download_rocket_launches' retrieved from /opt/airflow/dags/bash_python.py
[2026-08-12T08:18:48.383+0000] {logging_mixin.py:190} INFO - [2026-08-12T08:18:48.383+0000] {dag.py:3239} INFO - Sync 1 DAGs
[2026-08-12T08:18:48.403+0000] {logging_mixin.py:190} INFO - [2026-08-12T08:18:48.403+0000] {dag.py:4180} INFO - Setting next_dagrun for download_rocket_launches to None, run_after=None
[2026-08-12T08:18:48.430+0000] {processor.py:208} INFO - Processing /opt/airflow/dags/bash_python.py took 0.129 seconds
[2026-08-12T08:19:18.673+0000] {processor.py:186} INFO - Started process (PID=778) to work on /opt/airflow/dags/bash_python.py
[2026-08-12T08:19:18.674+0000] {processor.py:914} INFO - Processing file /opt/airflow/dags/bash_python.py for tasks to queue
[2026-08-12T08:19:18.678+0000] {logging_mixin.py:190} INFO - [2026-08-12T08:19:18.678+0000] {dagbag.py:588} INFO - Filling up the DagBag from /opt/airflow/dags/bash_python.py
[2026-08-12T08:19:18.702+0000] {processor.py:925} INFO - DAG(s) 'download_rocket_launches' retrieved from /opt/airflow/dags/bash_python.py
[2026-08-12T08:19:18.748+0000] {logging_mixin.py:190} INFO - [2026-08-12T08:19:18.747+0000] {dag.py:3239} INFO - Sync 1 DAGs
[2026-08-12T08:19:18.770+0000] {logging_mixin.py:190} INFO - [2026-08-12T08:19:18.770+0000] {dag.py:4180} INFO - Setting next_dagrun for download_rocket_launches to None, run_after=None
[2026-08-12T08:19:18.802+0000] {processor.py:208} INFO - Processing /opt/airflow/dags/bash_python.py took 0.137 seconds
[2026-08-12T08:19:49.068+0000] {processor.py:186} INFO - Started process (PID=788) to work on /opt/airflow/dags/bash_python.py
[2026-08-12T08:19:49.069+0000] {processor.py:914} INFO - Processing file /opt/airflow/dags/bash_python.py for tasks to queue
[2026-08-12T08:19:49.072+0000] {logging_mixin.py:190} INFO - [2026-08-12T08:19:49.072+0000] {dagbag.py:588} INFO - Filling up the DagBag from /opt/airflow/dags/bash_python.py
[2026-08-12T08:19:49.095+0000] {processor.py:925} INFO - DAG(s) 'download_rocket_launches' retrieved from /opt/airflow/dags/bash_python.py
[2026-08-12T08:19:49.132+0000] {logging_mixin.py:190} INFO - [2026-08-12T08:19:49.132+0000] {dag.py:3239} INFO - Sync 1 DAGs
[2026-08-12T08:19:49.148+0000] {logging_mixin.py:190} INFO - [2026-08-12T08:19:49.148+0000] {dag.py:4180} INFO - Setting next_dagrun for download_rocket_launches to None, run_after=None
[2026-08-12T08:19:49.173+0000] {processor.py:208} INFO - Processing /opt/airflow/dags/bash_python.py took 0.113 seconds
[2026-08-12T08:20:19.491+0000] {processor.py:186} INFO - Started process (PID=798) to work on /opt/airflow/dags/bash_python.py
[2026-08-12T08:20:19.493+0000] {processor.py:914} INFO - Processing file /opt/airflow/dags/bash_python.py for tasks to queue
[2026-08-12T08:20:19.496+0000] {logging_mixin.py:190} INFO - [2026-08-12T08:20:19.495+0000] {dagbag.py:588} INFO - Filling up the DagBag from /opt/airflow/dags/bash_python.py
[2026-08-12T08:20:19.521+0000] {processor.py:925} INFO - DAG(s) 'download_rocket_launches' retrieved from /opt/airflow/dags/bash_python.py
[2026-08-12T08:20:19.564+0000] {logging_mixin.py:190} INFO - [2026-08-12T08:20:19.564+0000] {dag.py:3239} INFO - Sync 1 DAGs
[2026-08-12T08:20:19.584+0000] {logging_mixin.py:190} INFO - [2026-08-12T08:20:19.583+0000] {dag.py:4180} INFO - Setting next_dagrun for download_rocket_launches to None, run_after=None
[2026-08-12T08:20:19.609+0000] {processor.py:208} INFO - Processing /opt/airflow/dags/bash_python.py took 0.126 seconds
[2026-08-12T08:20:49.869+0000] {processor.py:186} INFO - Started process (PID=808) to work on /opt/airflow/dags/bash_python.py
[2026-08-12T08:20:49.871+0000] {processor.py:914} INFO - Processing file /opt/airflow/dags/bash_python.py for tasks to queue
[2026-08-12T08:20:49.876+0000] {logging_mixin.py:190} INFO - [2026-08-12T08:20:49.876+0000] {dagbag.py:588} INFO - Filling up the DagBag from /opt/airflow/dags/bash_python.py
[2026-08-12T08:20:49.911+0000] {processor.py:925} INFO - DAG(s) 'download_rocket_launches' retrieved from /opt/airflow/dags/bash_python.py
[2026-08-12T08:20:49.964+0000] {logging_mixin.py:190} INFO - [2026-08-12T08:20:49.964+0000] {dag.py:3239} INFO - Sync 1 DAGs
[2026-08-12T08:20:49.985+0000] {logging_mixin.py:190} INFO - [2026-08-12T08:20:49.985+0000] {dag.py:4180} INFO - Setting next_dagrun for download_rocket_launches to None, run_after=None
[2026-08-12T08:20:50.017+0000] {processor.py:208} INFO - Processing /opt/airflow/dags/bash_python.py took 0.159 seconds
[2026-08-12T08:21:20.339+0000] {processor.py:186} INFO - Started process (PID=818) to work on /opt/airflow/dags/bash_python.py
[2026-08-12T08:21:20.342+0000] {processor.py:914} INFO - Processing file /opt/airflow/dags/bash_python.py for tasks to queue
[2026-08-12T08:21:20.347+0000] {logging_mixin.py:190} INFO - [2026-08-12T08:21:20.347+0000] {dagbag.py:588} INFO - Filling up the DagBag from /opt/airflow/dags/bash_python.py
[2026-08-12T08:21:20.372+0000] {processor.py:925} INFO - DAG(s) 'download_rocket_launches' retrieved from /opt/airflow/dags/bash_python.py
[2026-08-12T08:21:20.408+0000] {logging_mixin.py:190} INFO - [2026-08-12T08:21:20.408+0000] {dag.py:3239} INFO - Sync 1 DAGs
[2026-08-12T08:21:20.426+0000] {logging_mixin.py:190} INFO - [2026-08-12T08:21:20.426+0000] {dag.py:4180} INFO - Setting next_dagrun for download_rocket_launches to None, run_after=None
[2026-08-12T08:21:20.450+0000] {processor.py:208} INFO - Processing /opt/airflow/dags/bash_python.py took 0.120 seconds
[2026-08-12T08:21:50.750+0000] {processor.py:186} INFO - Started process (PID=828) to work on /opt/airflow/dags/bash_python.py
[2026-08-12T08:21:50.752+0000] {processor.py:914} INFO - Processing file /opt/airflow/dags/bash_python.py for tasks to queue
[2026-08-12T08:21:50.774+0000] {logging_mixin.py:190} INFO - [2026-08-12T08:21:50.774+0000] {dagbag.py:588} INFO - Filling up the DagBag from /opt/airflow/dags/bash_python.py
[2026-08-12T08:21:50.801+0000] {processor.py:925} INFO - DAG(s) 'download_rocket_launches' retrieved from /opt/airflow/dags/bash_python.py
[2026-08-12T08:21:50.847+0000] {logging_mixin.py:190} INFO - [2026-08-12T08:21:50.846+0000] {dag.py:3239} INFO - Sync 1 DAGs
[2026-08-12T08:21:50.869+0000] {logging_mixin.py:190} INFO - [2026-08-12T08:21:50.868+0000] {dag.py:4180} INFO - Setting next_dagrun for download_rocket_launches to None, run_after=None
[2026-08-12T08:21:50.895+0000] {processor.py:208} INFO - Processing /opt/airflow/dags/bash_python.py took 0.155 seconds
[2026-08-12T08:22:21.177+0000] {processor.py:186} INFO - Started process (PID=838) to work on /opt/airflow/dags/bash_python.py
[2026-08-12T08:22:21.178+0000] {processor.py:914} INFO - Processing file /opt/airflow/dags/bash_python.py for tasks to queue
[2026-08-12T08:22:21.182+0000] {logging_mixin.py:190} INFO - [2026-08-12T08:22:21.181+0000] {dagbag.py:588} INFO - Filling up the DagBag from /opt/airflow/dags/bash_python.py
[2026-08-12T08:22:21.205+0000] {processor.py:925} INFO - DAG(s) 'download_rocket_launches' retrieved from /opt/airflow/dags/bash_python.py
[2026-08-12T08:22:21.248+0000] {logging_mixin.py:190} INFO - [2026-08-12T08:22:21.247+0000] {dag.py:3239} INFO - Sync 1 DAGs
[2026-08-12T08:22:21.268+0000] {logging_mixin.py:190} INFO - [2026-08-12T08:22:21.268+0000] {dag.py:4180} INFO - Setting next_dagrun for download_rocket_launches to None, run_after=None
[2026-08-12T08:22:21.298+0000] {processor.py:208} INFO - Processing /opt/airflow/dags/bash_python.py took 0.130 seconds
[2026-08-12T08:22:51.577+0000] {processor.py:186} INFO - Started process (PID=848) to work on /opt/airflow/dags/bash_python.py
[2026-08-12T08:22:51.579+0000] {processor.py:914} INFO - Processing file /opt/airflow/dags/bash_python.py for tasks to queue
[2026-08-12T08:22:51.582+0000] {logging_mixin.py:190} INFO - [2026-08-12T08:22:51.581+0000] {dagbag.py:588} INFO - Filling up the DagBag from /opt/airflow/dags/bash_python.py
[2026-08-12T08:22:51.606+0000] {processor.py:925} INFO - DAG(s) 'download_rocket_launches' retrieved from /opt/airflow/dags/bash_python.py
[2026-08-12T08:22:51.643+0000] {logging_mixin.py:190} INFO - [2026-08-12T08:22:51.643+0000] {dag.py:3239} INFO - Sync 1 DAGs
[2026-08-12T08:22:51.665+0000] {logging_mixin.py:190} INFO - [2026-08-12T08:22:51.664+0000] {dag.py:4180} INFO - Setting next_dagrun for download_rocket_launches to None, run_after=None
[2026-08-12T08:22:51.691+0000] {processor.py:208} INFO - Processing /opt/airflow/dags/bash_python.py took 0.121 seconds
[2026-08-12T08:23:21.978+0000] {processor.py:186} INFO - Started process (PID=858) to work on /opt/airflow/dags/bash_python.py
[2026-08-12T08:23:21.979+0000] {processor.py:914} INFO - Processing file /opt/airflow/dags/bash_python.py for tasks to queue
[2026-08-12T08:23:21.982+0000] {logging_mixin.py:190} INFO - [2026-08-12T08:23:21.981+0000] {dagbag.py:588} INFO - Filling up the DagBag from /opt/airflow/dags/bash_python.py
[2026-08-12T08:23:22.005+0000] {processor.py:925} INFO - DAG(s) 'download_rocket_launches' retrieved from /opt/airflow/dags/bash_python.py
[2026-08-12T08:23:22.042+0000] {logging_mixin.py:190} INFO - [2026-08-12T08:23:22.041+0000] {dag.py:3239} INFO - Sync 1 DAGs
[2026-08-12T08:23:22.058+0000] {logging_mixin.py:190} INFO - [2026-08-12T08:23:22.058+0000] {dag.py:4180} INFO - Setting next_dagrun for download_rocket_launches to None, run_after=None
[2026-08-12T08:23:22.085+0000] {processor.py:208} INFO - Processing /opt/airflow/dags/bash_python.py took 0.114 seconds
[2026-08-12T08:23:52.418+0000] {processor.py:186} INFO - Started process (PID=868) to work on /opt/airflow/dags/bash_python.py
[2026-08-12T08:23:52.419+0000] {processor.py:914} INFO - Processing file /opt/airflow/dags/bash_python.py for tasks to queue
[2026-08-12T08:23:52.423+0000] {logging_mixin.py:190} INFO - [2026-08-12T08:23:52.422+0000] {dagbag.py:588} INFO - Filling up the DagBag from /opt/airflow/dags/bash_python.py
[2026-08-12T08:23:52.448+0000] {processor.py:925} INFO - DAG(s) 'download_rocket_launches' retrieved from /opt/airflow/dags/bash_python.py
[2026-08-12T08:23:52.489+0000] {logging_mixin.py:190} INFO - [2026-08-12T08:23:52.488+0000] {dag.py:3239} INFO - Sync 1 DAGs
[2026-08-12T08:23:52.508+0000] {logging_mixin.py:190} INFO - [2026-08-12T08:23:52.508+0000] {dag.py:4180} INFO - Setting next_dagrun for download_rocket_launches to None, run_after=None
[2026-08-12T08:23:52.553+0000] {processor.py:208} INFO - Processing /opt/airflow/dags/bash_python.py took 0.146 seconds
[2026-08-12T08:24:22.808+0000] {processor.py:186} INFO - Started process (PID=878) to work on /opt/airflow/dags/bash_python.py
[2026-08-12T08:24:22.810+0000] {processor.py:914} INFO - Processing file /opt/airflow/dags/bash_python.py for tasks to queue
[2026-08-12T08:24:22.813+0000] {logging_mixin.py:190} INFO - [2026-08-12T08:24:22.813+0000] {dagbag.py:588} INFO - Filling up the DagBag from /opt/airflow/dags/bash_python.py
[2026-08-12T08:24:22.839+0000] {processor.py:925} INFO - DAG(s) 'download_rocket_launches' retrieved from /opt/airflow/dags/bash_python.py
[2026-08-12T08:24:22.882+0000] {logging_mixin.py:190} INFO - [2026-08-12T08:24:22.882+0000] {dag.py:3239} INFO - Sync 1 DAGs
[2026-08-12T08:24:22.899+0000] {logging_mixin.py:190} INFO - [2026-08-12T08:24:22.898+0000] {dag.py:4180} INFO - Setting next_dagrun for download_rocket_launches to None, run_after=None
[2026-08-12T08:24:22.922+0000] {processor.py:208} INFO - Processing /opt/airflow/dags/bash_python.py took 0.123 seconds
[2026-08-12T08:24:53.202+0000] {processor.py:186} INFO - Started process (PID=888) to work on /opt/airflow/dags/bash_python.py
[2026-08-12T08:24:53.203+0000] {processor.py:914} INFO - Processing file /opt/airflow/dags/bash_python.py for tasks to queue
[2026-08-12T08:24:53.205+0000] {logging_mixin.py:190} INFO - [2026-08-12T08:24:53.205+0000] {dagbag.py:588} INFO - Filling up the DagBag from /opt/airflow/dags/bash_python.py
[2026-08-12T08:24:53.225+0000] {processor.py:925} INFO - DAG(s) 'download_rocket_launches' retrieved from /opt/airflow/dags/bash_python.py
[2026-08-12T08:24:53.259+0000] {logging_mixin.py:190} INFO - [2026-08-12T08:24:53.259+0000] {dag.py:3239} INFO - Sync 1 DAGs
[2026-08-12T08:24:53.276+0000] {logging_mixin.py:190} INFO - [2026-08-12T08:24:53.276+0000] {dag.py:4180} INFO - Setting next_dagrun for download_rocket_launches to None, run_after=None
[2026-08-12T08:24:53.300+0000] {processor.py:208} INFO - Processing /opt/airflow/dags/bash_python.py took 0.103 seconds
[2026-08-12T08:25:23.613+0000] {processor.py:186} INFO - Started process (PID=898) to work on /opt/airflow/dags/bash_python.py
[2026-08-12T08:25:23.614+0000] {processor.py:914} INFO - Processing file /opt/airflow/dags/bash_python.py for tasks to queue
[2026-08-12T08:25:23.617+0000] {logging_mixin.py:190} INFO - [2026-08-12T08:25:23.617+0000] {dagbag.py:588} INFO - Filling up the DagBag from /opt/airflow/dags/bash_python.py
[2026-08-12T08:25:23.640+0000] {processor.py:925} INFO - DAG(s) 'download_rocket_launches' retrieved from /opt/airflow/dags/bash_python.py
[2026-08-12T08:25:23.701+0000] {logging_mixin.py:190} INFO - [2026-08-12T08:25:23.700+0000] {dag.py:3239} INFO - Sync 1 DAGs
[2026-08-12T08:25:23.724+0000] {logging_mixin.py:190} INFO - [2026-08-12T08:25:23.724+0000] {dag.py:4180} INFO - Setting next_dagrun for download_rocket_launches to None, run_after=None
[2026-08-12T08:25:23.751+0000] {processor.py:208} INFO - Processing /opt/airflow/dags/bash_python.py took 0.146 seconds
[2026-08-12T08:25:54.026+0000] {processor.py:186} INFO - Started process (PID=908) to work on /opt/airflow/dags/bash_python.py
[2026-08-12T08:25:54.028+0000] {processor.py:914} INFO - Processing file /opt/airflow/dags/bash_python.py for tasks to queue
[2026-08-12T08:25:54.031+0000] {logging_mixin.py:190} INFO - [2026-08-12T08:25:54.031+0000] {dagbag.py:588} INFO - Filling up the DagBag from /opt/airflow/dags/bash_python.py
[2026-08-12T08:25:54.055+0000] {processor.py:925} INFO - DAG(s) 'download_rocket_launches' retrieved from /opt/airflow/dags/bash_python.py
[2026-08-12T08:25:54.097+0000] {logging_mixin.py:190} INFO - [2026-08-12T08:25:54.097+0000] {dag.py:3239} INFO - Sync 1 DAGs
[2026-08-12T08:25:54.120+0000] {logging_mixin.py:190} INFO - [2026-08-12T08:25:54.120+0000] {dag.py:4180} INFO - Setting next_dagrun for download_rocket_launches to None, run_after=None
[2026-08-12T08:25:54.148+0000] {processor.py:208} INFO - Processing /opt/airflow/dags/bash_python.py took 0.130 seconds
[2026-08-12T08:26:24.421+0000] {processor.py:186} INFO - Started process (PID=918) to work on /opt/airflow/dags/bash_python.py
[2026-08-12T08:26:24.423+0000] {processor.py:914} INFO - Processing file /opt/airflow/dags/bash_python.py for tasks to queue
[2026-08-12T08:26:24.427+0000] {logging_mixin.py:190} INFO - [2026-08-12T08:26:24.427+0000] {dagbag.py:588} INFO - Filling up the DagBag from /opt/airflow/dags/bash_python.py
[2026-08-12T08:26:24.452+0000] {processor.py:925} INFO - DAG(s) 'download_rocket_launches' retrieved from /opt/airflow/dags/bash_python.py
[2026-08-12T08:26:24.496+0000] {logging_mixin.py:190} INFO - [2026-08-12T08:26:24.495+0000] {dag.py:3239} INFO - Sync 1 DAGs
[2026-08-12T08:26:24.518+0000] {logging_mixin.py:190} INFO - [2026-08-12T08:26:24.518+0000] {dag.py:4180} INFO - Setting next_dagrun for download_rocket_launches to None, run_after=None
[2026-08-12T08:26:24.542+0000] {processor.py:208} INFO - Processing /opt/airflow/dags/bash_python.py took 0.130 seconds
[2026-08-12T08:26:54.793+0000] {processor.py:186} INFO - Started process (PID=928) to work on /opt/airflow/dags/bash_python.py
[2026-08-12T08:26:54.795+0000] {processor.py:914} INFO - Processing file /opt/airflow/dags/bash_python.py for tasks to queue
[2026-08-12T08:26:54.800+0000] {logging_mixin.py:190} INFO - [2026-08-12T08:26:54.800+0000] {dagbag.py:588} INFO - Filling up the DagBag from /opt/airflow/dags/bash_python.py
[2026-08-12T08:26:54.827+0000] {processor.py:925} INFO - DAG(s) 'download_rocket_launches' retrieved from /opt/airflow/dags/bash_python.py
[2026-08-12T08:26:54.887+0000] {logging_mixin.py:190} INFO - [2026-08-12T08:26:54.887+0000] {dag.py:3239} INFO - Sync 1 DAGs
[2026-08-12T08:26:54.906+0000] {logging_mixin.py:190} INFO - [2026-08-12T08:26:54.906+0000] {dag.py:4180} INFO - Setting next_dagrun for download_rocket_launches to None, run_after=None
[2026-08-12T08:26:54.928+0000] {processor.py:208} INFO - Processing /opt/airflow/dags/bash_python.py took 0.143 seconds
[2026-08-12T08:27:25.166+0000] {processor.py:186} INFO - Started process (PID=938) to work on /opt/airflow/dags/bash_python.py
[2026-08-12T08:27:25.168+0000] {processor.py:914} INFO - Processing file /opt/airflow/dags/bash_python.py for tasks to queue
[2026-08-12T08:27:25.171+0000] {logging_mixin.py:190} INFO - [2026-08-12T08:27:25.171+0000] {dagbag.py:588} INFO - Filling up the DagBag from /opt/airflow/dags/bash_python.py
[2026-08-12T08:27:25.199+0000] {processor.py:925} INFO - DAG(s) 'download_rocket_launches' retrieved from /opt/airflow/dags/bash_python.py
[2026-08-12T08:27:25.236+0000] {logging_mixin.py:190} INFO - [2026-08-12T08:27:25.235+0000] {dag.py:3239} INFO - Sync 1 DAGs
[2026-08-12T08:27:25.255+0000] {logging_mixin.py:190} INFO - [2026-08-12T08:27:25.255+0000] {dag.py:4180} INFO - Setting next_dagrun for download_rocket_launches to None, run_after=None
[2026-08-12T08:27:25.279+0000] {processor.py:208} INFO - Processing /opt/airflow/dags/bash_python.py took 0.121 seconds
[2026-08-12T08:27:55.504+0000] {processor.py:186} INFO - Started process (PID=948) to work on /opt/airflow/dags/bash_python.py
[2026-08-12T08:27:55.506+0000] {processor.py:914} INFO - Processing file /opt/airflow/dags/bash_python.py for tasks to queue
[2026-08-12T08:27:55.508+0000] {logging_mixin.py:190} INFO - [2026-08-12T08:27:55.508+0000] {dagbag.py:588} INFO - Filling up the DagBag from /opt/airflow/dags/bash_python.py
[2026-08-12T08:27:55.535+0000] {processor.py:925} INFO - DAG(s) 'download_rocket_launches' retrieved from /opt/airflow/dags/bash_python.py
[2026-08-12T08:27:55.574+0000] {logging_mixin.py:190} INFO - [2026-08-12T08:27:55.574+0000] {dag.py:3239} INFO - Sync 1 DAGs
[2026-08-12T08:27:55.587+0000] {logging_mixin.py:190} INFO - [2026-08-12T08:27:55.587+0000] {dag.py:4180} INFO - Setting next_dagrun for download_rocket_launches to None, run_after=None
[2026-08-12T08:27:55.604+0000] {processor.py:208} INFO - Processing /opt/airflow/dags/bash_python.py took 0.107 seconds
[2026-08-12T08:28:25.867+0000] {processor.py:186} INFO - Started process (PID=958) to work on /opt/airflow/dags/bash_python.py
[2026-08-12T08:28:25.869+0000] {processor.py:914} INFO - Processing file /opt/airflow/dags/bash_python.py for tasks to queue
[2026-08-12T08:28:25.873+0000] {logging_mixin.py:190} INFO - [2026-08-12T08:28:25.873+0000] {dagbag.py:588} INFO - Filling up the DagBag from /opt/airflow/dags/bash_python.py
[2026-08-12T08:28:25.897+0000] {processor.py:925} INFO - DAG(s) 'download_rocket_launches' retrieved from /opt/airflow/dags/bash_python.py
[2026-08-12T08:28:25.938+0000] {logging_mixin.py:190} INFO - [2026-08-12T08:28:25.938+0000] {dag.py:3239} INFO - Sync 1 DAGs
[2026-08-12T08:28:25.951+0000] {logging_mixin.py:190} INFO - [2026-08-12T08:28:25.951+0000] {dag.py:4180} INFO - Setting next_dagrun for download_rocket_launches to None, run_after=None
[2026-08-12T08:28:25.969+0000] {processor.py:208} INFO - Processing /opt/airflow/dags/bash_python.py took 0.112 seconds
[2026-08-12T08:28:56.223+0000] {processor.py:186} INFO - Started process (PID=968) to work on /opt/airflow/dags/bash_python.py
[2026-08-12T08:28:56.224+0000] {processor.py:914} INFO - Processing file /opt/airflow/dags/bash_python.py for tasks to queue
[2026-08-12T08:28:56.226+0000] {logging_mixin.py:190} INFO - [2026-08-12T08:28:56.226+0000] {dagbag.py:588} INFO - Filling up the DagBag from /opt/airflow/dags/bash_python.py
[2026-08-12T08:28:56.245+0000] {processor.py:925} INFO - DAG(s) 'download_rocket_launches' retrieved from /opt/airflow/dags/bash_python.py
[2026-08-12T08:28:56.278+0000] {logging_mixin.py:190} INFO - [2026-08-12T08:28:56.278+0000] {dag.py:3239} INFO - Sync 1 DAGs
[2026-08-12T08:28:56.291+0000] {logging_mixin.py:190} INFO - [2026-08-12T08:28:56.291+0000] {dag.py:4180} INFO - Setting next_dagrun for download_rocket_launches to None, run_after=None
[2026-08-12T08:28:56.308+0000] {processor.py:208} INFO - Processing /opt/airflow/dags/bash_python.py took 0.091 seconds
[2026-08-12T08:29:26.556+0000] {processor.py:186} INFO - Started process (PID=978) to work on /opt/airflow/dags/bash_python.py
[2026-08-12T08:29:26.558+0000] {processor.py:914} INFO - Processing file /opt/airflow/dags/bash_python.py for tasks to queue
[2026-08-12T08:29:26.560+0000] {logging_mixin.py:190} INFO - [2026-08-12T08:29:26.560+0000] {dagbag.py:588} INFO - Filling up the DagBag from /opt/airflow/dags/bash_python.py
[2026-08-12T08:29:26.577+0000] {processor.py:925} INFO - DAG(s) 'download_rocket_launches' retrieved from /opt/airflow/dags/bash_python.py
[2026-08-12T08:29:26.606+0000] {logging_mixin.py:190} INFO - [2026-08-12T08:29:26.606+0000] {dag.py:3239} INFO - Sync 1 DAGs
[2026-08-12T08:29:26.619+0000] {logging_mixin.py:190} INFO - [2026-08-12T08:29:26.619+0000] {dag.py:4180} INFO - Setting next_dagrun for download_rocket_launches to None, run_after=None
[2026-08-12T08:29:26.635+0000] {processor.py:208} INFO - Processing /opt/airflow/dags/bash_python.py took 0.087 seconds
[2026-08-12T08:29:56.865+0000] {processor.py:186} INFO - Started process (PID=988) to work on /opt/airflow/dags/bash_python.py
[2026-08-12T08:29:56.866+0000] {processor.py:914} INFO - Processing file /opt/airflow/dags/bash_python.py for tasks to queue
[2026-08-12T08:29:56.870+0000] {logging_mixin.py:190} INFO - [2026-08-12T08:29:56.869+0000] {dagbag.py:588} INFO - Filling up the DagBag from /opt/airflow/dags/bash_python.py
[2026-08-12T08:29:56.891+0000] {processor.py:925} INFO - DAG(s) 'download_rocket_launches' retrieved from /opt/airflow/dags/bash_python.py
[2026-08-12T08:29:56.918+0000] {logging_mixin.py:190} INFO - [2026-08-12T08:29:56.918+0000] {dag.py:3239} INFO - Sync 1 DAGs
[2026-08-12T08:29:56.939+0000] {logging_mixin.py:190} INFO - [2026-08-12T08:29:56.939+0000] {dag.py:4180} INFO - Setting next_dagrun for download_rocket_launches to None, run_after=None
[2026-08-12T08:29:56.963+0000] {processor.py:208} INFO - Processing /opt/airflow/dags/bash_python.py took 0.105 seconds
[2026-08-12T08:30:27.187+0000] {processor.py:186} INFO - Started process (PID=998) to work on /opt/airflow/dags/bash_python.py
[2026-08-12T08:30:27.188+0000] {processor.py:914} INFO - Processing file /opt/airflow/dags/bash_python.py for tasks to queue
[2026-08-12T08:30:27.191+0000] {logging_mixin.py:190} INFO - [2026-08-12T08:30:27.191+0000] {dagbag.py:588} INFO - Filling up the DagBag from /opt/airflow/dags/bash_python.py
[2026-08-12T08:30:27.208+0000] {processor.py:925} INFO - DAG(s) 'download_rocket_launches' retrieved from /opt/airflow/dags/bash_python.py
[2026-08-12T08:30:27.257+0000] {logging_mixin.py:190} INFO - [2026-08-12T08:30:27.257+0000] {dag.py:3239} INFO - Sync 1 DAGs
[2026-08-12T08:30:27.270+0000] {logging_mixin.py:190} INFO - [2026-08-12T08:30:27.269+0000] {dag.py:4180} INFO - Setting next_dagrun for download_rocket_launches to None, run_after=None
[2026-08-12T08:30:27.291+0000] {processor.py:208} INFO - Processing /opt/airflow/dags/bash_python.py took 0.110 seconds
[2026-08-12T08:30:57.544+0000] {processor.py:186} INFO - Started process (PID=1008) to work on /opt/airflow/dags/bash_python.py
[2026-08-12T08:30:57.546+0000] {processor.py:914} INFO - Processing file /opt/airflow/dags/bash_python.py for tasks to queue
[2026-08-12T08:30:57.549+0000] {logging_mixin.py:190} INFO - [2026-08-12T08:30:57.548+0000] {dagbag.py:588} INFO - Filling up the DagBag from /opt/airflow/dags/bash_python.py
[2026-08-12T08:30:57.569+0000] {processor.py:925} INFO - DAG(s) 'download_rocket_launches' retrieved from /opt/airflow/dags/bash_python.py
[2026-08-12T08:30:57.615+0000] {logging_mixin.py:190} INFO - [2026-08-12T08:30:57.614+0000] {dag.py:3239} INFO - Sync 1 DAGs
[2026-08-12T08:30:57.631+0000] {logging_mixin.py:190} INFO - [2026-08-12T08:30:57.631+0000] {dag.py:4180} INFO - Setting next_dagrun for download_rocket_launches to None, run_after=None
[2026-08-12T08:30:57.654+0000] {processor.py:208} INFO - Processing /opt/airflow/dags/bash_python.py took 0.116 seconds
[2026-08-12T08:31:27.904+0000] {processor.py:186} INFO - Started process (PID=1018) to work on /opt/airflow/dags/bash_python.py
[2026-08-12T08:31:27.905+0000] {processor.py:914} INFO - Processing file /opt/airflow/dags/bash_python.py for tasks to queue
[2026-08-12T08:31:27.909+0000] {logging_mixin.py:190} INFO - [2026-08-12T08:31:27.909+0000] {dagbag.py:588} INFO - Filling up the DagBag from /opt/airflow/dags/bash_python.py
[2026-08-12T08:31:27.929+0000] {processor.py:925} INFO - DAG(s) 'download_rocket_launches' retrieved from /opt/airflow/dags/bash_python.py
[2026-08-12T08:31:27.995+0000] {logging_mixin.py:190} INFO - [2026-08-12T08:31:27.995+0000] {dag.py:3239} INFO - Sync 1 DAGs
[2026-08-12T08:31:28.013+0000] {logging_mixin.py:190} INFO - [2026-08-12T08:31:28.013+0000] {dag.py:4180} INFO - Setting next_dagrun for download_rocket_launches to None, run_after=None
[2026-08-12T08:31:28.042+0000] {processor.py:208} INFO - Processing /opt/airflow/dags/bash_python.py took 0.145 seconds
[2026-08-12T08:31:58.268+0000] {processor.py:186} INFO - Started process (PID=1028) to work on /opt/airflow/dags/bash_python.py
[2026-08-12T08:31:58.269+0000] {processor.py:914} INFO - Processing file /opt/airflow/dags/bash_python.py for tasks to queue
[2026-08-12T08:31:58.271+0000] {logging_mixin.py:190} INFO - [2026-08-12T08:31:58.271+0000] {dagbag.py:588} INFO - Filling up the DagBag from /opt/airflow/dags/bash_python.py
[2026-08-12T08:31:58.296+0000] {processor.py:925} INFO - DAG(s) 'download_rocket_launches' retrieved from /opt/airflow/dags/bash_python.py
[2026-08-12T08:31:58.332+0000] {logging_mixin.py:190} INFO - [2026-08-12T08:31:58.332+0000] {dag.py:3239} INFO - Sync 1 DAGs
[2026-08-12T08:31:58.350+0000] {logging_mixin.py:190} INFO - [2026-08-12T08:31:58.350+0000] {dag.py:4180} INFO - Setting next_dagrun for download_rocket_launches to None, run_after=None
[2026-08-12T08:31:58.442+0000] {processor.py:208} INFO - Processing /opt/airflow/dags/bash_python.py took 0.180 seconds
[2026-08-12T08:32:28.648+0000] {processor.py:186} INFO - Started process (PID=1038) to work on /opt/airflow/dags/bash_python.py
[2026-08-12T08:32:28.649+0000] {processor.py:914} INFO - Processing file /opt/airflow/dags/bash_python.py for tasks to queue
[2026-08-12T08:32:28.652+0000] {logging_mixin.py:190} INFO - [2026-08-12T08:32:28.652+0000] {dagbag.py:588} INFO - Filling up the DagBag from /opt/airflow/dags/bash_python.py
[2026-08-12T08:32:28.673+0000] {processor.py:925} INFO - DAG(s) 'download_rocket_launches' retrieved from /opt/airflow/dags/bash_python.py
[2026-08-12T08:32:28.721+0000] {logging_mixin.py:190} INFO - [2026-08-12T08:32:28.721+0000] {dag.py:3239} INFO - Sync 1 DAGs
[2026-08-12T08:32:28.741+0000] {logging_mixin.py:190} INFO - [2026-08-12T08:32:28.741+0000] {dag.py:4180} INFO - Setting next_dagrun for download_rocket_launches to None, run_after=None
[2026-08-12T08:32:28.783+0000] {processor.py:208} INFO - Processing /opt/airflow/dags/bash_python.py took 0.143 seconds
[2026-08-12T08:32:59.052+0000] {processor.py:186} INFO - Started process (PID=1048) to work on /opt/airflow/dags/bash_python.py
[2026-08-12T08:32:59.053+0000] {processor.py:914} INFO - Processing file /opt/airflow/dags/bash_python.py for tasks to queue
[2026-08-12T08:32:59.058+0000] {logging_mixin.py:190} INFO - [2026-08-12T08:32:59.057+0000] {dagbag.py:588} INFO - Filling up the DagBag from /opt/airflow/dags/bash_python.py
[2026-08-12T08:32:59.080+0000] {processor.py:925} INFO - DAG(s) 'download_rocket_launches' retrieved from /opt/airflow/dags/bash_python.py
[2026-08-12T08:32:59.119+0000] {logging_mixin.py:190} INFO - [2026-08-12T08:32:59.119+0000] {dag.py:3239} INFO - Sync 1 DAGs
[2026-08-12T08:32:59.135+0000] {logging_mixin.py:190} INFO - [2026-08-12T08:32:59.134+0000] {dag.py:4180} INFO - Setting next_dagrun for download_rocket_launches to None, run_after=None
[2026-08-12T08:32:59.157+0000] {processor.py:208} INFO - Processing /opt/airflow/dags/bash_python.py took 0.116 seconds
[2026-08-12T08:33:29.390+0000] {processor.py:186} INFO - Started process (PID=1058) to work on /opt/airflow/dags/bash_python.py
[2026-08-12T08:33:29.391+0000] {processor.py:914} INFO - Processing file /opt/airflow/dags/bash_python.py for tasks to queue
[2026-08-12T08:33:29.394+0000] {logging_mixin.py:190} INFO - [2026-08-12T08:33:29.393+0000] {dagbag.py:588} INFO - Filling up the DagBag from /opt/airflow/dags/bash_python.py
[2026-08-12T08:33:29.412+0000] {processor.py:925} INFO - DAG(s) 'download_rocket_launches' retrieved from /opt/airflow/dags/bash_python.py
[2026-08-12T08:33:29.464+0000] {logging_mixin.py:190} INFO - [2026-08-12T08:33:29.463+0000] {dag.py:3239} INFO - Sync 1 DAGs
[2026-08-12T08:33:29.488+0000] {logging_mixin.py:190} INFO - [2026-08-12T08:33:29.488+0000] {dag.py:4180} INFO - Setting next_dagrun for download_rocket_launches to None, run_after=None
[2026-08-12T08:33:29.854+0000] {processor.py:208} INFO - Processing /opt/airflow/dags/bash_python.py took 0.469 seconds
[2026-08-12T08:34:00.175+0000] {processor.py:186} INFO - Started process (PID=1068) to work on /opt/airflow/dags/bash_python.py
[2026-08-12T08:34:00.176+0000] {processor.py:914} INFO - Processing file /opt/airflow/dags/bash_python.py for tasks to queue
[2026-08-12T08:34:00.179+0000] {logging_mixin.py:190} INFO - [2026-08-12T08:34:00.178+0000] {dagbag.py:588} INFO - Filling up the DagBag from /opt/airflow/dags/bash_python.py
[2026-08-12T08:34:00.194+0000] {processor.py:925} INFO - DAG(s) 'download_rocket_launches' retrieved from /opt/airflow/dags/bash_python.py
[2026-08-12T08:34:00.234+0000] {logging_mixin.py:190} INFO - [2026-08-12T08:34:00.233+0000] {dag.py:3239} INFO - Sync 1 DAGs
[2026-08-12T08:34:00.253+0000] {logging_mixin.py:190} INFO - [2026-08-12T08:34:00.253+0000] {dag.py:4180} INFO - Setting next_dagrun for download_rocket_launches to None, run_after=None
[2026-08-12T08:34:00.270+0000] {processor.py:208} INFO - Processing /opt/airflow/dags/bash_python.py took 0.101 seconds
[2026-08-12T08:34:30.517+0000] {processor.py:186} INFO - Started process (PID=1078) to work on /opt/airflow/dags/bash_python.py
[2026-08-12T08:34:30.518+0000] {processor.py:914} INFO - Processing file /opt/airflow/dags/bash_python.py for tasks to queue
[2026-08-12T08:34:30.521+0000] {logging_mixin.py:190} INFO - [2026-08-12T08:34:30.520+0000] {dagbag.py:588} INFO - Filling up the DagBag from /opt/airflow/dags/bash_python.py
[2026-08-12T08:34:30.553+0000] {processor.py:925} INFO - DAG(s) 'download_rocket_launches' retrieved from /opt/airflow/dags/bash_python.py
[2026-08-12T08:34:30.587+0000] {logging_mixin.py:190} INFO - [2026-08-12T08:34:30.586+0000] {dag.py:3239} INFO - Sync 1 DAGs
[2026-08-12T08:34:30.600+0000] {logging_mixin.py:190} INFO - [2026-08-12T08:34:30.599+0000] {dag.py:4180} INFO - Setting next_dagrun for download_rocket_launches to None, run_after=None
[2026-08-12T08:34:30.618+0000] {processor.py:208} INFO - Processing /opt/airflow/dags/bash_python.py took 0.107 seconds
[2026-08-12T08:35:00.884+0000] {processor.py:186} INFO - Started process (PID=1088) to work on /opt/airflow/dags/bash_python.py
[2026-08-12T08:35:00.886+0000] {processor.py:914} INFO - Processing file /opt/airflow/dags/bash_python.py for tasks to queue
[2026-08-12T08:35:00.889+0000] {logging_mixin.py:190} INFO - [2026-08-12T08:35:00.889+0000] {dagbag.py:588} INFO - Filling up the DagBag from /opt/airflow/dags/bash_python.py
[2026-08-12T08:35:00.918+0000] {processor.py:925} INFO - DAG(s) 'download_rocket_launches' retrieved from /opt/airflow/dags/bash_python.py
[2026-08-12T08:35:00.949+0000] {logging_mixin.py:190} INFO - [2026-08-12T08:35:00.949+0000] {dag.py:3239} INFO - Sync 1 DAGs
[2026-08-12T08:35:00.963+0000] {logging_mixin.py:190} INFO - [2026-08-12T08:35:00.962+0000] {dag.py:4180} INFO - Setting next_dagrun for download_rocket_launches to None, run_after=None
[2026-08-12T08:35:00.980+0000] {processor.py:208} INFO - Processing /opt/airflow/dags/bash_python.py took 0.103 seconds
[2026-08-12T08:35:31.247+0000] {processor.py:186} INFO - Started process (PID=1098) to work on /opt/airflow/dags/bash_python.py
[2026-08-12T08:35:31.248+0000] {processor.py:914} INFO - Processing file /opt/airflow/dags/bash_python.py for tasks to queue
[2026-08-12T08:35:31.251+0000] {logging_mixin.py:190} INFO - [2026-08-12T08:35:31.251+0000] {dagbag.py:588} INFO - Filling up the DagBag from /opt/airflow/dags/bash_python.py
[2026-08-12T08:35:31.270+0000] {processor.py:925} INFO - DAG(s) 'download_rocket_launches' retrieved from /opt/airflow/dags/bash_python.py
[2026-08-12T08:35:31.300+0000] {logging_mixin.py:190} INFO - [2026-08-12T08:35:31.300+0000] {dag.py:3239} INFO - Sync 1 DAGs
[2026-08-12T08:35:31.317+0000] {logging_mixin.py:190} INFO - [2026-08-12T08:35:31.316+0000] {dag.py:4180} INFO - Setting next_dagrun for download_rocket_launches to None, run_after=None
[2026-08-12T08:35:31.339+0000] {processor.py:208} INFO - Processing /opt/airflow/dags/bash_python.py took 0.101 seconds
[2026-08-12T08:36:01.624+0000] {processor.py:186} INFO - Started process (PID=1108) to work on /opt/airflow/dags/bash_python.py
[2026-08-12T08:36:01.625+0000] {processor.py:914} INFO - Processing file /opt/airflow/dags/bash_python.py for tasks to queue
[2026-08-12T08:36:01.629+0000] {logging_mixin.py:190} INFO - [2026-08-12T08:36:01.628+0000] {dagbag.py:588} INFO - Filling up the DagBag from /opt/airflow/dags/bash_python.py
[2026-08-12T08:36:01.646+0000] {processor.py:925} INFO - DAG(s) 'download_rocket_launches' retrieved from /opt/airflow/dags/bash_python.py
[2026-08-12T08:36:01.674+0000] {logging_mixin.py:190} INFO - [2026-08-12T08:36:01.673+0000] {dag.py:3239} INFO - Sync 1 DAGs
[2026-08-12T08:36:01.689+0000] {logging_mixin.py:190} INFO - [2026-08-12T08:36:01.689+0000] {dag.py:4180} INFO - Setting next_dagrun for download_rocket_launches to None, run_after=None
[2026-08-12T08:36:01.707+0000] {processor.py:208} INFO - Processing /opt/airflow/dags/bash_python.py took 0.089 seconds
[2026-08-12T08:36:31.968+0000] {processor.py:186} INFO - Started process (PID=1118) to work on /opt/airflow/dags/bash_python.py
[2026-08-12T08:36:31.969+0000] {processor.py:914} INFO - Processing file /opt/airflow/dags/bash_python.py for tasks to queue
[2026-08-12T08:36:31.971+0000] {logging_mixin.py:190} INFO - [2026-08-12T08:36:31.971+0000] {dagbag.py:588} INFO - Filling up the DagBag from /opt/airflow/dags/bash_python.py
[2026-08-12T08:36:31.987+0000] {processor.py:925} INFO - DAG(s) 'download_rocket_launches' retrieved from /opt/airflow/dags/bash_python.py
[2026-08-12T08:36:32.015+0000] {logging_mixin.py:190} INFO - [2026-08-12T08:36:32.015+0000] {dag.py:3239} INFO - Sync 1 DAGs
[2026-08-12T08:36:32.028+0000] {logging_mixin.py:190} INFO - [2026-08-12T08:36:32.028+0000] {dag.py:4180} INFO - Setting next_dagrun for download_rocket_launches to None, run_after=None
[2026-08-12T08:36:32.050+0000] {processor.py:208} INFO - Processing /opt/airflow/dags/bash_python.py took 0.088 seconds
[2026-08-12T08:37:02.321+0000] {processor.py:186} INFO - Started process (PID=1128) to work on /opt/airflow/dags/bash_python.py
[2026-08-12T08:37:02.323+0000] {processor.py:914} INFO - Processing file /opt/airflow/dags/bash_python.py for tasks to queue
[2026-08-12T08:37:02.327+0000] {logging_mixin.py:190} INFO - [2026-08-12T08:37:02.327+0000] {dagbag.py:588} INFO - Filling up the DagBag from /opt/airflow/dags/bash_python.py
[2026-08-12T08:37:02.358+0000] {processor.py:925} INFO - DAG(s) 'download_rocket_launches' retrieved from /opt/airflow/dags/bash_python.py
[2026-08-12T08:37:02.399+0000] {logging_mixin.py:190} INFO - [2026-08-12T08:37:02.398+0000] {dag.py:3239} INFO - Sync 1 DAGs
[2026-08-12T08:37:02.413+0000] {logging_mixin.py:190} INFO - [2026-08-12T08:37:02.413+0000] {dag.py:4180} INFO - Setting next_dagrun for download_rocket_launches to None, run_after=None
[2026-08-12T08:37:02.430+0000] {processor.py:208} INFO - Processing /opt/airflow/dags/bash_python.py took 0.116 seconds
[2026-08-12T08:37:32.687+0000] {processor.py:186} INFO - Started process (PID=1138) to work on /opt/airflow/dags/bash_python.py
[2026-08-12T08:37:32.688+0000] {processor.py:914} INFO - Processing file /opt/airflow/dags/bash_python.py for tasks to queue
[2026-08-12T08:37:32.691+0000] {logging_mixin.py:190} INFO - [2026-08-12T08:37:32.690+0000] {dagbag.py:588} INFO - Filling up the DagBag from /opt/airflow/dags/bash_python.py
[2026-08-12T08:37:32.712+0000] {processor.py:925} INFO - DAG(s) 'download_rocket_launches' retrieved from /opt/airflow/dags/bash_python.py
[2026-08-12T08:37:32.748+0000] {logging_mixin.py:190} INFO - [2026-08-12T08:37:32.747+0000] {dag.py:3239} INFO - Sync 1 DAGs
[2026-08-12T08:37:32.763+0000] {logging_mixin.py:190} INFO - [2026-08-12T08:37:32.763+0000] {dag.py:4180} INFO - Setting next_dagrun for download_rocket_launches to None, run_after=None
[2026-08-12T08:37:32.782+0000] {processor.py:208} INFO - Processing /opt/airflow/dags/bash_python.py took 0.102 seconds
[2026-08-12T08:38:03.061+0000] {processor.py:186} INFO - Started process (PID=1148) to work on /opt/airflow/dags/bash_python.py
[2026-08-12T08:38:03.062+0000] {processor.py:914} INFO - Processing file /opt/airflow/dags/bash_python.py for tasks to queue
[2026-08-12T08:38:03.064+0000] {logging_mixin.py:190} INFO - [2026-08-12T08:38:03.064+0000] {dagbag.py:588} INFO - Filling up the DagBag from /opt/airflow/dags/bash_python.py
[2026-08-12T08:38:03.080+0000] {processor.py:925} INFO - DAG(s) 'download_rocket_launches' retrieved from /opt/airflow/dags/bash_python.py
[2026-08-12T08:38:03.115+0000] {logging_mixin.py:190} INFO - [2026-08-12T08:38:03.115+0000] {dag.py:3239} INFO - Sync 1 DAGs
[2026-08-12T08:38:03.134+0000] {logging_mixin.py:190} INFO - [2026-08-12T08:38:03.134+0000] {dag.py:4180} INFO - Setting next_dagrun for download_rocket_launches to None, run_after=None
[2026-08-12T08:38:03.155+0000] {processor.py:208} INFO - Processing /opt/airflow/dags/bash_python.py took 0.102 seconds
[2026-08-12T08:38:33.442+0000] {processor.py:186} INFO - Started process (PID=1158) to work on /opt/airflow/dags/bash_python.py
[2026-08-12T08:38:33.444+0000] {processor.py:914} INFO - Processing file /opt/airflow/dags/bash_python.py for tasks to queue
[2026-08-12T08:38:33.447+0000] {logging_mixin.py:190} INFO - [2026-08-12T08:38:33.446+0000] {dagbag.py:588} INFO - Filling up the DagBag from /opt/airflow/dags/bash_python.py
[2026-08-12T08:38:33.466+0000] {processor.py:925} INFO - DAG(s) 'download_rocket_launches' retrieved from /opt/airflow/dags/bash_python.py
[2026-08-12T08:38:33.502+0000] {logging_mixin.py:190} INFO - [2026-08-12T08:38:33.502+0000] {dag.py:3239} INFO - Sync 1 DAGs
[2026-08-12T08:38:33.523+0000] {logging_mixin.py:190} INFO - [2026-08-12T08:38:33.523+0000] {dag.py:4180} INFO - Setting next_dagrun for download_rocket_launches to None, run_after=None
[2026-08-12T08:38:33.548+0000] {processor.py:208} INFO - Processing /opt/airflow/dags/bash_python.py took 0.115 seconds
[2026-08-12T08:39:03.867+0000] {processor.py:186} INFO - Started process (PID=1168) to work on /opt/airflow/dags/bash_python.py
[2026-08-12T08:39:03.869+0000] {processor.py:914} INFO - Processing file /opt/airflow/dags/bash_python.py for tasks to queue
[2026-08-12T08:39:03.871+0000] {logging_mixin.py:190} INFO - [2026-08-12T08:39:03.871+0000] {dagbag.py:588} INFO - Filling up the DagBag from /opt/airflow/dags/bash_python.py
[2026-08-12T08:39:03.893+0000] {processor.py:925} INFO - DAG(s) 'download_rocket_launches' retrieved from /opt/airflow/dags/bash_python.py
[2026-08-12T08:39:03.921+0000] {logging_mixin.py:190} INFO - [2026-08-12T08:39:03.921+0000] {dag.py:3239} INFO - Sync 1 DAGs
[2026-08-12T08:39:03.933+0000] {logging_mixin.py:190} INFO - [2026-08-12T08:39:03.933+0000] {dag.py:4180} INFO - Setting next_dagrun for download_rocket_launches to None, run_after=None
[2026-08-12T08:39:03.960+0000] {processor.py:208} INFO - Processing /opt/airflow/dags/bash_python.py took 0.098 seconds
[2026-08-12T08:39:34.209+0000] {processor.py:186} INFO - Started process (PID=1178) to work on /opt/airflow/dags/bash_python.py
[2026-08-12T08:39:34.211+0000] {processor.py:914} INFO - Processing file /opt/airflow/dags/bash_python.py for tasks to queue
[2026-08-12T08:39:34.214+0000] {logging_mixin.py:190} INFO - [2026-08-12T08:39:34.214+0000] {dagbag.py:588} INFO - Filling up the DagBag from /opt/airflow/dags/bash_python.py
[2026-08-12T08:39:34.239+0000] {processor.py:925} INFO - DAG(s) 'download_rocket_launches' retrieved from /opt/airflow/dags/bash_python.py
[2026-08-12T08:39:34.278+0000] {logging_mixin.py:190} INFO - [2026-08-12T08:39:34.278+0000] {dag.py:3239} INFO - Sync 1 DAGs
[2026-08-12T08:39:34.296+0000] {logging_mixin.py:190} INFO - [2026-08-12T08:39:34.295+0000] {dag.py:4180} INFO - Setting next_dagrun for download_rocket_launches to None, run_after=None
[2026-08-12T08:39:34.323+0000] {processor.py:208} INFO - Processing /opt/airflow/dags/bash_python.py took 0.122 seconds
[2026-08-12T08:40:04.547+0000] {processor.py:186} INFO - Started process (PID=1188) to work on /opt/airflow/dags/bash_python.py
[2026-08-12T08:40:04.549+0000] {processor.py:914} INFO - Processing file /opt/airflow/dags/bash_python.py for tasks to queue
[2026-08-12T08:40:04.552+0000] {logging_mixin.py:190} INFO - [2026-08-12T08:40:04.551+0000] {dagbag.py:588} INFO - Filling up the DagBag from /opt/airflow/dags/bash_python.py
[2026-08-12T08:40:04.571+0000] {processor.py:925} INFO - DAG(s) 'download_rocket_launches' retrieved from /opt/airflow/dags/bash_python.py
[2026-08-12T08:40:04.598+0000] {logging_mixin.py:190} INFO - [2026-08-12T08:40:04.598+0000] {dag.py:3239} INFO - Sync 1 DAGs
[2026-08-12T08:40:04.612+0000] {logging_mixin.py:190} INFO - [2026-08-12T08:40:04.612+0000] {dag.py:4180} INFO - Setting next_dagrun for download_rocket_launches to None, run_after=None
[2026-08-12T08:40:04.635+0000] {processor.py:208} INFO - Processing /opt/airflow/dags/bash_python.py took 0.093 seconds
[2026-08-12T08:40:34.932+0000] {processor.py:186} INFO - Started process (PID=1198) to work on /opt/airflow/dags/bash_python.py
[2026-08-12T08:40:34.933+0000] {processor.py:914} INFO - Processing file /opt/airflow/dags/bash_python.py for tasks to queue
[2026-08-12T08:40:34.937+0000] {logging_mixin.py:190} INFO - [2026-08-12T08:40:34.937+0000] {dagbag.py:588} INFO - Filling up the DagBag from /opt/airflow/dags/bash_python.py
[2026-08-12T08:40:34.959+0000] {processor.py:925} INFO - DAG(s) 'download_rocket_launches' retrieved from /opt/airflow/dags/bash_python.py
[2026-08-12T08:40:34.997+0000] {logging_mixin.py:190} INFO - [2026-08-12T08:40:34.996+0000] {dag.py:3239} INFO - Sync 1 DAGs
[2026-08-12T08:40:35.018+0000] {logging_mixin.py:190} INFO - [2026-08-12T08:40:35.017+0000] {dag.py:4180} INFO - Setting next_dagrun for download_rocket_launches to None, run_after=None
[2026-08-12T08:40:35.047+0000] {processor.py:208} INFO - Processing /opt/airflow/dags/bash_python.py took 0.123 seconds
[2026-08-12T08:41:05.331+0000] {processor.py:186} INFO - Started process (PID=1208) to work on /opt/airflow/dags/bash_python.py
[2026-08-12T08:41:05.333+0000] {processor.py:914} INFO - Processing file /opt/airflow/dags/bash_python.py for tasks to queue
[2026-08-12T08:41:05.335+0000] {logging_mixin.py:190} INFO - [2026-08-12T08:41:05.335+0000] {dagbag.py:588} INFO - Filling up the DagBag from /opt/airflow/dags/bash_python.py
[2026-08-12T08:41:05.352+0000] {processor.py:925} INFO - DAG(s) 'download_rocket_launches' retrieved from /opt/airflow/dags/bash_python.py
[2026-08-12T08:41:05.381+0000] {logging_mixin.py:190} INFO - [2026-08-12T08:41:05.381+0000] {dag.py:3239} INFO - Sync 1 DAGs
[2026-08-12T08:41:05.395+0000] {logging_mixin.py:190} INFO - [2026-08-12T08:41:05.394+0000] {dag.py:4180} INFO - Setting next_dagrun for download_rocket_launches to None, run_after=None
[2026-08-12T08:41:05.412+0000] {processor.py:208} INFO - Processing /opt/airflow/dags/bash_python.py took 0.086 seconds
[2026-08-12T08:41:35.664+0000] {processor.py:186} INFO - Started process (PID=1218) to work on /opt/airflow/dags/bash_python.py
[2026-08-12T08:41:35.665+0000] {processor.py:914} INFO - Processing file /opt/airflow/dags/bash_python.py for tasks to queue
[2026-08-12T08:41:35.667+0000] {logging_mixin.py:190} INFO - [2026-08-12T08:41:35.667+0000] {dagbag.py:588} INFO - Filling up the DagBag from /opt/airflow/dags/bash_python.py
[2026-08-12T08:41:35.684+0000] {processor.py:925} INFO - DAG(s) 'download_rocket_launches' retrieved from /opt/airflow/dags/bash_python.py
[2026-08-12T08:41:35.715+0000] {logging_mixin.py:190} INFO - [2026-08-12T08:41:35.715+0000] {dag.py:3239} INFO - Sync 1 DAGs
[2026-08-12T08:41:35.727+0000] {logging_mixin.py:190} INFO - [2026-08-12T08:41:35.727+0000] {dag.py:4180} INFO - Setting next_dagrun for download_rocket_launches to None, run_after=None
[2026-08-12T08:41:35.743+0000] {processor.py:208} INFO - Processing /opt/airflow/dags/bash_python.py took 0.085 seconds
[2026-08-12T08:42:05.982+0000] {processor.py:186} INFO - Started process (PID=1228) to work on /opt/airflow/dags/bash_python.py
[2026-08-12T08:42:05.983+0000] {processor.py:914} INFO - Processing file /opt/airflow/dags/bash_python.py for tasks to queue
[2026-08-12T08:42:05.986+0000] {logging_mixin.py:190} INFO - [2026-08-12T08:42:05.986+0000] {dagbag.py:588} INFO - Filling up the DagBag from /opt/airflow/dags/bash_python.py
[2026-08-12T08:42:06.007+0000] {processor.py:925} INFO - DAG(s) 'download_rocket_launches' retrieved from /opt/airflow/dags/bash_python.py
[2026-08-12T08:42:06.042+0000] {logging_mixin.py:190} INFO - [2026-08-12T08:42:06.042+0000] {dag.py:3239} INFO - Sync 1 DAGs
[2026-08-12T08:42:06.055+0000] {logging_mixin.py:190} INFO - [2026-08-12T08:42:06.055+0000] {dag.py:4180} INFO - Setting next_dagrun for download_rocket_launches to None, run_after=None
[2026-08-12T08:42:06.073+0000] {processor.py:208} INFO - Processing /opt/airflow/dags/bash_python.py took 0.097 seconds
[2026-08-12T08:42:36.324+0000] {processor.py:186} INFO - Started process (PID=1238) to work on /opt/airflow/dags/bash_python.py
[2026-08-12T08:42:36.325+0000] {processor.py:914} INFO - Processing file /opt/airflow/dags/bash_python.py for tasks to queue
[2026-08-12T08:42:36.327+0000] {logging_mixin.py:190} INFO - [2026-08-12T08:42:36.327+0000] {dagbag.py:588} INFO - Filling up the DagBag from /opt/airflow/dags/bash_python.py
[2026-08-12T08:42:36.343+0000] {processor.py:925} INFO - DAG(s) 'download_rocket_launches' retrieved from /opt/airflow/dags/bash_python.py
[2026-08-12T08:42:36.368+0000] {logging_mixin.py:190} INFO - [2026-08-12T08:42:36.368+0000] {dag.py:3239} INFO - Sync 1 DAGs
[2026-08-12T08:42:36.384+0000] {logging_mixin.py:190} INFO - [2026-08-12T08:42:36.383+0000] {dag.py:4180} INFO - Setting next_dagrun for download_rocket_launches to None, run_after=None
[2026-08-12T08:42:36.401+0000] {processor.py:208} INFO - Processing /opt/airflow/dags/bash_python.py took 0.083 seconds
[2026-08-12T08:43:06.705+0000] {processor.py:186} INFO - Started process (PID=1248) to work on /opt/airflow/dags/bash_python.py
[2026-08-12T08:43:06.707+0000] {processor.py:914} INFO - Processing file /opt/airflow/dags/bash_python.py for tasks to queue
[2026-08-12T08:43:06.712+0000] {logging_mixin.py:190} INFO - [2026-08-12T08:43:06.711+0000] {dagbag.py:588} INFO - Filling up the DagBag from /opt/airflow/dags/bash_python.py
[2026-08-12T08:43:06.740+0000] {processor.py:925} INFO - DAG(s) 'download_rocket_launches' retrieved from /opt/airflow/dags/bash_python.py
[2026-08-12T08:43:06.772+0000] {logging_mixin.py:190} INFO - [2026-08-12T08:43:06.771+0000] {dag.py:3239} INFO - Sync 1 DAGs
[2026-08-12T08:43:06.796+0000] {logging_mixin.py:190} INFO - [2026-08-12T08:43:06.795+0000] {dag.py:4180} INFO - Setting next_dagrun for download_rocket_launches to None, run_after=None
[2026-08-12T08:43:06.823+0000] {processor.py:208} INFO - Processing /opt/airflow/dags/bash_python.py took 0.133 seconds
[2026-08-12T08:43:37.070+0000] {processor.py:186} INFO - Started process (PID=1258) to work on /opt/airflow/dags/bash_python.py
[2026-08-12T08:43:37.071+0000] {processor.py:914} INFO - Processing file /opt/airflow/dags/bash_python.py for tasks to queue
[2026-08-12T08:43:37.074+0000] {logging_mixin.py:190} INFO - [2026-08-12T08:43:37.074+0000] {dagbag.py:588} INFO - Filling up the DagBag from /opt/airflow/dags/bash_python.py
[2026-08-12T08:43:37.090+0000] {processor.py:925} INFO - DAG(s) 'download_rocket_launches' retrieved from /opt/airflow/dags/bash_python.py
[2026-08-12T08:43:37.123+0000] {logging_mixin.py:190} INFO - [2026-08-12T08:43:37.122+0000] {dag.py:3239} INFO - Sync 1 DAGs
[2026-08-12T08:43:37.136+0000] {logging_mixin.py:190} INFO - [2026-08-12T08:43:37.136+0000] {dag.py:4180} INFO - Setting next_dagrun for download_rocket_launches to None, run_after=None
[2026-08-12T08:43:37.153+0000] {processor.py:208} INFO - Processing /opt/airflow/dags/bash_python.py took 0.087 seconds
[2026-08-12T08:44:07.440+0000] {processor.py:186} INFO - Started process (PID=1268) to work on /opt/airflow/dags/bash_python.py
[2026-08-12T08:44:07.441+0000] {processor.py:914} INFO - Processing file /opt/airflow/dags/bash_python.py for tasks to queue
[2026-08-12T08:44:07.444+0000] {logging_mixin.py:190} INFO - [2026-08-12T08:44:07.444+0000] {dagbag.py:588} INFO - Filling up the DagBag from /opt/airflow/dags/bash_python.py
[2026-08-12T08:44:07.462+0000] {processor.py:925} INFO - DAG(s) 'download_rocket_launches' retrieved from /opt/airflow/dags/bash_python.py
[2026-08-12T08:44:07.500+0000] {logging_mixin.py:190} INFO - [2026-08-12T08:44:07.500+0000] {dag.py:3239} INFO - Sync 1 DAGs
[2026-08-12T08:44:07.522+0000] {logging_mixin.py:190} INFO - [2026-08-12T08:44:07.521+0000] {dag.py:4180} INFO - Setting next_dagrun for download_rocket_launches to None, run_after=None
[2026-08-12T08:44:07.551+0000] {processor.py:208} INFO - Processing /opt/airflow/dags/bash_python.py took 0.119 seconds
[2026-08-12T08:44:37.803+0000] {processor.py:186} INFO - Started process (PID=1278) to work on /opt/airflow/dags/bash_python.py
[2026-08-12T08:44:37.804+0000] {processor.py:914} INFO - Processing file /opt/airflow/dags/bash_python.py for tasks to queue
[2026-08-12T08:44:37.806+0000] {logging_mixin.py:190} INFO - [2026-08-12T08:44:37.806+0000] {dagbag.py:588} INFO - Filling up the DagBag from /opt/airflow/dags/bash_python.py
[2026-08-12T08:44:37.824+0000] {processor.py:925} INFO - DAG(s) 'download_rocket_launches' retrieved from /opt/airflow/dags/bash_python.py
[2026-08-12T08:44:37.853+0000] {logging_mixin.py:190} INFO - [2026-08-12T08:44:37.852+0000] {dag.py:3239} INFO - Sync 1 DAGs
[2026-08-12T08:44:37.867+0000] {logging_mixin.py:190} INFO - [2026-08-12T08:44:37.867+0000] {dag.py:4180} INFO - Setting next_dagrun for download_rocket_launches to None, run_after=None
[2026-08-12T08:44:37.888+0000] {processor.py:208} INFO - Processing /opt/airflow/dags/bash_python.py took 0.091 seconds
[2026-08-12T08:45:08.141+0000] {processor.py:186} INFO - Started process (PID=1288) to work on /opt/airflow/dags/bash_python.py
[2026-08-12T08:45:08.143+0000] {processor.py:914} INFO - Processing file /opt/airflow/dags/bash_python.py for tasks to queue
[2026-08-12T08:45:08.147+0000] {logging_mixin.py:190} INFO - [2026-08-12T08:45:08.147+0000] {dagbag.py:588} INFO - Filling up the DagBag from /opt/airflow/dags/bash_python.py
[2026-08-12T08:45:08.175+0000] {processor.py:925} INFO - DAG(s) 'download_rocket_launches' retrieved from /opt/airflow/dags/bash_python.py
[2026-08-12T08:45:08.213+0000] {logging_mixin.py:190} INFO - [2026-08-12T08:45:08.212+0000] {dag.py:3239} INFO - Sync 1 DAGs
[2026-08-12T08:45:08.231+0000] {logging_mixin.py:190} INFO - [2026-08-12T08:45:08.230+0000] {dag.py:4180} INFO - Setting next_dagrun for download_rocket_launches to None, run_after=None
[2026-08-12T08:45:08.255+0000] {processor.py:208} INFO - Processing /opt/airflow/dags/bash_python.py took 0.123 seconds
[2026-08-12T08:45:38.476+0000] {processor.py:186} INFO - Started process (PID=1298) to work on /opt/airflow/dags/bash_python.py
[2026-08-12T08:45:38.477+0000] {processor.py:914} INFO - Processing file /opt/airflow/dags/bash_python.py for tasks to queue
[2026-08-12T08:45:38.480+0000] {logging_mixin.py:190} INFO - [2026-08-12T08:45:38.479+0000] {dagbag.py:588} INFO - Filling up the DagBag from /opt/airflow/dags/bash_python.py
[2026-08-12T08:45:38.495+0000] {processor.py:925} INFO - DAG(s) 'download_rocket_launches' retrieved from /opt/airflow/dags/bash_python.py
[2026-08-12T08:45:38.529+0000] {logging_mixin.py:190} INFO - [2026-08-12T08:45:38.529+0000] {dag.py:3239} INFO - Sync 1 DAGs
[2026-08-12T08:45:38.547+0000] {logging_mixin.py:190} INFO - [2026-08-12T08:45:38.547+0000] {dag.py:4180} INFO - Setting next_dagrun for download_rocket_launches to None, run_after=None
[2026-08-12T08:45:38.568+0000] {processor.py:208} INFO - Processing /opt/airflow/dags/bash_python.py took 0.098 seconds
[2026-08-12T08:46:08.829+0000] {processor.py:186} INFO - Started process (PID=1308) to work on /opt/airflow/dags/bash_python.py
[2026-08-12T08:46:08.830+0000] {processor.py:914} INFO - Processing file /opt/airflow/dags/bash_python.py for tasks to queue
[2026-08-12T08:46:08.833+0000] {logging_mixin.py:190} INFO - [2026-08-12T08:46:08.832+0000] {dagbag.py:588} INFO - Filling up the DagBag from /opt/airflow/dags/bash_python.py
[2026-08-12T08:46:08.849+0000] {processor.py:925} INFO - DAG(s) 'download_rocket_launches' retrieved from /opt/airflow/dags/bash_python.py
[2026-08-12T08:46:08.881+0000] {logging_mixin.py:190} INFO - [2026-08-12T08:46:08.881+0000] {dag.py:3239} INFO - Sync 1 DAGs
[2026-08-12T08:46:08.897+0000] {logging_mixin.py:190} INFO - [2026-08-12T08:46:08.896+0000] {dag.py:4180} INFO - Setting next_dagrun for download_rocket_launches to None, run_after=None
[2026-08-12T08:46:08.923+0000] {processor.py:208} INFO - Processing /opt/airflow/dags/bash_python.py took 0.100 seconds
[2026-08-12T08:46:39.154+0000] {processor.py:186} INFO - Started process (PID=1318) to work on /opt/airflow/dags/bash_python.py
[2026-08-12T08:46:39.155+0000] {processor.py:914} INFO - Processing file /opt/airflow/dags/bash_python.py for tasks to queue
[2026-08-12T08:46:39.158+0000] {logging_mixin.py:190} INFO - [2026-08-12T08:46:39.158+0000] {dagbag.py:588} INFO - Filling up the DagBag from /opt/airflow/dags/bash_python.py
[2026-08-12T08:46:39.176+0000] {processor.py:925} INFO - DAG(s) 'download_rocket_launches' retrieved from /opt/airflow/dags/bash_python.py
[2026-08-12T08:46:39.208+0000] {logging_mixin.py:190} INFO - [2026-08-12T08:46:39.208+0000] {dag.py:3239} INFO - Sync 1 DAGs
[2026-08-12T08:46:39.222+0000] {logging_mixin.py:190} INFO - [2026-08-12T08:46:39.221+0000] {dag.py:4180} INFO - Setting next_dagrun for download_rocket_launches to None, run_after=None
[2026-08-12T08:46:39.239+0000] {processor.py:208} INFO - Processing /opt/airflow/dags/bash_python.py took 0.091 seconds
[2026-08-12T08:47:09.499+0000] {processor.py:186} INFO - Started process (PID=1328) to work on /opt/airflow/dags/bash_python.py
[2026-08-12T08:47:09.500+0000] {processor.py:914} INFO - Processing file /opt/airflow/dags/bash_python.py for tasks to queue
[2026-08-12T08:47:09.504+0000] {logging_mixin.py:190} INFO - [2026-08-12T08:47:09.504+0000] {dagbag.py:588} INFO - Filling up the DagBag from /opt/airflow/dags/bash_python.py
[2026-08-12T08:47:09.525+0000] {processor.py:925} INFO - DAG(s) 'download_rocket_launches' retrieved from /opt/airflow/dags/bash_python.py
[2026-08-12T08:47:09.555+0000] {logging_mixin.py:190} INFO - [2026-08-12T08:47:09.555+0000] {dag.py:3239} INFO - Sync 1 DAGs
[2026-08-12T08:47:09.568+0000] {logging_mixin.py:190} INFO - [2026-08-12T08:47:09.568+0000] {dag.py:4180} INFO - Setting next_dagrun for download_rocket_launches to None, run_after=None
[2026-08-12T08:47:09.585+0000] {processor.py:208} INFO - Processing /opt/airflow/dags/bash_python.py took 0.095 seconds
[2026-08-12T08:47:39.877+0000] {processor.py:186} INFO - Started process (PID=1338) to work on /opt/airflow/dags/bash_python.py
[2026-08-12T08:47:39.878+0000] {processor.py:914} INFO - Processing file /opt/airflow/dags/bash_python.py for tasks to queue
[2026-08-12T08:47:39.881+0000] {logging_mixin.py:190} INFO - [2026-08-12T08:47:39.881+0000] {dagbag.py:588} INFO - Filling up the DagBag from /opt/airflow/dags/bash_python.py
[2026-08-12T08:47:39.903+0000] {processor.py:925} INFO - DAG(s) 'download_rocket_launches' retrieved from /opt/airflow/dags/bash_python.py
[2026-08-12T08:47:39.946+0000] {logging_mixin.py:190} INFO - [2026-08-12T08:47:39.946+0000] {dag.py:3239} INFO - Sync 1 DAGs
[2026-08-12T08:47:39.964+0000] {logging_mixin.py:190} INFO - [2026-08-12T08:47:39.963+0000] {dag.py:4180} INFO - Setting next_dagrun for download_rocket_launches to None, run_after=None
[2026-08-12T08:47:39.988+0000] {processor.py:208} INFO - Processing /opt/airflow/dags/bash_python.py took 0.120 seconds
[2026-08-12T08:48:10.223+0000] {processor.py:186} INFO - Started process (PID=1348) to work on /opt/airflow/dags/bash_python.py
[2026-08-12T08:48:10.225+0000] {processor.py:914} INFO - Processing file /opt/airflow/dags/bash_python.py for tasks to queue
[2026-08-12T08:48:10.228+0000] {logging_mixin.py:190} INFO - [2026-08-12T08:48:10.227+0000] {dagbag.py:588} INFO - Filling up the DagBag from /opt/airflow/dags/bash_python.py
[2026-08-12T08:48:10.251+0000] {processor.py:925} INFO - DAG(s) 'download_rocket_launches' retrieved from /opt/airflow/dags/bash_python.py
[2026-08-12T08:48:10.291+0000] {logging_mixin.py:190} INFO - [2026-08-12T08:48:10.291+0000] {dag.py:3239} INFO - Sync 1 DAGs
[2026-08-12T08:48:10.310+0000] {logging_mixin.py:190} INFO - [2026-08-12T08:48:10.310+0000] {dag.py:4180} INFO - Setting next_dagrun for download_rocket_launches to None, run_after=None
[2026-08-12T08:48:10.336+0000] {processor.py:208} INFO - Processing /opt/airflow/dags/bash_python.py took 0.121 seconds
[2026-08-12T08:48:40.576+0000] {processor.py:186} INFO - Started process (PID=1358) to work on /opt/airflow/dags/bash_python.py
[2026-08-12T08:48:40.578+0000] {processor.py:914} INFO - Processing file /opt/airflow/dags/bash_python.py for tasks to queue
[2026-08-12T08:48:40.580+0000] {logging_mixin.py:190} INFO - [2026-08-12T08:48:40.580+0000] {dagbag.py:588} INFO - Filling up the DagBag from /opt/airflow/dags/bash_python.py
[2026-08-12T08:48:40.597+0000] {processor.py:925} INFO - DAG(s) 'download_rocket_launches' retrieved from /opt/airflow/dags/bash_python.py
[2026-08-12T08:48:40.626+0000] {logging_mixin.py:190} INFO - [2026-08-12T08:48:40.626+0000] {dag.py:3239} INFO - Sync 1 DAGs
[2026-08-12T08:48:40.640+0000] {logging_mixin.py:190} INFO - [2026-08-12T08:48:40.640+0000] {dag.py:4180} INFO - Setting next_dagrun for download_rocket_launches to None, run_after=None
[2026-08-12T08:48:40.660+0000] {processor.py:208} INFO - Processing /opt/airflow/dags/bash_python.py took 0.089 seconds
[2026-08-12T08:49:11.039+0000] {processor.py:186} INFO - Started process (PID=1368) to work on /opt/airflow/dags/bash_python.py
[2026-08-12T08:49:11.043+0000] {processor.py:914} INFO - Processing file /opt/airflow/dags/bash_python.py for tasks to queue
[2026-08-12T08:49:11.050+0000] {logging_mixin.py:190} INFO - [2026-08-12T08:49:11.049+0000] {dagbag.py:588} INFO - Filling up the DagBag from /opt/airflow/dags/bash_python.py
[2026-08-12T08:49:11.074+0000] {processor.py:925} INFO - DAG(s) 'download_rocket_launches' retrieved from /opt/airflow/dags/bash_python.py
[2026-08-12T08:49:11.099+0000] {logging_mixin.py:190} INFO - [2026-08-12T08:49:11.099+0000] {dag.py:3239} INFO - Sync 1 DAGs
[2026-08-12T08:49:11.113+0000] {logging_mixin.py:190} INFO - [2026-08-12T08:49:11.113+0000] {dag.py:4180} INFO - Setting next_dagrun for download_rocket_launches to None, run_after=None
[2026-08-12T08:49:11.132+0000] {processor.py:208} INFO - Processing /opt/airflow/dags/bash_python.py took 0.104 seconds
[2026-08-12T08:49:41.454+0000] {processor.py:186} INFO - Started process (PID=1378) to work on /opt/airflow/dags/bash_python.py
[2026-08-12T08:49:41.456+0000] {processor.py:914} INFO - Processing file /opt/airflow/dags/bash_python.py for tasks to queue
[2026-08-12T08:49:41.461+0000] {logging_mixin.py:190} INFO - [2026-08-12T08:49:41.460+0000] {dagbag.py:588} INFO - Filling up the DagBag from /opt/airflow/dags/bash_python.py
[2026-08-12T08:49:41.482+0000] {processor.py:925} INFO - DAG(s) 'download_rocket_launches' retrieved from /opt/airflow/dags/bash_python.py
[2026-08-12T08:49:41.510+0000] {logging_mixin.py:190} INFO - [2026-08-12T08:49:41.509+0000] {dag.py:3239} INFO - Sync 1 DAGs
[2026-08-12T08:49:41.522+0000] {logging_mixin.py:190} INFO - [2026-08-12T08:49:41.522+0000] {dag.py:4180} INFO - Setting next_dagrun for download_rocket_launches to None, run_after=None
[2026-08-12T08:49:41.543+0000] {processor.py:208} INFO - Processing /opt/airflow/dags/bash_python.py took 0.098 seconds
[2026-08-12T08:50:11.796+0000] {processor.py:186} INFO - Started process (PID=1388) to work on /opt/airflow/dags/bash_python.py
[2026-08-12T08:50:11.798+0000] {processor.py:914} INFO - Processing file /opt/airflow/dags/bash_python.py for tasks to queue
[2026-08-12T08:50:11.800+0000] {logging_mixin.py:190} INFO - [2026-08-12T08:50:11.800+0000] {dagbag.py:588} INFO - Filling up the DagBag from /opt/airflow/dags/bash_python.py
[2026-08-12T08:50:11.818+0000] {processor.py:925} INFO - DAG(s) 'download_rocket_launches' retrieved from /opt/airflow/dags/bash_python.py
[2026-08-12T08:50:11.866+0000] {logging_mixin.py:190} INFO - [2026-08-12T08:50:11.865+0000] {dag.py:3239} INFO - Sync 1 DAGs
[2026-08-12T08:50:11.887+0000] {logging_mixin.py:190} INFO - [2026-08-12T08:50:11.887+0000] {dag.py:4180} INFO - Setting next_dagrun for download_rocket_launches to None, run_after=None
[2026-08-12T08:50:11.911+0000] {processor.py:208} INFO - Processing /opt/airflow/dags/bash_python.py took 0.121 seconds
[2026-08-12T08:50:42.166+0000] {processor.py:186} INFO - Started process (PID=1398) to work on /opt/airflow/dags/bash_python.py
[2026-08-12T08:50:42.167+0000] {processor.py:914} INFO - Processing file /opt/airflow/dags/bash_python.py for tasks to queue
[2026-08-12T08:50:42.170+0000] {logging_mixin.py:190} INFO - [2026-08-12T08:50:42.170+0000] {dagbag.py:588} INFO - Filling up the DagBag from /opt/airflow/dags/bash_python.py
[2026-08-12T08:50:42.195+0000] {processor.py:925} INFO - DAG(s) 'download_rocket_launches' retrieved from /opt/airflow/dags/bash_python.py
[2026-08-12T08:50:42.225+0000] {logging_mixin.py:190} INFO - [2026-08-12T08:50:42.225+0000] {dag.py:3239} INFO - Sync 1 DAGs
[2026-08-12T08:50:42.248+0000] {logging_mixin.py:190} INFO - [2026-08-12T08:50:42.247+0000] {dag.py:4180} INFO - Setting next_dagrun for download_rocket_launches to None, run_after=None
[2026-08-12T08:50:42.279+0000] {processor.py:208} INFO - Processing /opt/airflow/dags/bash_python.py took 0.121 seconds
[2026-08-12T08:51:12.548+0000] {processor.py:186} INFO - Started process (PID=1408) to work on /opt/airflow/dags/bash_python.py
[2026-08-12T08:51:12.549+0000] {processor.py:914} INFO - Processing file /opt/airflow/dags/bash_python.py for tasks to queue
[2026-08-12T08:51:12.552+0000] {logging_mixin.py:190} INFO - [2026-08-12T08:51:12.552+0000] {dagbag.py:588} INFO - Filling up the DagBag from /opt/airflow/dags/bash_python.py
[2026-08-12T08:51:12.568+0000] {processor.py:925} INFO - DAG(s) 'download_rocket_launches' retrieved from /opt/airflow/dags/bash_python.py
[2026-08-12T08:51:12.598+0000] {logging_mixin.py:190} INFO - [2026-08-12T08:51:12.598+0000] {dag.py:3239} INFO - Sync 1 DAGs
[2026-08-12T08:51:12.612+0000] {logging_mixin.py:190} INFO - [2026-08-12T08:51:12.612+0000] {dag.py:4180} INFO - Setting next_dagrun for download_rocket_launches to None, run_after=None
[2026-08-12T08:51:12.629+0000] {processor.py:208} INFO - Processing /opt/airflow/dags/bash_python.py took 0.086 seconds
[2026-08-12T08:51:42.891+0000] {processor.py:186} INFO - Started process (PID=1418) to work on /opt/airflow/dags/bash_python.py
[2026-08-12T08:51:42.892+0000] {processor.py:914} INFO - Processing file /opt/airflow/dags/bash_python.py for tasks to queue
[2026-08-12T08:51:42.895+0000] {logging_mixin.py:190} INFO - [2026-08-12T08:51:42.894+0000] {dagbag.py:588} INFO - Filling up the DagBag from /opt/airflow/dags/bash_python.py
[2026-08-12T08:51:42.920+0000] {processor.py:925} INFO - DAG(s) 'download_rocket_launches' retrieved from /opt/airflow/dags/bash_python.py
[2026-08-12T08:51:42.963+0000] {logging_mixin.py:190} INFO - [2026-08-12T08:51:42.962+0000] {dag.py:3239} INFO - Sync 1 DAGs
[2026-08-12T08:51:42.976+0000] {logging_mixin.py:190} INFO - [2026-08-12T08:51:42.976+0000] {dag.py:4180} INFO - Setting next_dagrun for download_rocket_launches to None, run_after=None
[2026-08-12T08:51:42.994+0000] {processor.py:208} INFO - Processing /opt/airflow/dags/bash_python.py took 0.109 seconds
[2026-08-12T08:52:13.290+0000] {processor.py:186} INFO - Started process (PID=1428) to work on /opt/airflow/dags/bash_python.py
[2026-08-12T08:52:13.292+0000] {processor.py:914} INFO - Processing file /opt/airflow/dags/bash_python.py for tasks to queue
[2026-08-12T08:52:13.295+0000] {logging_mixin.py:190} INFO - [2026-08-12T08:52:13.295+0000] {dagbag.py:588} INFO - Filling up the DagBag from /opt/airflow/dags/bash_python.py
[2026-08-12T08:52:13.316+0000] {processor.py:925} INFO - DAG(s) 'download_rocket_launches' retrieved from /opt/airflow/dags/bash_python.py
[2026-08-12T08:52:13.352+0000] {logging_mixin.py:190} INFO - [2026-08-12T08:52:13.352+0000] {dag.py:3239} INFO - Sync 1 DAGs
[2026-08-12T08:52:13.372+0000] {logging_mixin.py:190} INFO - [2026-08-12T08:52:13.372+0000] {dag.py:4180} INFO - Setting next_dagrun for download_rocket_launches to None, run_after=None
[2026-08-12T08:52:13.397+0000] {processor.py:208} INFO - Processing /opt/airflow/dags/bash_python.py took 0.116 seconds
[2026-08-12T08:52:43.650+0000] {processor.py:186} INFO - Started process (PID=1438) to work on /opt/airflow/dags/bash_python.py
[2026-08-12T08:52:43.651+0000] {processor.py:914} INFO - Processing file /opt/airflow/dags/bash_python.py for tasks to queue
[2026-08-12T08:52:43.655+0000] {logging_mixin.py:190} INFO - [2026-08-12T08:52:43.655+0000] {dagbag.py:588} INFO - Filling up the DagBag from /opt/airflow/dags/bash_python.py
[2026-08-12T08:52:43.682+0000] {processor.py:925} INFO - DAG(s) 'download_rocket_launches' retrieved from /opt/airflow/dags/bash_python.py
[2026-08-12T08:52:43.725+0000] {logging_mixin.py:190} INFO - [2026-08-12T08:52:43.724+0000] {dag.py:3239} INFO - Sync 1 DAGs
[2026-08-12T08:52:43.740+0000] {logging_mixin.py:190} INFO - [2026-08-12T08:52:43.740+0000] {dag.py:4180} INFO - Setting next_dagrun for download_rocket_launches to None, run_after=None
[2026-08-12T08:52:43.766+0000] {processor.py:208} INFO - Processing /opt/airflow/dags/bash_python.py took 0.124 seconds
[2026-08-12T08:53:14.000+0000] {processor.py:186} INFO - Started process (PID=1448) to work on /opt/airflow/dags/bash_python.py
[2026-08-12T08:53:14.001+0000] {processor.py:914} INFO - Processing file /opt/airflow/dags/bash_python.py for tasks to queue
[2026-08-12T08:53:14.004+0000] {logging_mixin.py:190} INFO - [2026-08-12T08:53:14.004+0000] {dagbag.py:588} INFO - Filling up the DagBag from /opt/airflow/dags/bash_python.py
[2026-08-12T08:53:14.022+0000] {processor.py:925} INFO - DAG(s) 'download_rocket_launches' retrieved from /opt/airflow/dags/bash_python.py
[2026-08-12T08:53:14.056+0000] {logging_mixin.py:190} INFO - [2026-08-12T08:53:14.055+0000] {dag.py:3239} INFO - Sync 1 DAGs
[2026-08-12T08:53:14.070+0000] {logging_mixin.py:190} INFO - [2026-08-12T08:53:14.070+0000] {dag.py:4180} INFO - Setting next_dagrun for download_rocket_launches to None, run_after=None
[2026-08-12T08:53:14.088+0000] {processor.py:208} INFO - Processing /opt/airflow/dags/bash_python.py took 0.094 seconds
[2026-08-12T08:53:44.364+0000] {processor.py:186} INFO - Started process (PID=1458) to work on /opt/airflow/dags/bash_python.py
[2026-08-12T08:53:44.366+0000] {processor.py:914} INFO - Processing file /opt/airflow/dags/bash_python.py for tasks to queue
[2026-08-12T08:53:44.370+0000] {logging_mixin.py:190} INFO - [2026-08-12T08:53:44.369+0000] {dagbag.py:588} INFO - Filling up the DagBag from /opt/airflow/dags/bash_python.py
[2026-08-12T08:53:44.397+0000] {processor.py:925} INFO - DAG(s) 'download_rocket_launches' retrieved from /opt/airflow/dags/bash_python.py
[2026-08-12T08:53:44.438+0000] {logging_mixin.py:190} INFO - [2026-08-12T08:53:44.438+0000] {dag.py:3239} INFO - Sync 1 DAGs
[2026-08-12T08:53:44.459+0000] {logging_mixin.py:190} INFO - [2026-08-12T08:53:44.458+0000] {dag.py:4180} INFO - Setting next_dagrun for download_rocket_launches to None, run_after=None
[2026-08-12T08:53:44.481+0000] {processor.py:208} INFO - Processing /opt/airflow/dags/bash_python.py took 0.124 seconds
[2026-08-12T08:54:14.787+0000] {processor.py:186} INFO - Started process (PID=1468) to work on /opt/airflow/dags/bash_python.py
[2026-08-12T08:54:14.788+0000] {processor.py:914} INFO - Processing file /opt/airflow/dags/bash_python.py for tasks to queue
[2026-08-12T08:54:14.791+0000] {logging_mixin.py:190} INFO - [2026-08-12T08:54:14.791+0000] {dagbag.py:588} INFO - Filling up the DagBag from /opt/airflow/dags/bash_python.py
[2026-08-12T08:54:14.814+0000] {processor.py:925} INFO - DAG(s) 'download_rocket_launches' retrieved from /opt/airflow/dags/bash_python.py
[2026-08-12T08:54:14.853+0000] {logging_mixin.py:190} INFO - [2026-08-12T08:54:14.853+0000] {dag.py:3239} INFO - Sync 1 DAGs
[2026-08-12T08:54:14.871+0000] {logging_mixin.py:190} INFO - [2026-08-12T08:54:14.870+0000] {dag.py:4180} INFO - Setting next_dagrun for download_rocket_launches to None, run_after=None
[2026-08-12T08:54:14.894+0000] {processor.py:208} INFO - Processing /opt/airflow/dags/bash_python.py took 0.114 seconds
[2026-08-12T08:54:45.150+0000] {processor.py:186} INFO - Started process (PID=1478) to work on /opt/airflow/dags/bash_python.py
[2026-08-12T08:54:45.151+0000] {processor.py:914} INFO - Processing file /opt/airflow/dags/bash_python.py for tasks to queue
[2026-08-12T08:54:45.155+0000] {logging_mixin.py:190} INFO - [2026-08-12T08:54:45.154+0000] {dagbag.py:588} INFO - Filling up the DagBag from /opt/airflow/dags/bash_python.py
[2026-08-12T08:54:45.176+0000] {processor.py:925} INFO - DAG(s) 'download_rocket_launches' retrieved from /opt/airflow/dags/bash_python.py
[2026-08-12T08:54:45.212+0000] {logging_mixin.py:190} INFO - [2026-08-12T08:54:45.212+0000] {dag.py:3239} INFO - Sync 1 DAGs
[2026-08-12T08:54:45.231+0000] {logging_mixin.py:190} INFO - [2026-08-12T08:54:45.231+0000] {dag.py:4180} INFO - Setting next_dagrun for download_rocket_launches to None, run_after=None
[2026-08-12T08:54:45.256+0000] {processor.py:208} INFO - Processing /opt/airflow/dags/bash_python.py took 0.116 seconds
[2026-08-12T08:55:15.545+0000] {processor.py:186} INFO - Started process (PID=1488) to work on /opt/airflow/dags/bash_python.py
[2026-08-12T08:55:15.546+0000] {processor.py:914} INFO - Processing file /opt/airflow/dags/bash_python.py for tasks to queue
[2026-08-12T08:55:15.549+0000] {logging_mixin.py:190} INFO - [2026-08-12T08:55:15.548+0000] {dagbag.py:588} INFO - Filling up the DagBag from /opt/airflow/dags/bash_python.py
[2026-08-12T08:55:15.566+0000] {processor.py:925} INFO - DAG(s) 'download_rocket_launches' retrieved from /opt/airflow/dags/bash_python.py
[2026-08-12T08:55:15.594+0000] {logging_mixin.py:190} INFO - [2026-08-12T08:55:15.594+0000] {dag.py:3239} INFO - Sync 1 DAGs
[2026-08-12T08:55:15.612+0000] {logging_mixin.py:190} INFO - [2026-08-12T08:55:15.612+0000] {dag.py:4180} INFO - Setting next_dagrun for download_rocket_launches to None, run_after=None
[2026-08-12T08:55:15.630+0000] {processor.py:208} INFO - Processing /opt/airflow/dags/bash_python.py took 0.091 seconds
[2026-08-12T08:55:45.902+0000] {processor.py:186} INFO - Started process (PID=1498) to work on /opt/airflow/dags/bash_python.py
[2026-08-12T08:55:45.904+0000] {processor.py:914} INFO - Processing file /opt/airflow/dags/bash_python.py for tasks to queue
[2026-08-12T08:55:45.906+0000] {logging_mixin.py:190} INFO - [2026-08-12T08:55:45.906+0000] {dagbag.py:588} INFO - Filling up the DagBag from /opt/airflow/dags/bash_python.py
[2026-08-12T08:55:45.925+0000] {processor.py:925} INFO - DAG(s) 'download_rocket_launches' retrieved from /opt/airflow/dags/bash_python.py
[2026-08-12T08:55:45.957+0000] {logging_mixin.py:190} INFO - [2026-08-12T08:55:45.957+0000] {dag.py:3239} INFO - Sync 1 DAGs
[2026-08-12T08:55:45.969+0000] {logging_mixin.py:190} INFO - [2026-08-12T08:55:45.969+0000] {dag.py:4180} INFO - Setting next_dagrun for download_rocket_launches to None, run_after=None
[2026-08-12T08:55:45.988+0000] {processor.py:208} INFO - Processing /opt/airflow/dags/bash_python.py took 0.091 seconds
[2026-08-12T08:56:16.232+0000] {processor.py:186} INFO - Started process (PID=1508) to work on /opt/airflow/dags/bash_python.py
[2026-08-12T08:56:16.233+0000] {processor.py:914} INFO - Processing file /opt/airflow/dags/bash_python.py for tasks to queue
[2026-08-12T08:56:16.236+0000] {logging_mixin.py:190} INFO - [2026-08-12T08:56:16.236+0000] {dagbag.py:588} INFO - Filling up the DagBag from /opt/airflow/dags/bash_python.py
[2026-08-12T08:56:16.256+0000] {processor.py:925} INFO - DAG(s) 'download_rocket_launches' retrieved from /opt/airflow/dags/bash_python.py
[2026-08-12T08:56:16.283+0000] {logging_mixin.py:190} INFO - [2026-08-12T08:56:16.282+0000] {dag.py:3239} INFO - Sync 1 DAGs
[2026-08-12T08:56:16.299+0000] {logging_mixin.py:190} INFO - [2026-08-12T08:56:16.298+0000] {dag.py:4180} INFO - Setting next_dagrun for download_rocket_launches to None, run_after=None
[2026-08-12T08:56:16.325+0000] {processor.py:208} INFO - Processing /opt/airflow/dags/bash_python.py took 0.098 seconds
[2026-08-12T08:56:46.551+0000] {processor.py:186} INFO - Started process (PID=1518) to work on /opt/airflow/dags/bash_python.py
[2026-08-12T08:56:46.552+0000] {processor.py:914} INFO - Processing file /opt/airflow/dags/bash_python.py for tasks to queue
[2026-08-12T08:56:46.555+0000] {logging_mixin.py:190} INFO - [2026-08-12T08:56:46.555+0000] {dagbag.py:588} INFO - Filling up the DagBag from /opt/airflow/dags/bash_python.py
[2026-08-12T08:56:46.572+0000] {processor.py:925} INFO - DAG(s) 'download_rocket_launches' retrieved from /opt/airflow/dags/bash_python.py
[2026-08-12T08:56:46.604+0000] {logging_mixin.py:190} INFO - [2026-08-12T08:56:46.604+0000] {dag.py:3239} INFO - Sync 1 DAGs
[2026-08-12T08:56:46.617+0000] {logging_mixin.py:190} INFO - [2026-08-12T08:56:46.617+0000] {dag.py:4180} INFO - Setting next_dagrun for download_rocket_launches to None, run_after=None
[2026-08-12T08:56:46.635+0000] {processor.py:208} INFO - Processing /opt/airflow/dags/bash_python.py took 0.090 seconds
[2026-08-12T08:57:16.890+0000] {processor.py:186} INFO - Started process (PID=1528) to work on /opt/airflow/dags/bash_python.py
[2026-08-12T08:57:16.891+0000] {processor.py:914} INFO - Processing file /opt/airflow/dags/bash_python.py for tasks to queue
[2026-08-12T08:57:16.893+0000] {logging_mixin.py:190} INFO - [2026-08-12T08:57:16.893+0000] {dagbag.py:588} INFO - Filling up the DagBag from /opt/airflow/dags/bash_python.py
[2026-08-12T08:57:16.909+0000] {processor.py:925} INFO - DAG(s) 'download_rocket_launches' retrieved from /opt/airflow/dags/bash_python.py
[2026-08-12T08:57:16.933+0000] {logging_mixin.py:190} INFO - [2026-08-12T08:57:16.933+0000] {dag.py:3239} INFO - Sync 1 DAGs
[2026-08-12T08:57:16.946+0000] {logging_mixin.py:190} INFO - [2026-08-12T08:57:16.946+0000] {dag.py:4180} INFO - Setting next_dagrun for download_rocket_launches to None, run_after=None
[2026-08-12T08:57:16.966+0000] {processor.py:208} INFO - Processing /opt/airflow/dags/bash_python.py took 0.082 seconds
[2026-08-12T08:57:47.231+0000] {processor.py:186} INFO - Started process (PID=1538) to work on /opt/airflow/dags/bash_python.py
[2026-08-12T08:57:47.232+0000] {processor.py:914} INFO - Processing file /opt/airflow/dags/bash_python.py for tasks to queue
[2026-08-12T08:57:47.234+0000] {logging_mixin.py:190} INFO - [2026-08-12T08:57:47.234+0000] {dagbag.py:588} INFO - Filling up the DagBag from /opt/airflow/dags/bash_python.py
[2026-08-12T08:57:47.252+0000] {processor.py:925} INFO - DAG(s) 'download_rocket_launches' retrieved from /opt/airflow/dags/bash_python.py
[2026-08-12T08:57:47.278+0000] {logging_mixin.py:190} INFO - [2026-08-12T08:57:47.278+0000] {dag.py:3239} INFO - Sync 1 DAGs
[2026-08-12T08:57:47.292+0000] {logging_mixin.py:190} INFO - [2026-08-12T08:57:47.292+0000] {dag.py:4180} INFO - Setting next_dagrun for download_rocket_launches to None, run_after=None
[2026-08-12T08:57:47.344+0000] {processor.py:208} INFO - Processing /opt/airflow/dags/bash_python.py took 0.119 seconds
[2026-08-12T08:58:17.621+0000] {processor.py:186} INFO - Started process (PID=1548) to work on /opt/airflow/dags/bash_python.py
[2026-08-12T08:58:17.622+0000] {processor.py:914} INFO - Processing file /opt/airflow/dags/bash_python.py for tasks to queue
[2026-08-12T08:58:17.625+0000] {logging_mixin.py:190} INFO - [2026-08-12T08:58:17.624+0000] {dagbag.py:588} INFO - Filling up the DagBag from /opt/airflow/dags/bash_python.py
[2026-08-12T08:58:17.647+0000] {processor.py:925} INFO - DAG(s) 'download_rocket_launches' retrieved from /opt/airflow/dags/bash_python.py
[2026-08-12T08:58:17.678+0000] {logging_mixin.py:190} INFO - [2026-08-12T08:58:17.678+0000] {dag.py:3239} INFO - Sync 1 DAGs
[2026-08-12T08:58:17.693+0000] {logging_mixin.py:190} INFO - [2026-08-12T08:58:17.693+0000] {dag.py:4180} INFO - Setting next_dagrun for download_rocket_launches to None, run_after=None
[2026-08-12T08:58:17.714+0000] {processor.py:208} INFO - Processing /opt/airflow/dags/bash_python.py took 0.102 seconds
[2026-08-12T08:58:47.943+0000] {processor.py:186} INFO - Started process (PID=1558) to work on /opt/airflow/dags/bash_python.py
[2026-08-12T08:58:47.945+0000] {processor.py:914} INFO - Processing file /opt/airflow/dags/bash_python.py for tasks to queue
[2026-08-12T08:58:47.948+0000] {logging_mixin.py:190} INFO - [2026-08-12T08:58:47.948+0000] {dagbag.py:588} INFO - Filling up the DagBag from /opt/airflow/dags/bash_python.py
[2026-08-12T08:58:47.967+0000] {processor.py:925} INFO - DAG(s) 'download_rocket_launches' retrieved from /opt/airflow/dags/bash_python.py
[2026-08-12T08:58:47.995+0000] {logging_mixin.py:190} INFO - [2026-08-12T08:58:47.994+0000] {dag.py:3239} INFO - Sync 1 DAGs
[2026-08-12T08:58:48.010+0000] {logging_mixin.py:190} INFO - [2026-08-12T08:58:48.010+0000] {dag.py:4180} INFO - Setting next_dagrun for download_rocket_launches to None, run_after=None
[2026-08-12T08:58:48.029+0000] {processor.py:208} INFO - Processing /opt/airflow/dags/bash_python.py took 0.098 seconds
[2026-08-12T08:59:18.313+0000] {processor.py:186} INFO - Started process (PID=1568) to work on /opt/airflow/dags/bash_python.py
[2026-08-12T08:59:18.315+0000] {processor.py:914} INFO - Processing file /opt/airflow/dags/bash_python.py for tasks to queue
[2026-08-12T08:59:18.319+0000] {logging_mixin.py:190} INFO - [2026-08-12T08:59:18.319+0000] {dagbag.py:588} INFO - Filling up the DagBag from /opt/airflow/dags/bash_python.py
[2026-08-12T08:59:18.342+0000] {processor.py:925} INFO - DAG(s) 'download_rocket_launches' retrieved from /opt/airflow/dags/bash_python.py
[2026-08-12T08:59:18.382+0000] {logging_mixin.py:190} INFO - [2026-08-12T08:59:18.382+0000] {dag.py:3239} INFO - Sync 1 DAGs
[2026-08-12T08:59:18.411+0000] {logging_mixin.py:190} INFO - [2026-08-12T08:59:18.411+0000] {dag.py:4180} INFO - Setting next_dagrun for download_rocket_launches to None, run_after=None
[2026-08-12T08:59:18.437+0000] {processor.py:208} INFO - Processing /opt/airflow/dags/bash_python.py took 0.133 seconds
[2026-08-12T08:59:48.682+0000] {processor.py:186} INFO - Started process (PID=1578) to work on /opt/airflow/dags/bash_python.py
[2026-08-12T08:59:48.683+0000] {processor.py:914} INFO - Processing file /opt/airflow/dags/bash_python.py for tasks to queue
[2026-08-12T08:59:48.687+0000] {logging_mixin.py:190} INFO - [2026-08-12T08:59:48.687+0000] {dagbag.py:588} INFO - Filling up the DagBag from /opt/airflow/dags/bash_python.py
[2026-08-12T08:59:48.707+0000] {processor.py:925} INFO - DAG(s) 'download_rocket_launches' retrieved from /opt/airflow/dags/bash_python.py
[2026-08-12T08:59:48.742+0000] {logging_mixin.py:190} INFO - [2026-08-12T08:59:48.742+0000] {dag.py:3239} INFO - Sync 1 DAGs
[2026-08-12T08:59:48.757+0000] {logging_mixin.py:190} INFO - [2026-08-12T08:59:48.757+0000] {dag.py:4180} INFO - Setting next_dagrun for download_rocket_launches to None, run_after=None
[2026-08-12T08:59:48.775+0000] {processor.py:208} INFO - Processing /opt/airflow/dags/bash_python.py took 0.103 seconds
[2026-08-12T09:00:19.032+0000] {processor.py:186} INFO - Started process (PID=1588) to work on /opt/airflow/dags/bash_python.py
[2026-08-12T09:00:19.034+0000] {processor.py:914} INFO - Processing file /opt/airflow/dags/bash_python.py for tasks to queue
[2026-08-12T09:00:19.036+0000] {logging_mixin.py:190} INFO - [2026-08-12T09:00:19.036+0000] {dagbag.py:588} INFO - Filling up the DagBag from /opt/airflow/dags/bash_python.py
[2026-08-12T09:00:19.053+0000] {processor.py:925} INFO - DAG(s) 'download_rocket_launches' retrieved from /opt/airflow/dags/bash_python.py
[2026-08-12T09:00:19.094+0000] {logging_mixin.py:190} INFO - [2026-08-12T09:00:19.093+0000] {dag.py:3239} INFO - Sync 1 DAGs
[2026-08-12T09:00:19.113+0000] {logging_mixin.py:190} INFO - [2026-08-12T09:00:19.112+0000] {dag.py:4180} INFO - Setting next_dagrun for download_rocket_launches to None, run_after=None
[2026-08-12T09:00:19.138+0000] {processor.py:208} INFO - Processing /opt/airflow/dags/bash_python.py took 0.111 seconds
[2026-08-12T09:00:49.389+0000] {processor.py:186} INFO - Started process (PID=1598) to work on /opt/airflow/dags/bash_python.py
[2026-08-12T09:00:49.391+0000] {processor.py:914} INFO - Processing file /opt/airflow/dags/bash_python.py for tasks to queue
[2026-08-12T09:00:49.394+0000] {logging_mixin.py:190} INFO - [2026-08-12T09:00:49.394+0000] {dagbag.py:588} INFO - Filling up the DagBag from /opt/airflow/dags/bash_python.py
[2026-08-12T09:00:49.412+0000] {processor.py:925} INFO - DAG(s) 'download_rocket_launches' retrieved from /opt/airflow/dags/bash_python.py
[2026-08-12T09:00:49.439+0000] {logging_mixin.py:190} INFO - [2026-08-12T09:00:49.438+0000] {dag.py:3239} INFO - Sync 1 DAGs
[2026-08-12T09:00:49.456+0000] {logging_mixin.py:190} INFO - [2026-08-12T09:00:49.455+0000] {dag.py:4180} INFO - Setting next_dagrun for download_rocket_launches to None, run_after=None
[2026-08-12T09:00:49.474+0000] {processor.py:208} INFO - Processing /opt/airflow/dags/bash_python.py took 0.092 seconds
[2026-08-12T09:01:19.758+0000] {processor.py:186} INFO - Started process (PID=1608) to work on /opt/airflow/dags/bash_python.py
[2026-08-12T09:01:19.759+0000] {processor.py:914} INFO - Processing file /opt/airflow/dags/bash_python.py for tasks to queue
[2026-08-12T09:01:19.763+0000] {logging_mixin.py:190} INFO - [2026-08-12T09:01:19.763+0000] {dagbag.py:588} INFO - Filling up the DagBag from /opt/airflow/dags/bash_python.py
[2026-08-12T09:01:19.788+0000] {processor.py:925} INFO - DAG(s) 'download_rocket_launches' retrieved from /opt/airflow/dags/bash_python.py
[2026-08-12T09:01:19.821+0000] {logging_mixin.py:190} INFO - [2026-08-12T09:01:19.821+0000] {dag.py:3239} INFO - Sync 1 DAGs
[2026-08-12T09:01:19.836+0000] {logging_mixin.py:190} INFO - [2026-08-12T09:01:19.835+0000] {dag.py:4180} INFO - Setting next_dagrun for download_rocket_launches to None, run_after=None
[2026-08-12T09:01:19.854+0000] {processor.py:208} INFO - Processing /opt/airflow/dags/bash_python.py took 0.103 seconds
[2026-08-12T09:01:50.124+0000] {processor.py:186} INFO - Started process (PID=1618) to work on /opt/airflow/dags/bash_python.py
[2026-08-12T09:01:50.125+0000] {processor.py:914} INFO - Processing file /opt/airflow/dags/bash_python.py for tasks to queue
[2026-08-12T09:01:50.127+0000] {logging_mixin.py:190} INFO - [2026-08-12T09:01:50.127+0000] {dagbag.py:588} INFO - Filling up the DagBag from /opt/airflow/dags/bash_python.py
[2026-08-12T09:01:50.145+0000] {processor.py:925} INFO - DAG(s) 'download_rocket_launches' retrieved from /opt/airflow/dags/bash_python.py
[2026-08-12T09:01:50.172+0000] {logging_mixin.py:190} INFO - [2026-08-12T09:01:50.172+0000] {dag.py:3239} INFO - Sync 1 DAGs
[2026-08-12T09:01:50.184+0000] {logging_mixin.py:190} INFO - [2026-08-12T09:01:50.184+0000] {dag.py:4180} INFO - Setting next_dagrun for download_rocket_launches to None, run_after=None
[2026-08-12T09:01:50.202+0000] {processor.py:208} INFO - Processing /opt/airflow/dags/bash_python.py took 0.083 seconds
[2026-08-12T09:02:20.480+0000] {processor.py:186} INFO - Started process (PID=1628) to work on /opt/airflow/dags/bash_python.py
[2026-08-12T09:02:20.482+0000] {processor.py:914} INFO - Processing file /opt/airflow/dags/bash_python.py for tasks to queue
[2026-08-12T09:02:20.486+0000] {logging_mixin.py:190} INFO - [2026-08-12T09:02:20.486+0000] {dagbag.py:588} INFO - Filling up the DagBag from /opt/airflow/dags/bash_python.py
[2026-08-12T09:02:20.512+0000] {processor.py:925} INFO - DAG(s) 'download_rocket_launches' retrieved from /opt/airflow/dags/bash_python.py
[2026-08-12T09:02:20.558+0000] {logging_mixin.py:190} INFO - [2026-08-12T09:02:20.557+0000] {dag.py:3239} INFO - Sync 1 DAGs
[2026-08-12T09:02:20.583+0000] {logging_mixin.py:190} INFO - [2026-08-12T09:02:20.583+0000] {dag.py:4180} INFO - Setting next_dagrun for download_rocket_launches to None, run_after=None
[2026-08-12T09:02:20.614+0000] {processor.py:208} INFO - Processing /opt/airflow/dags/bash_python.py took 0.144 seconds
[2026-08-12T09:02:50.823+0000] {processor.py:186} INFO - Started process (PID=1638) to work on /opt/airflow/dags/bash_python.py
[2026-08-12T09:02:50.824+0000] {processor.py:914} INFO - Processing file /opt/airflow/dags/bash_python.py for tasks to queue
[2026-08-12T09:02:50.826+0000] {logging_mixin.py:190} INFO - [2026-08-12T09:02:50.826+0000] {dagbag.py:588} INFO - Filling up the DagBag from /opt/airflow/dags/bash_python.py
[2026-08-12T09:02:50.847+0000] {processor.py:925} INFO - DAG(s) 'download_rocket_launches' retrieved from /opt/airflow/dags/bash_python.py
[2026-08-12T09:02:50.875+0000] {logging_mixin.py:190} INFO - [2026-08-12T09:02:50.874+0000] {dag.py:3239} INFO - Sync 1 DAGs
[2026-08-12T09:02:50.889+0000] {logging_mixin.py:190} INFO - [2026-08-12T09:02:50.888+0000] {dag.py:4180} INFO - Setting next_dagrun for download_rocket_launches to None, run_after=None
[2026-08-12T09:02:50.911+0000] {processor.py:208} INFO - Processing /opt/airflow/dags/bash_python.py took 0.095 seconds
[2026-08-12T09:03:21.170+0000] {processor.py:186} INFO - Started process (PID=1648) to work on /opt/airflow/dags/bash_python.py
[2026-08-12T09:03:21.171+0000] {processor.py:914} INFO - Processing file /opt/airflow/dags/bash_python.py for tasks to queue
[2026-08-12T09:03:21.173+0000] {logging_mixin.py:190} INFO - [2026-08-12T09:03:21.173+0000] {dagbag.py:588} INFO - Filling up the DagBag from /opt/airflow/dags/bash_python.py
[2026-08-12T09:03:21.194+0000] {processor.py:925} INFO - DAG(s) 'download_rocket_launches' retrieved from /opt/airflow/dags/bash_python.py
[2026-08-12T09:03:21.227+0000] {logging_mixin.py:190} INFO - [2026-08-12T09:03:21.227+0000] {dag.py:3239} INFO - Sync 1 DAGs
[2026-08-12T09:03:21.241+0000] {logging_mixin.py:190} INFO - [2026-08-12T09:03:21.241+0000] {dag.py:4180} INFO - Setting next_dagrun for download_rocket_launches to None, run_after=None
[2026-08-12T09:03:21.260+0000] {processor.py:208} INFO - Processing /opt/airflow/dags/bash_python.py took 0.098 seconds
[2026-08-12T09:03:51.499+0000] {processor.py:186} INFO - Started process (PID=1658) to work on /opt/airflow/dags/bash_python.py
[2026-08-12T09:03:51.500+0000] {processor.py:914} INFO - Processing file /opt/airflow/dags/bash_python.py for tasks to queue
[2026-08-12T09:03:51.502+0000] {logging_mixin.py:190} INFO - [2026-08-12T09:03:51.502+0000] {dagbag.py:588} INFO - Filling up the DagBag from /opt/airflow/dags/bash_python.py
[2026-08-12T09:03:51.520+0000] {processor.py:925} INFO - DAG(s) 'download_rocket_launches' retrieved from /opt/airflow/dags/bash_python.py
[2026-08-12T09:03:51.548+0000] {logging_mixin.py:190} INFO - [2026-08-12T09:03:51.548+0000] {dag.py:3239} INFO - Sync 1 DAGs
[2026-08-12T09:03:51.562+0000] {logging_mixin.py:190} INFO - [2026-08-12T09:03:51.562+0000] {dag.py:4180} INFO - Setting next_dagrun for download_rocket_launches to None, run_after=None
[2026-08-12T09:03:51.581+0000] {processor.py:208} INFO - Processing /opt/airflow/dags/bash_python.py took 0.088 seconds
[2026-08-12T09:04:21.886+0000] {processor.py:186} INFO - Started process (PID=1668) to work on /opt/airflow/dags/bash_python.py
[2026-08-12T09:04:21.887+0000] {processor.py:914} INFO - Processing file /opt/airflow/dags/bash_python.py for tasks to queue
[2026-08-12T09:04:21.889+0000] {logging_mixin.py:190} INFO - [2026-08-12T09:04:21.889+0000] {dagbag.py:588} INFO - Filling up the DagBag from /opt/airflow/dags/bash_python.py
[2026-08-12T09:04:21.910+0000] {processor.py:925} INFO - DAG(s) 'download_rocket_launches' retrieved from /opt/airflow/dags/bash_python.py
[2026-08-12T09:04:21.942+0000] {logging_mixin.py:190} INFO - [2026-08-12T09:04:21.942+0000] {dag.py:3239} INFO - Sync 1 DAGs
[2026-08-12T09:04:21.958+0000] {logging_mixin.py:190} INFO - [2026-08-12T09:04:21.957+0000] {dag.py:4180} INFO - Setting next_dagrun for download_rocket_launches to None, run_after=None
[2026-08-12T09:04:21.979+0000] {processor.py:208} INFO - Processing /opt/airflow/dags/bash_python.py took 0.099 seconds
[2026-08-12T09:04:52.230+0000] {processor.py:186} INFO - Started process (PID=1678) to work on /opt/airflow/dags/bash_python.py
[2026-08-12T09:04:52.231+0000] {processor.py:914} INFO - Processing file /opt/airflow/dags/bash_python.py for tasks to queue
[2026-08-12T09:04:52.234+0000] {logging_mixin.py:190} INFO - [2026-08-12T09:04:52.234+0000] {dagbag.py:588} INFO - Filling up the DagBag from /opt/airflow/dags/bash_python.py
[2026-08-12T09:04:52.253+0000] {processor.py:925} INFO - DAG(s) 'download_rocket_launches' retrieved from /opt/airflow/dags/bash_python.py
[2026-08-12T09:04:52.302+0000] {logging_mixin.py:190} INFO - [2026-08-12T09:04:52.302+0000] {dag.py:3239} INFO - Sync 1 DAGs
[2026-08-12T09:04:52.319+0000] {logging_mixin.py:190} INFO - [2026-08-12T09:04:52.318+0000] {dag.py:4180} INFO - Setting next_dagrun for download_rocket_launches to None, run_after=None
[2026-08-12T09:04:52.336+0000] {processor.py:208} INFO - Processing /opt/airflow/dags/bash_python.py took 0.113 seconds
[2026-08-12T09:05:22.619+0000] {processor.py:186} INFO - Started process (PID=1688) to work on /opt/airflow/dags/bash_python.py
[2026-08-12T09:05:22.620+0000] {processor.py:914} INFO - Processing file /opt/airflow/dags/bash_python.py for tasks to queue
[2026-08-12T09:05:22.623+0000] {logging_mixin.py:190} INFO - [2026-08-12T09:05:22.622+0000] {dagbag.py:588} INFO - Filling up the DagBag from /opt/airflow/dags/bash_python.py
[2026-08-12T09:05:22.640+0000] {processor.py:925} INFO - DAG(s) 'download_rocket_launches' retrieved from /opt/airflow/dags/bash_python.py
[2026-08-12T09:05:22.667+0000] {logging_mixin.py:190} INFO - [2026-08-12T09:05:22.666+0000] {dag.py:3239} INFO - Sync 1 DAGs
[2026-08-12T09:05:22.680+0000] {logging_mixin.py:190} INFO - [2026-08-12T09:05:22.680+0000] {dag.py:4180} INFO - Setting next_dagrun for download_rocket_launches to None, run_after=None
[2026-08-12T09:05:22.699+0000] {processor.py:208} INFO - Processing /opt/airflow/dags/bash_python.py took 0.086 seconds
[2026-08-12T09:05:52.963+0000] {processor.py:186} INFO - Started process (PID=1698) to work on /opt/airflow/dags/bash_python.py
[2026-08-12T09:05:52.965+0000] {processor.py:914} INFO - Processing file /opt/airflow/dags/bash_python.py for tasks to queue
[2026-08-12T09:05:52.968+0000] {logging_mixin.py:190} INFO - [2026-08-12T09:05:52.968+0000] {dagbag.py:588} INFO - Filling up the DagBag from /opt/airflow/dags/bash_python.py
[2026-08-12T09:05:52.989+0000] {processor.py:925} INFO - DAG(s) 'download_rocket_launches' retrieved from /opt/airflow/dags/bash_python.py
[2026-08-12T09:05:53.025+0000] {logging_mixin.py:190} INFO - [2026-08-12T09:05:53.025+0000] {dag.py:3239} INFO - Sync 1 DAGs
[2026-08-12T09:05:53.044+0000] {logging_mixin.py:190} INFO - [2026-08-12T09:05:53.044+0000] {dag.py:4180} INFO - Setting next_dagrun for download_rocket_launches to None, run_after=None
[2026-08-12T09:05:53.068+0000] {processor.py:208} INFO - Processing /opt/airflow/dags/bash_python.py took 0.111 seconds
[2026-08-12T09:06:23.326+0000] {processor.py:186} INFO - Started process (PID=1708) to work on /opt/airflow/dags/bash_python.py
[2026-08-12T09:06:23.327+0000] {processor.py:914} INFO - Processing file /opt/airflow/dags/bash_python.py for tasks to queue
[2026-08-12T09:06:23.330+0000] {logging_mixin.py:190} INFO - [2026-08-12T09:06:23.329+0000] {dagbag.py:588} INFO - Filling up the DagBag from /opt/airflow/dags/bash_python.py
[2026-08-12T09:06:23.347+0000] {processor.py:925} INFO - DAG(s) 'download_rocket_launches' retrieved from /opt/airflow/dags/bash_python.py
[2026-08-12T09:06:23.376+0000] {logging_mixin.py:190} INFO - [2026-08-12T09:06:23.375+0000] {dag.py:3239} INFO - Sync 1 DAGs
[2026-08-12T09:06:23.389+0000] {logging_mixin.py:190} INFO - [2026-08-12T09:06:23.389+0000] {dag.py:4180} INFO - Setting next_dagrun for download_rocket_launches to None, run_after=None
[2026-08-12T09:06:23.408+0000] {processor.py:208} INFO - Processing /opt/airflow/dags/bash_python.py took 0.087 seconds
[2026-08-12T09:06:53.719+0000] {processor.py:186} INFO - Started process (PID=1718) to work on /opt/airflow/dags/bash_python.py
[2026-08-12T09:06:53.720+0000] {processor.py:914} INFO - Processing file /opt/airflow/dags/bash_python.py for tasks to queue
[2026-08-12T09:06:53.724+0000] {logging_mixin.py:190} INFO - [2026-08-12T09:06:53.723+0000] {dagbag.py:588} INFO - Filling up the DagBag from /opt/airflow/dags/bash_python.py
[2026-08-12T09:06:53.745+0000] {processor.py:925} INFO - DAG(s) 'download_rocket_launches' retrieved from /opt/airflow/dags/bash_python.py
[2026-08-12T09:06:53.774+0000] {logging_mixin.py:190} INFO - [2026-08-12T09:06:53.774+0000] {dag.py:3239} INFO - Sync 1 DAGs
[2026-08-12T09:06:53.790+0000] {logging_mixin.py:190} INFO - [2026-08-12T09:06:53.790+0000] {dag.py:4180} INFO - Setting next_dagrun for download_rocket_launches to None, run_after=None
[2026-08-12T09:06:53.808+0000] {processor.py:208} INFO - Processing /opt/airflow/dags/bash_python.py took 0.099 seconds
[2026-08-12T09:07:24.047+0000] {processor.py:186} INFO - Started process (PID=1728) to work on /opt/airflow/dags/bash_python.py
[2026-08-12T09:07:24.049+0000] {processor.py:914} INFO - Processing file /opt/airflow/dags/bash_python.py for tasks to queue
[2026-08-12T09:07:24.052+0000] {logging_mixin.py:190} INFO - [2026-08-12T09:07:24.052+0000] {dagbag.py:588} INFO - Filling up the DagBag from /opt/airflow/dags/bash_python.py
[2026-08-12T09:07:24.072+0000] {processor.py:925} INFO - DAG(s) 'download_rocket_launches' retrieved from /opt/airflow/dags/bash_python.py
[2026-08-12T09:07:24.098+0000] {logging_mixin.py:190} INFO - [2026-08-12T09:07:24.098+0000] {dag.py:3239} INFO - Sync 1 DAGs
[2026-08-12T09:07:24.116+0000] {logging_mixin.py:190} INFO - [2026-08-12T09:07:24.116+0000] {dag.py:4180} INFO - Setting next_dagrun for download_rocket_launches to None, run_after=None
[2026-08-12T09:07:24.144+0000] {processor.py:208} INFO - Processing /opt/airflow/dags/bash_python.py took 0.105 seconds
[2026-08-12T09:07:54.401+0000] {processor.py:186} INFO - Started process (PID=1738) to work on /opt/airflow/dags/bash_python.py
[2026-08-12T09:07:54.402+0000] {processor.py:914} INFO - Processing file /opt/airflow/dags/bash_python.py for tasks to queue
[2026-08-12T09:07:54.405+0000] {logging_mixin.py:190} INFO - [2026-08-12T09:07:54.405+0000] {dagbag.py:588} INFO - Filling up the DagBag from /opt/airflow/dags/bash_python.py
[2026-08-12T09:07:54.422+0000] {processor.py:925} INFO - DAG(s) 'download_rocket_launches' retrieved from /opt/airflow/dags/bash_python.py
[2026-08-12T09:07:54.456+0000] {logging_mixin.py:190} INFO - [2026-08-12T09:07:54.455+0000] {dag.py:3239} INFO - Sync 1 DAGs
[2026-08-12T09:07:54.478+0000] {logging_mixin.py:190} INFO - [2026-08-12T09:07:54.478+0000] {dag.py:4180} INFO - Setting next_dagrun for download_rocket_launches to None, run_after=None
[2026-08-12T09:07:54.500+0000] {processor.py:208} INFO - Processing /opt/airflow/dags/bash_python.py took 0.108 seconds
[2026-08-12T09:08:24.728+0000] {processor.py:186} INFO - Started process (PID=1748) to work on /opt/airflow/dags/bash_python.py
[2026-08-12T09:08:24.751+0000] {processor.py:914} INFO - Processing file /opt/airflow/dags/bash_python.py for tasks to queue
[2026-08-12T09:08:24.754+0000] {logging_mixin.py:190} INFO - [2026-08-12T09:08:24.753+0000] {dagbag.py:588} INFO - Filling up the DagBag from /opt/airflow/dags/bash_python.py
[2026-08-12T09:08:24.772+0000] {processor.py:925} INFO - DAG(s) 'download_rocket_launches' retrieved from /opt/airflow/dags/bash_python.py
[2026-08-12T09:08:24.802+0000] {logging_mixin.py:190} INFO - [2026-08-12T09:08:24.801+0000] {dag.py:3239} INFO - Sync 1 DAGs
[2026-08-12T09:08:24.815+0000] {logging_mixin.py:190} INFO - [2026-08-12T09:08:24.815+0000] {dag.py:4180} INFO - Setting next_dagrun for download_rocket_launches to None, run_after=None
[2026-08-12T09:08:24.832+0000] {processor.py:208} INFO - Processing /opt/airflow/dags/bash_python.py took 0.109 seconds
[2026-08-12T09:08:55.085+0000] {processor.py:186} INFO - Started process (PID=1758) to work on /opt/airflow/dags/bash_python.py
[2026-08-12T09:08:55.087+0000] {processor.py:914} INFO - Processing file /opt/airflow/dags/bash_python.py for tasks to queue
[2026-08-12T09:08:55.093+0000] {logging_mixin.py:190} INFO - [2026-08-12T09:08:55.092+0000] {dagbag.py:588} INFO - Filling up the DagBag from /opt/airflow/dags/bash_python.py
[2026-08-12T09:08:55.121+0000] {processor.py:925} INFO - DAG(s) 'download_rocket_launches' retrieved from /opt/airflow/dags/bash_python.py
[2026-08-12T09:08:55.164+0000] {logging_mixin.py:190} INFO - [2026-08-12T09:08:55.163+0000] {dag.py:3239} INFO - Sync 1 DAGs
[2026-08-12T09:08:55.183+0000] {logging_mixin.py:190} INFO - [2026-08-12T09:08:55.183+0000] {dag.py:4180} INFO - Setting next_dagrun for download_rocket_launches to None, run_after=None
[2026-08-12T09:08:55.201+0000] {processor.py:208} INFO - Processing /opt/airflow/dags/bash_python.py took 0.127 seconds
[2026-08-12T09:09:25.437+0000] {processor.py:186} INFO - Started process (PID=1768) to work on /opt/airflow/dags/bash_python.py
[2026-08-12T09:09:25.438+0000] {processor.py:914} INFO - Processing file /opt/airflow/dags/bash_python.py for tasks to queue
[2026-08-12T09:09:25.440+0000] {logging_mixin.py:190} INFO - [2026-08-12T09:09:25.439+0000] {dagbag.py:588} INFO - Filling up the DagBag from /opt/airflow/dags/bash_python.py
[2026-08-12T09:09:25.455+0000] {processor.py:925} INFO - DAG(s) 'download_rocket_launches' retrieved from /opt/airflow/dags/bash_python.py
[2026-08-12T09:09:25.479+0000] {logging_mixin.py:190} INFO - [2026-08-12T09:09:25.479+0000] {dag.py:3239} INFO - Sync 1 DAGs
[2026-08-12T09:09:25.492+0000] {logging_mixin.py:190} INFO - [2026-08-12T09:09:25.492+0000] {dag.py:4180} INFO - Setting next_dagrun for download_rocket_launches to None, run_after=None
[2026-08-12T09:09:25.513+0000] {processor.py:208} INFO - Processing /opt/airflow/dags/bash_python.py took 0.082 seconds
[2026-08-12T09:09:55.770+0000] {processor.py:186} INFO - Started process (PID=1778) to work on /opt/airflow/dags/bash_python.py
[2026-08-12T09:09:55.771+0000] {processor.py:914} INFO - Processing file /opt/airflow/dags/bash_python.py for tasks to queue
[2026-08-12T09:09:55.774+0000] {logging_mixin.py:190} INFO - [2026-08-12T09:09:55.774+0000] {dagbag.py:588} INFO - Filling up the DagBag from /opt/airflow/dags/bash_python.py
[2026-08-12T09:09:55.793+0000] {processor.py:925} INFO - DAG(s) 'download_rocket_launches' retrieved from /opt/airflow/dags/bash_python.py
[2026-08-12T09:09:55.844+0000] {logging_mixin.py:190} INFO - [2026-08-12T09:09:55.843+0000] {dag.py:3239} INFO - Sync 1 DAGs
[2026-08-12T09:09:55.861+0000] {logging_mixin.py:190} INFO - [2026-08-12T09:09:55.860+0000] {dag.py:4180} INFO - Setting next_dagrun for download_rocket_launches to None, run_after=None
[2026-08-12T09:09:55.881+0000] {processor.py:208} INFO - Processing /opt/airflow/dags/bash_python.py took 0.118 seconds
[2026-08-12T10:32:59.114+0000] {processor.py:186} INFO - Started process (PID=1788) to work on /opt/airflow/dags/bash_python.py
[2026-08-12T10:32:59.115+0000] {processor.py:914} INFO - Processing file /opt/airflow/dags/bash_python.py for tasks to queue
[2026-08-12T10:32:59.118+0000] {logging_mixin.py:190} INFO - [2026-08-12T10:32:59.117+0000] {dagbag.py:588} INFO - Filling up the DagBag from /opt/airflow/dags/bash_python.py
[2026-08-12T10:32:59.135+0000] {processor.py:925} INFO - DAG(s) 'download_rocket_launches' retrieved from /opt/airflow/dags/bash_python.py
[2026-08-12T10:32:59.163+0000] {logging_mixin.py:190} INFO - [2026-08-12T10:32:59.163+0000] {dag.py:3239} INFO - Sync 1 DAGs
[2026-08-12T10:32:59.176+0000] {logging_mixin.py:190} INFO - [2026-08-12T10:32:59.176+0000] {dag.py:4180} INFO - Setting next_dagrun for download_rocket_launches to None, run_after=None
[2026-08-12T10:32:59.194+0000] {processor.py:208} INFO - Processing /opt/airflow/dags/bash_python.py took 0.086 seconds
[2026-08-12T10:33:29.428+0000] {processor.py:186} INFO - Started process (PID=1798) to work on /opt/airflow/dags/bash_python.py
[2026-08-12T10:33:29.430+0000] {processor.py:914} INFO - Processing file /opt/airflow/dags/bash_python.py for tasks to queue
[2026-08-12T10:33:29.432+0000] {logging_mixin.py:190} INFO - [2026-08-12T10:33:29.432+0000] {dagbag.py:588} INFO - Filling up the DagBag from /opt/airflow/dags/bash_python.py
[2026-08-12T10:33:29.451+0000] {processor.py:925} INFO - DAG(s) 'download_rocket_launches' retrieved from /opt/airflow/dags/bash_python.py
[2026-08-12T10:33:29.482+0000] {logging_mixin.py:190} INFO - [2026-08-12T10:33:29.481+0000] {dag.py:3239} INFO - Sync 1 DAGs
[2026-08-12T10:33:29.494+0000] {logging_mixin.py:190} INFO - [2026-08-12T10:33:29.494+0000] {dag.py:4180} INFO - Setting next_dagrun for download_rocket_launches to None, run_after=None
[2026-08-12T10:33:29.514+0000] {processor.py:208} INFO - Processing /opt/airflow/dags/bash_python.py took 0.094 seconds
[2026-08-12T10:33:59.804+0000] {processor.py:186} INFO - Started process (PID=1808) to work on /opt/airflow/dags/bash_python.py
[2026-08-12T10:33:59.805+0000] {processor.py:914} INFO - Processing file /opt/airflow/dags/bash_python.py for tasks to queue
[2026-08-12T10:33:59.808+0000] {logging_mixin.py:190} INFO - [2026-08-12T10:33:59.808+0000] {dagbag.py:588} INFO - Filling up the DagBag from /opt/airflow/dags/bash_python.py
[2026-08-12T10:33:59.835+0000] {processor.py:925} INFO - DAG(s) 'download_rocket_launches' retrieved from /opt/airflow/dags/bash_python.py
[2026-08-12T10:33:59.909+0000] {logging_mixin.py:190} INFO - [2026-08-12T10:33:59.908+0000] {dag.py:3239} INFO - Sync 1 DAGs
[2026-08-12T10:33:59.926+0000] {logging_mixin.py:190} INFO - [2026-08-12T10:33:59.925+0000] {dag.py:4180} INFO - Setting next_dagrun for download_rocket_launches to None, run_after=None
[2026-08-12T10:33:59.954+0000] {processor.py:208} INFO - Processing /opt/airflow/dags/bash_python.py took 0.158 seconds
[2026-08-12T10:34:30.174+0000] {processor.py:186} INFO - Started process (PID=1818) to work on /opt/airflow/dags/bash_python.py
[2026-08-12T10:34:30.177+0000] {processor.py:914} INFO - Processing file /opt/airflow/dags/bash_python.py for tasks to queue
[2026-08-12T10:34:30.186+0000] {logging_mixin.py:190} INFO - [2026-08-12T10:34:30.184+0000] {dagbag.py:588} INFO - Filling up the DagBag from /opt/airflow/dags/bash_python.py
[2026-08-12T10:34:30.219+0000] {processor.py:925} INFO - DAG(s) 'download_rocket_launches' retrieved from /opt/airflow/dags/bash_python.py
[2026-08-12T10:34:30.256+0000] {logging_mixin.py:190} INFO - [2026-08-12T10:34:30.255+0000] {dag.py:3239} INFO - Sync 1 DAGs
[2026-08-12T10:34:30.270+0000] {logging_mixin.py:190} INFO - [2026-08-12T10:34:30.270+0000] {dag.py:4180} INFO - Setting next_dagrun for download_rocket_launches to None, run_after=None
[2026-08-12T10:34:30.292+0000] {processor.py:208} INFO - Processing /opt/airflow/dags/bash_python.py took 0.126 seconds
[2026-08-12T10:35:00.520+0000] {processor.py:186} INFO - Started process (PID=1828) to work on /opt/airflow/dags/bash_python.py
[2026-08-12T10:35:00.522+0000] {processor.py:914} INFO - Processing file /opt/airflow/dags/bash_python.py for tasks to queue
[2026-08-12T10:35:00.525+0000] {logging_mixin.py:190} INFO - [2026-08-12T10:35:00.525+0000] {dagbag.py:588} INFO - Filling up the DagBag from /opt/airflow/dags/bash_python.py
[2026-08-12T10:35:00.545+0000] {processor.py:925} INFO - DAG(s) 'download_rocket_launches' retrieved from /opt/airflow/dags/bash_python.py
[2026-08-12T10:35:00.573+0000] {logging_mixin.py:190} INFO - [2026-08-12T10:35:00.573+0000] {dag.py:3239} INFO - Sync 1 DAGs
[2026-08-12T10:35:00.590+0000] {logging_mixin.py:190} INFO - [2026-08-12T10:35:00.589+0000] {dag.py:4180} INFO - Setting next_dagrun for download_rocket_launches to None, run_after=None
[2026-08-12T10:35:00.613+0000] {processor.py:208} INFO - Processing /opt/airflow/dags/bash_python.py took 0.099 seconds
[2026-08-12T10:35:30.861+0000] {processor.py:186} INFO - Started process (PID=1838) to work on /opt/airflow/dags/bash_python.py
[2026-08-12T10:35:30.862+0000] {processor.py:914} INFO - Processing file /opt/airflow/dags/bash_python.py for tasks to queue
[2026-08-12T10:35:30.864+0000] {logging_mixin.py:190} INFO - [2026-08-12T10:35:30.864+0000] {dagbag.py:588} INFO - Filling up the DagBag from /opt/airflow/dags/bash_python.py
[2026-08-12T10:35:30.880+0000] {processor.py:925} INFO - DAG(s) 'download_rocket_launches' retrieved from /opt/airflow/dags/bash_python.py
[2026-08-12T10:35:30.909+0000] {logging_mixin.py:190} INFO - [2026-08-12T10:35:30.909+0000] {dag.py:3239} INFO - Sync 1 DAGs
[2026-08-12T10:35:30.925+0000] {logging_mixin.py:190} INFO - [2026-08-12T10:35:30.924+0000] {dag.py:4180} INFO - Setting next_dagrun for download_rocket_launches to None, run_after=None
[2026-08-12T10:35:30.941+0000] {processor.py:208} INFO - Processing /opt/airflow/dags/bash_python.py took 0.086 seconds
[2026-08-12T10:36:01.203+0000] {processor.py:186} INFO - Started process (PID=1848) to work on /opt/airflow/dags/bash_python.py
[2026-08-12T10:36:01.205+0000] {processor.py:914} INFO - Processing file /opt/airflow/dags/bash_python.py for tasks to queue
[2026-08-12T10:36:01.209+0000] {logging_mixin.py:190} INFO - [2026-08-12T10:36:01.208+0000] {dagbag.py:588} INFO - Filling up the DagBag from /opt/airflow/dags/bash_python.py
[2026-08-12T10:36:01.228+0000] {processor.py:925} INFO - DAG(s) 'download_rocket_launches' retrieved from /opt/airflow/dags/bash_python.py
[2026-08-12T10:36:01.258+0000] {logging_mixin.py:190} INFO - [2026-08-12T10:36:01.257+0000] {dag.py:3239} INFO - Sync 1 DAGs
[2026-08-12T10:36:01.292+0000] {logging_mixin.py:190} INFO - [2026-08-12T10:36:01.291+0000] {dag.py:4180} INFO - Setting next_dagrun for download_rocket_launches to None, run_after=None
[2026-08-12T10:36:01.315+0000] {processor.py:208} INFO - Processing /opt/airflow/dags/bash_python.py took 0.119 seconds
