[2026-08-04T08:55:37.531+0000] {processor.py:186} INFO - Started process (PID=415) to work on /opt/airflow/dags/bash_python.py
[2026-08-04T08:55:37.532+0000] {processor.py:914} INFO - Processing file /opt/airflow/dags/bash_python.py for tasks to queue
[2026-08-04T08:55:37.537+0000] {logging_mixin.py:190} INFO - [2026-08-04T08:55:37.537+0000] {dagbag.py:588} INFO - Filling up the DagBag from /opt/airflow/dags/bash_python.py
[2026-08-04T08:55:37.555+0000] {logging_mixin.py:190} INFO - [2026-08-04T08:55:37.550+0000] {dagbag.py:387} ERROR - Failed to import: /opt/airflow/dags/bash_python.py
Traceback (most recent call last):
  File "/home/airflow/.local/lib/python3.12/site-packages/airflow/models/dagbag.py", line 383, in parse
    loader.exec_module(new_module)
  File "<frozen importlib._bootstrap_external>", line 999, in exec_module
  File "<frozen importlib._bootstrap>", line 488, in _call_with_frames_removed
  File "/opt/airflow/dags/bash_python.py", line 4, in <module>
    from airflow.operator.bash import BashOperator
ModuleNotFoundError: No module named 'airflow.operator'
[2026-08-04T08:55:37.557+0000] {processor.py:927} WARNING - No viable dags retrieved from /opt/airflow/dags/bash_python.py
[2026-08-04T08:55:37.583+0000] {processor.py:208} INFO - Processing /opt/airflow/dags/bash_python.py took 0.059 seconds
[2026-08-04T08:56:07.762+0000] {processor.py:186} INFO - Started process (PID=420) to work on /opt/airflow/dags/bash_python.py
[2026-08-04T08:56:07.763+0000] {processor.py:914} INFO - Processing file /opt/airflow/dags/bash_python.py for tasks to queue
[2026-08-04T08:56:07.767+0000] {logging_mixin.py:190} INFO - [2026-08-04T08:56:07.767+0000] {dagbag.py:588} INFO - Filling up the DagBag from /opt/airflow/dags/bash_python.py
[2026-08-04T08:56:07.784+0000] {logging_mixin.py:190} INFO - [2026-08-04T08:56:07.780+0000] {dagbag.py:387} ERROR - Failed to import: /opt/airflow/dags/bash_python.py
Traceback (most recent call last):
  File "/home/airflow/.local/lib/python3.12/site-packages/airflow/models/dagbag.py", line 383, in parse
    loader.exec_module(new_module)
  File "<frozen importlib._bootstrap_external>", line 999, in exec_module
  File "<frozen importlib._bootstrap>", line 488, in _call_with_frames_removed
  File "/opt/airflow/dags/bash_python.py", line 4, in <module>
    from airflow.operator.bash import BashOperator
ModuleNotFoundError: No module named 'airflow.operator'
[2026-08-04T08:56:07.786+0000] {processor.py:927} WARNING - No viable dags retrieved from /opt/airflow/dags/bash_python.py
[2026-08-04T08:56:07.818+0000] {processor.py:208} INFO - Processing /opt/airflow/dags/bash_python.py took 0.064 seconds
[2026-08-04T08:56:38.043+0000] {processor.py:186} INFO - Started process (PID=425) to work on /opt/airflow/dags/bash_python.py
[2026-08-04T08:56:38.045+0000] {processor.py:914} INFO - Processing file /opt/airflow/dags/bash_python.py for tasks to queue
[2026-08-04T08:56:38.047+0000] {logging_mixin.py:190} INFO - [2026-08-04T08:56:38.047+0000] {dagbag.py:588} INFO - Filling up the DagBag from /opt/airflow/dags/bash_python.py
[2026-08-04T08:56:38.063+0000] {logging_mixin.py:190} INFO - [2026-08-04T08:56:38.059+0000] {dagbag.py:387} ERROR - Failed to import: /opt/airflow/dags/bash_python.py
Traceback (most recent call last):
  File "/home/airflow/.local/lib/python3.12/site-packages/airflow/models/dagbag.py", line 383, in parse
    loader.exec_module(new_module)
  File "<frozen importlib._bootstrap_external>", line 999, in exec_module
  File "<frozen importlib._bootstrap>", line 488, in _call_with_frames_removed
  File "/opt/airflow/dags/bash_python.py", line 4, in <module>
    from airflow.operator.bash import BashOperator
ModuleNotFoundError: No module named 'airflow.operator'
[2026-08-04T08:56:38.064+0000] {processor.py:927} WARNING - No viable dags retrieved from /opt/airflow/dags/bash_python.py
[2026-08-04T08:56:38.086+0000] {processor.py:208} INFO - Processing /opt/airflow/dags/bash_python.py took 0.049 seconds
[2026-08-04T08:57:08.289+0000] {processor.py:186} INFO - Started process (PID=430) to work on /opt/airflow/dags/bash_python.py
[2026-08-04T08:57:08.293+0000] {processor.py:914} INFO - Processing file /opt/airflow/dags/bash_python.py for tasks to queue
[2026-08-04T08:57:08.298+0000] {logging_mixin.py:190} INFO - [2026-08-04T08:57:08.297+0000] {dagbag.py:588} INFO - Filling up the DagBag from /opt/airflow/dags/bash_python.py
[2026-08-04T08:57:08.349+0000] {logging_mixin.py:190} INFO - [2026-08-04T08:57:08.340+0000] {dagbag.py:387} ERROR - Failed to import: /opt/airflow/dags/bash_python.py
Traceback (most recent call last):
  File "/home/airflow/.local/lib/python3.12/site-packages/airflow/models/dagbag.py", line 383, in parse
    loader.exec_module(new_module)
  File "<frozen importlib._bootstrap_external>", line 999, in exec_module
  File "<frozen importlib._bootstrap>", line 488, in _call_with_frames_removed
  File "/opt/airflow/dags/bash_python.py", line 4, in <module>
    from airflow.operator.bash import BashOperator
ModuleNotFoundError: No module named 'airflow.operator'
[2026-08-04T08:57:08.354+0000] {processor.py:927} WARNING - No viable dags retrieved from /opt/airflow/dags/bash_python.py
[2026-08-04T08:57:08.396+0000] {processor.py:208} INFO - Processing /opt/airflow/dags/bash_python.py took 0.119 seconds
[2026-08-04T08:57:38.568+0000] {processor.py:186} INFO - Started process (PID=435) to work on /opt/airflow/dags/bash_python.py
[2026-08-04T08:57:38.569+0000] {processor.py:914} INFO - Processing file /opt/airflow/dags/bash_python.py for tasks to queue
[2026-08-04T08:57:38.572+0000] {logging_mixin.py:190} INFO - [2026-08-04T08:57:38.572+0000] {dagbag.py:588} INFO - Filling up the DagBag from /opt/airflow/dags/bash_python.py
[2026-08-04T08:57:38.587+0000] {logging_mixin.py:190} INFO - [2026-08-04T08:57:38.583+0000] {dagbag.py:387} ERROR - Failed to import: /opt/airflow/dags/bash_python.py
Traceback (most recent call last):
  File "/home/airflow/.local/lib/python3.12/site-packages/airflow/models/dagbag.py", line 383, in parse
    loader.exec_module(new_module)
  File "<frozen importlib._bootstrap_external>", line 999, in exec_module
  File "<frozen importlib._bootstrap>", line 488, in _call_with_frames_removed
  File "/opt/airflow/dags/bash_python.py", line 4, in <module>
    from airflow.operator.bash import BashOperator
ModuleNotFoundError: No module named 'airflow.operator'
[2026-08-04T08:57:38.588+0000] {processor.py:927} WARNING - No viable dags retrieved from /opt/airflow/dags/bash_python.py
[2026-08-04T08:57:38.610+0000] {processor.py:208} INFO - Processing /opt/airflow/dags/bash_python.py took 0.047 seconds
[2026-08-04T08:58:08.859+0000] {processor.py:186} INFO - Started process (PID=440) to work on /opt/airflow/dags/bash_python.py
[2026-08-04T08:58:08.861+0000] {processor.py:914} INFO - Processing file /opt/airflow/dags/bash_python.py for tasks to queue
[2026-08-04T08:58:08.867+0000] {logging_mixin.py:190} INFO - [2026-08-04T08:58:08.866+0000] {dagbag.py:588} INFO - Filling up the DagBag from /opt/airflow/dags/bash_python.py
[2026-08-04T08:58:08.898+0000] {logging_mixin.py:190} INFO - [2026-08-04T08:58:08.891+0000] {dagbag.py:387} ERROR - Failed to import: /opt/airflow/dags/bash_python.py
Traceback (most recent call last):
  File "/home/airflow/.local/lib/python3.12/site-packages/airflow/models/dagbag.py", line 383, in parse
    loader.exec_module(new_module)
  File "<frozen importlib._bootstrap_external>", line 999, in exec_module
  File "<frozen importlib._bootstrap>", line 488, in _call_with_frames_removed
  File "/opt/airflow/dags/bash_python.py", line 4, in <module>
    from airflow.operator.bash import BashOperator
ModuleNotFoundError: No module named 'airflow.operator'
[2026-08-04T08:58:08.900+0000] {processor.py:927} WARNING - No viable dags retrieved from /opt/airflow/dags/bash_python.py
[2026-08-04T08:58:08.926+0000] {processor.py:208} INFO - Processing /opt/airflow/dags/bash_python.py took 0.081 seconds
[2026-08-04T08:58:39.118+0000] {processor.py:186} INFO - Started process (PID=445) to work on /opt/airflow/dags/bash_python.py
[2026-08-04T08:58:39.120+0000] {processor.py:914} INFO - Processing file /opt/airflow/dags/bash_python.py for tasks to queue
[2026-08-04T08:58:39.124+0000] {logging_mixin.py:190} INFO - [2026-08-04T08:58:39.124+0000] {dagbag.py:588} INFO - Filling up the DagBag from /opt/airflow/dags/bash_python.py
[2026-08-04T08:58:39.143+0000] {logging_mixin.py:190} INFO - [2026-08-04T08:58:39.137+0000] {dagbag.py:387} ERROR - Failed to import: /opt/airflow/dags/bash_python.py
Traceback (most recent call last):
  File "/home/airflow/.local/lib/python3.12/site-packages/airflow/models/dagbag.py", line 383, in parse
    loader.exec_module(new_module)
  File "<frozen importlib._bootstrap_external>", line 999, in exec_module
  File "<frozen importlib._bootstrap>", line 488, in _call_with_frames_removed
  File "/opt/airflow/dags/bash_python.py", line 4, in <module>
    from airflow.operator.bash import BashOperator
ModuleNotFoundError: No module named 'airflow.operator'
[2026-08-04T08:58:39.144+0000] {processor.py:927} WARNING - No viable dags retrieved from /opt/airflow/dags/bash_python.py
[2026-08-04T08:58:39.171+0000] {processor.py:208} INFO - Processing /opt/airflow/dags/bash_python.py took 0.071 seconds
[2026-08-04T08:59:09.452+0000] {processor.py:186} INFO - Started process (PID=450) to work on /opt/airflow/dags/bash_python.py
[2026-08-04T08:59:09.454+0000] {processor.py:914} INFO - Processing file /opt/airflow/dags/bash_python.py for tasks to queue
[2026-08-04T08:59:09.459+0000] {logging_mixin.py:190} INFO - [2026-08-04T08:59:09.458+0000] {dagbag.py:588} INFO - Filling up the DagBag from /opt/airflow/dags/bash_python.py
[2026-08-04T08:59:09.490+0000] {logging_mixin.py:190} INFO - [2026-08-04T08:59:09.484+0000] {dagbag.py:387} ERROR - Failed to import: /opt/airflow/dags/bash_python.py
Traceback (most recent call last):
  File "/home/airflow/.local/lib/python3.12/site-packages/airflow/models/dagbag.py", line 383, in parse
    loader.exec_module(new_module)
  File "<frozen importlib._bootstrap_external>", line 999, in exec_module
  File "<frozen importlib._bootstrap>", line 488, in _call_with_frames_removed
  File "/opt/airflow/dags/bash_python.py", line 4, in <module>
    from airflow.operator.bash import BashOperator
ModuleNotFoundError: No module named 'airflow.operator'
[2026-08-04T08:59:09.492+0000] {processor.py:927} WARNING - No viable dags retrieved from /opt/airflow/dags/bash_python.py
[2026-08-04T08:59:09.522+0000] {processor.py:208} INFO - Processing /opt/airflow/dags/bash_python.py took 0.077 seconds
[2026-08-04T08:59:39.676+0000] {processor.py:186} INFO - Started process (PID=455) to work on /opt/airflow/dags/bash_python.py
[2026-08-04T08:59:39.677+0000] {processor.py:914} INFO - Processing file /opt/airflow/dags/bash_python.py for tasks to queue
[2026-08-04T08:59:39.680+0000] {logging_mixin.py:190} INFO - [2026-08-04T08:59:39.680+0000] {dagbag.py:588} INFO - Filling up the DagBag from /opt/airflow/dags/bash_python.py
[2026-08-04T08:59:39.694+0000] {logging_mixin.py:190} INFO - [2026-08-04T08:59:39.691+0000] {dagbag.py:387} ERROR - Failed to import: /opt/airflow/dags/bash_python.py
Traceback (most recent call last):
  File "/home/airflow/.local/lib/python3.12/site-packages/airflow/models/dagbag.py", line 383, in parse
    loader.exec_module(new_module)
  File "<frozen importlib._bootstrap_external>", line 999, in exec_module
  File "<frozen importlib._bootstrap>", line 488, in _call_with_frames_removed
  File "/opt/airflow/dags/bash_python.py", line 4, in <module>
    from airflow.operator.bash import BashOperator
ModuleNotFoundError: No module named 'airflow.operator'
[2026-08-04T08:59:39.695+0000] {processor.py:927} WARNING - No viable dags retrieved from /opt/airflow/dags/bash_python.py
[2026-08-04T08:59:39.720+0000] {processor.py:208} INFO - Processing /opt/airflow/dags/bash_python.py took 0.050 seconds
[2026-08-04T09:34:19.519+0000] {processor.py:186} INFO - Started process (PID=460) to work on /opt/airflow/dags/bash_python.py
[2026-08-04T09:34:19.520+0000] {processor.py:914} INFO - Processing file /opt/airflow/dags/bash_python.py for tasks to queue
[2026-08-04T09:34:19.524+0000] {logging_mixin.py:190} INFO - [2026-08-04T09:34:19.524+0000] {dagbag.py:588} INFO - Filling up the DagBag from /opt/airflow/dags/bash_python.py
[2026-08-04T09:34:19.539+0000] {logging_mixin.py:190} INFO - [2026-08-04T09:34:19.536+0000] {dagbag.py:387} ERROR - Failed to import: /opt/airflow/dags/bash_python.py
Traceback (most recent call last):
  File "/home/airflow/.local/lib/python3.12/site-packages/airflow/models/dagbag.py", line 383, in parse
    loader.exec_module(new_module)
  File "<frozen importlib._bootstrap_external>", line 999, in exec_module
  File "<frozen importlib._bootstrap>", line 488, in _call_with_frames_removed
  File "/opt/airflow/dags/bash_python.py", line 4, in <module>
    from airflow.operator.bash import BashOperator
ModuleNotFoundError: No module named 'airflow.operator'
[2026-08-04T09:34:19.541+0000] {processor.py:927} WARNING - No viable dags retrieved from /opt/airflow/dags/bash_python.py
[2026-08-04T09:34:19.565+0000] {processor.py:208} INFO - Processing /opt/airflow/dags/bash_python.py took 0.052 seconds
[2026-08-04T09:34:49.755+0000] {processor.py:186} INFO - Started process (PID=465) to work on /opt/airflow/dags/bash_python.py
[2026-08-04T09:34:49.756+0000] {processor.py:914} INFO - Processing file /opt/airflow/dags/bash_python.py for tasks to queue
[2026-08-04T09:34:49.759+0000] {logging_mixin.py:190} INFO - [2026-08-04T09:34:49.759+0000] {dagbag.py:588} INFO - Filling up the DagBag from /opt/airflow/dags/bash_python.py
[2026-08-04T09:34:49.779+0000] {logging_mixin.py:190} INFO - [2026-08-04T09:34:49.774+0000] {dagbag.py:387} ERROR - Failed to import: /opt/airflow/dags/bash_python.py
Traceback (most recent call last):
  File "/home/airflow/.local/lib/python3.12/site-packages/airflow/models/dagbag.py", line 383, in parse
    loader.exec_module(new_module)
  File "<frozen importlib._bootstrap_external>", line 999, in exec_module
  File "<frozen importlib._bootstrap>", line 488, in _call_with_frames_removed
  File "/opt/airflow/dags/bash_python.py", line 4, in <module>
    from airflow.operator.bash import BashOperator
ModuleNotFoundError: No module named 'airflow.operator'
[2026-08-04T09:34:49.780+0000] {processor.py:927} WARNING - No viable dags retrieved from /opt/airflow/dags/bash_python.py
[2026-08-04T09:34:49.812+0000] {processor.py:208} INFO - Processing /opt/airflow/dags/bash_python.py took 0.063 seconds
[2026-08-04T09:35:19.996+0000] {processor.py:186} INFO - Started process (PID=470) to work on /opt/airflow/dags/bash_python.py
[2026-08-04T09:35:19.998+0000] {processor.py:914} INFO - Processing file /opt/airflow/dags/bash_python.py for tasks to queue
[2026-08-04T09:35:20.001+0000] {logging_mixin.py:190} INFO - [2026-08-04T09:35:20.001+0000] {dagbag.py:588} INFO - Filling up the DagBag from /opt/airflow/dags/bash_python.py
[2026-08-04T09:35:20.020+0000] {logging_mixin.py:190} INFO - [2026-08-04T09:35:20.015+0000] {dagbag.py:387} ERROR - Failed to import: /opt/airflow/dags/bash_python.py
Traceback (most recent call last):
  File "/home/airflow/.local/lib/python3.12/site-packages/airflow/models/dagbag.py", line 383, in parse
    loader.exec_module(new_module)
  File "<frozen importlib._bootstrap_external>", line 999, in exec_module
  File "<frozen importlib._bootstrap>", line 488, in _call_with_frames_removed
  File "/opt/airflow/dags/bash_python.py", line 4, in <module>
    from airflow.operator.bash import BashOperator
ModuleNotFoundError: No module named 'airflow.operator'
[2026-08-04T09:35:20.022+0000] {processor.py:927} WARNING - No viable dags retrieved from /opt/airflow/dags/bash_python.py
[2026-08-04T09:35:20.049+0000] {processor.py:208} INFO - Processing /opt/airflow/dags/bash_python.py took 0.061 seconds
[2026-08-04T09:35:50.258+0000] {processor.py:186} INFO - Started process (PID=475) to work on /opt/airflow/dags/bash_python.py
[2026-08-04T09:35:50.260+0000] {processor.py:914} INFO - Processing file /opt/airflow/dags/bash_python.py for tasks to queue
[2026-08-04T09:35:50.263+0000] {logging_mixin.py:190} INFO - [2026-08-04T09:35:50.263+0000] {dagbag.py:588} INFO - Filling up the DagBag from /opt/airflow/dags/bash_python.py
[2026-08-04T09:35:50.281+0000] {logging_mixin.py:190} INFO - [2026-08-04T09:35:50.276+0000] {dagbag.py:387} ERROR - Failed to import: /opt/airflow/dags/bash_python.py
Traceback (most recent call last):
  File "/home/airflow/.local/lib/python3.12/site-packages/airflow/models/dagbag.py", line 383, in parse
    loader.exec_module(new_module)
  File "<frozen importlib._bootstrap_external>", line 999, in exec_module
  File "<frozen importlib._bootstrap>", line 488, in _call_with_frames_removed
  File "/opt/airflow/dags/bash_python.py", line 4, in <module>
    from airflow.operator.bash import BashOperator
ModuleNotFoundError: No module named 'airflow.operator'
[2026-08-04T09:35:50.283+0000] {processor.py:927} WARNING - No viable dags retrieved from /opt/airflow/dags/bash_python.py
[2026-08-04T09:35:50.316+0000] {processor.py:208} INFO - Processing /opt/airflow/dags/bash_python.py took 0.067 seconds
[2026-08-04T09:36:20.569+0000] {processor.py:186} INFO - Started process (PID=480) to work on /opt/airflow/dags/bash_python.py
[2026-08-04T09:36:20.571+0000] {processor.py:914} INFO - Processing file /opt/airflow/dags/bash_python.py for tasks to queue
[2026-08-04T09:36:20.576+0000] {logging_mixin.py:190} INFO - [2026-08-04T09:36:20.575+0000] {dagbag.py:588} INFO - Filling up the DagBag from /opt/airflow/dags/bash_python.py
[2026-08-04T09:36:20.596+0000] {logging_mixin.py:190} INFO - [2026-08-04T09:36:20.591+0000] {dagbag.py:387} ERROR - Failed to import: /opt/airflow/dags/bash_python.py
Traceback (most recent call last):
  File "/home/airflow/.local/lib/python3.12/site-packages/airflow/models/dagbag.py", line 383, in parse
    loader.exec_module(new_module)
  File "<frozen importlib._bootstrap_external>", line 999, in exec_module
  File "<frozen importlib._bootstrap>", line 488, in _call_with_frames_removed
  File "/opt/airflow/dags/bash_python.py", line 4, in <module>
    from airflow.operator.bash import BashOperator
ModuleNotFoundError: No module named 'airflow.operator'
[2026-08-04T09:36:20.598+0000] {processor.py:927} WARNING - No viable dags retrieved from /opt/airflow/dags/bash_python.py
[2026-08-04T09:36:20.651+0000] {processor.py:208} INFO - Processing /opt/airflow/dags/bash_python.py took 0.091 seconds
[2026-08-04T09:36:50.825+0000] {processor.py:186} INFO - Started process (PID=485) to work on /opt/airflow/dags/bash_python.py
[2026-08-04T09:36:50.827+0000] {processor.py:914} INFO - Processing file /opt/airflow/dags/bash_python.py for tasks to queue
[2026-08-04T09:36:50.830+0000] {logging_mixin.py:190} INFO - [2026-08-04T09:36:50.830+0000] {dagbag.py:588} INFO - Filling up the DagBag from /opt/airflow/dags/bash_python.py
[2026-08-04T09:36:50.849+0000] {logging_mixin.py:190} INFO - [2026-08-04T09:36:50.844+0000] {dagbag.py:387} ERROR - Failed to import: /opt/airflow/dags/bash_python.py
Traceback (most recent call last):
  File "/home/airflow/.local/lib/python3.12/site-packages/airflow/models/dagbag.py", line 383, in parse
    loader.exec_module(new_module)
  File "<frozen importlib._bootstrap_external>", line 999, in exec_module
  File "<frozen importlib._bootstrap>", line 488, in _call_with_frames_removed
  File "/opt/airflow/dags/bash_python.py", line 4, in <module>
    from airflow.operator.bash import BashOperator
ModuleNotFoundError: No module named 'airflow.operator'
[2026-08-04T09:36:50.851+0000] {processor.py:927} WARNING - No viable dags retrieved from /opt/airflow/dags/bash_python.py
[2026-08-04T09:36:50.882+0000] {processor.py:208} INFO - Processing /opt/airflow/dags/bash_python.py took 0.065 seconds
[2026-08-04T09:37:21.136+0000] {processor.py:186} INFO - Started process (PID=490) to work on /opt/airflow/dags/bash_python.py
[2026-08-04T09:37:21.138+0000] {processor.py:914} INFO - Processing file /opt/airflow/dags/bash_python.py for tasks to queue
[2026-08-04T09:37:21.140+0000] {logging_mixin.py:190} INFO - [2026-08-04T09:37:21.140+0000] {dagbag.py:588} INFO - Filling up the DagBag from /opt/airflow/dags/bash_python.py
[2026-08-04T09:37:21.156+0000] {logging_mixin.py:190} INFO - [2026-08-04T09:37:21.152+0000] {dagbag.py:387} ERROR - Failed to import: /opt/airflow/dags/bash_python.py
Traceback (most recent call last):
  File "/home/airflow/.local/lib/python3.12/site-packages/airflow/models/dagbag.py", line 383, in parse
    loader.exec_module(new_module)
  File "<frozen importlib._bootstrap_external>", line 999, in exec_module
  File "<frozen importlib._bootstrap>", line 488, in _call_with_frames_removed
  File "/opt/airflow/dags/bash_python.py", line 4, in <module>
    from airflow.operator.bash import BashOperator
ModuleNotFoundError: No module named 'airflow.operator'
[2026-08-04T09:37:21.157+0000] {processor.py:927} WARNING - No viable dags retrieved from /opt/airflow/dags/bash_python.py
[2026-08-04T09:37:21.179+0000] {processor.py:208} INFO - Processing /opt/airflow/dags/bash_python.py took 0.047 seconds
[2026-08-04T09:37:51.397+0000] {processor.py:186} INFO - Started process (PID=495) to work on /opt/airflow/dags/bash_python.py
[2026-08-04T09:37:51.399+0000] {processor.py:914} INFO - Processing file /opt/airflow/dags/bash_python.py for tasks to queue
[2026-08-04T09:37:51.403+0000] {logging_mixin.py:190} INFO - [2026-08-04T09:37:51.403+0000] {dagbag.py:588} INFO - Filling up the DagBag from /opt/airflow/dags/bash_python.py
[2026-08-04T09:37:51.422+0000] {logging_mixin.py:190} INFO - [2026-08-04T09:37:51.418+0000] {dagbag.py:387} ERROR - Failed to import: /opt/airflow/dags/bash_python.py
Traceback (most recent call last):
  File "/home/airflow/.local/lib/python3.12/site-packages/airflow/models/dagbag.py", line 383, in parse
    loader.exec_module(new_module)
  File "<frozen importlib._bootstrap_external>", line 999, in exec_module
  File "<frozen importlib._bootstrap>", line 488, in _call_with_frames_removed
  File "/opt/airflow/dags/bash_python.py", line 4, in <module>
    from airflow.operator.bash import BashOperator
ModuleNotFoundError: No module named 'airflow.operator'
[2026-08-04T09:37:51.424+0000] {processor.py:927} WARNING - No viable dags retrieved from /opt/airflow/dags/bash_python.py
[2026-08-04T09:37:51.455+0000] {processor.py:208} INFO - Processing /opt/airflow/dags/bash_python.py took 0.064 seconds
[2026-08-04T09:38:21.627+0000] {processor.py:186} INFO - Started process (PID=500) to work on /opt/airflow/dags/bash_python.py
[2026-08-04T09:38:21.629+0000] {processor.py:914} INFO - Processing file /opt/airflow/dags/bash_python.py for tasks to queue
[2026-08-04T09:38:21.632+0000] {logging_mixin.py:190} INFO - [2026-08-04T09:38:21.631+0000] {dagbag.py:588} INFO - Filling up the DagBag from /opt/airflow/dags/bash_python.py
[2026-08-04T09:38:21.647+0000] {logging_mixin.py:190} INFO - [2026-08-04T09:38:21.644+0000] {dagbag.py:387} ERROR - Failed to import: /opt/airflow/dags/bash_python.py
Traceback (most recent call last):
  File "/home/airflow/.local/lib/python3.12/site-packages/airflow/models/dagbag.py", line 383, in parse
    loader.exec_module(new_module)
  File "<frozen importlib._bootstrap_external>", line 999, in exec_module
  File "<frozen importlib._bootstrap>", line 488, in _call_with_frames_removed
  File "/opt/airflow/dags/bash_python.py", line 4, in <module>
    from airflow.operator.bash import BashOperator
ModuleNotFoundError: No module named 'airflow.operator'
[2026-08-04T09:38:21.649+0000] {processor.py:927} WARNING - No viable dags retrieved from /opt/airflow/dags/bash_python.py
[2026-08-04T09:38:21.674+0000] {processor.py:208} INFO - Processing /opt/airflow/dags/bash_python.py took 0.052 seconds
[2026-08-04T09:38:51.895+0000] {processor.py:186} INFO - Started process (PID=505) to work on /opt/airflow/dags/bash_python.py
[2026-08-04T09:38:51.897+0000] {processor.py:914} INFO - Processing file /opt/airflow/dags/bash_python.py for tasks to queue
[2026-08-04T09:38:51.899+0000] {logging_mixin.py:190} INFO - [2026-08-04T09:38:51.899+0000] {dagbag.py:588} INFO - Filling up the DagBag from /opt/airflow/dags/bash_python.py
[2026-08-04T09:38:51.916+0000] {logging_mixin.py:190} INFO - [2026-08-04T09:38:51.912+0000] {dagbag.py:387} ERROR - Failed to import: /opt/airflow/dags/bash_python.py
Traceback (most recent call last):
  File "/home/airflow/.local/lib/python3.12/site-packages/airflow/models/dagbag.py", line 383, in parse
    loader.exec_module(new_module)
  File "<frozen importlib._bootstrap_external>", line 999, in exec_module
  File "<frozen importlib._bootstrap>", line 488, in _call_with_frames_removed
  File "/opt/airflow/dags/bash_python.py", line 4, in <module>
    from airflow.operator.bash import BashOperator
ModuleNotFoundError: No module named 'airflow.operator'
[2026-08-04T09:38:51.917+0000] {processor.py:927} WARNING - No viable dags retrieved from /opt/airflow/dags/bash_python.py
[2026-08-04T09:38:51.941+0000] {processor.py:208} INFO - Processing /opt/airflow/dags/bash_python.py took 0.050 seconds
[2026-08-04T09:39:22.189+0000] {processor.py:186} INFO - Started process (PID=510) to work on /opt/airflow/dags/bash_python.py
[2026-08-04T09:39:22.204+0000] {processor.py:914} INFO - Processing file /opt/airflow/dags/bash_python.py for tasks to queue
[2026-08-04T09:39:22.206+0000] {logging_mixin.py:190} INFO - [2026-08-04T09:39:22.206+0000] {dagbag.py:588} INFO - Filling up the DagBag from /opt/airflow/dags/bash_python.py
[2026-08-04T09:39:22.221+0000] {logging_mixin.py:190} INFO - [2026-08-04T09:39:22.217+0000] {dagbag.py:387} ERROR - Failed to import: /opt/airflow/dags/bash_python.py
Traceback (most recent call last):
  File "/home/airflow/.local/lib/python3.12/site-packages/airflow/models/dagbag.py", line 383, in parse
    loader.exec_module(new_module)
  File "<frozen importlib._bootstrap_external>", line 999, in exec_module
  File "<frozen importlib._bootstrap>", line 488, in _call_with_frames_removed
  File "/opt/airflow/dags/bash_python.py", line 4, in <module>
    from airflow.operator.bash import BashOperator
ModuleNotFoundError: No module named 'airflow.operator'
[2026-08-04T09:39:22.222+0000] {processor.py:927} WARNING - No viable dags retrieved from /opt/airflow/dags/bash_python.py
[2026-08-04T09:39:22.243+0000] {processor.py:208} INFO - Processing /opt/airflow/dags/bash_python.py took 0.071 seconds
[2026-08-04T09:39:52.400+0000] {processor.py:186} INFO - Started process (PID=515) to work on /opt/airflow/dags/bash_python.py
[2026-08-04T09:39:52.401+0000] {processor.py:914} INFO - Processing file /opt/airflow/dags/bash_python.py for tasks to queue
[2026-08-04T09:39:52.404+0000] {logging_mixin.py:190} INFO - [2026-08-04T09:39:52.404+0000] {dagbag.py:588} INFO - Filling up the DagBag from /opt/airflow/dags/bash_python.py
[2026-08-04T09:39:52.419+0000] {logging_mixin.py:190} INFO - [2026-08-04T09:39:52.415+0000] {dagbag.py:387} ERROR - Failed to import: /opt/airflow/dags/bash_python.py
Traceback (most recent call last):
  File "/home/airflow/.local/lib/python3.12/site-packages/airflow/models/dagbag.py", line 383, in parse
    loader.exec_module(new_module)
  File "<frozen importlib._bootstrap_external>", line 999, in exec_module
  File "<frozen importlib._bootstrap>", line 488, in _call_with_frames_removed
  File "/opt/airflow/dags/bash_python.py", line 4, in <module>
    from airflow.operator.bash import BashOperator
ModuleNotFoundError: No module named 'airflow.operator'
[2026-08-04T09:39:52.420+0000] {processor.py:927} WARNING - No viable dags retrieved from /opt/airflow/dags/bash_python.py
[2026-08-04T09:39:52.468+0000] {processor.py:208} INFO - Processing /opt/airflow/dags/bash_python.py took 0.073 seconds
[2026-08-04T09:40:22.674+0000] {processor.py:186} INFO - Started process (PID=520) to work on /opt/airflow/dags/bash_python.py
[2026-08-04T09:40:22.676+0000] {processor.py:914} INFO - Processing file /opt/airflow/dags/bash_python.py for tasks to queue
[2026-08-04T09:40:22.679+0000] {logging_mixin.py:190} INFO - [2026-08-04T09:40:22.678+0000] {dagbag.py:588} INFO - Filling up the DagBag from /opt/airflow/dags/bash_python.py
[2026-08-04T09:40:22.692+0000] {logging_mixin.py:190} INFO - [2026-08-04T09:40:22.689+0000] {dagbag.py:387} ERROR - Failed to import: /opt/airflow/dags/bash_python.py
Traceback (most recent call last):
  File "/home/airflow/.local/lib/python3.12/site-packages/airflow/models/dagbag.py", line 383, in parse
    loader.exec_module(new_module)
  File "<frozen importlib._bootstrap_external>", line 999, in exec_module
  File "<frozen importlib._bootstrap>", line 488, in _call_with_frames_removed
  File "/opt/airflow/dags/bash_python.py", line 4, in <module>
    from airflow.operator.bash import BashOperator
ModuleNotFoundError: No module named 'airflow.operator'
[2026-08-04T09:40:22.694+0000] {processor.py:927} WARNING - No viable dags retrieved from /opt/airflow/dags/bash_python.py
[2026-08-04T09:40:22.738+0000] {processor.py:208} INFO - Processing /opt/airflow/dags/bash_python.py took 0.070 seconds
[2026-08-04T09:40:52.895+0000] {processor.py:186} INFO - Started process (PID=525) to work on /opt/airflow/dags/bash_python.py
[2026-08-04T09:40:52.897+0000] {processor.py:914} INFO - Processing file /opt/airflow/dags/bash_python.py for tasks to queue
[2026-08-04T09:40:52.899+0000] {logging_mixin.py:190} INFO - [2026-08-04T09:40:52.899+0000] {dagbag.py:588} INFO - Filling up the DagBag from /opt/airflow/dags/bash_python.py
[2026-08-04T09:40:52.916+0000] {logging_mixin.py:190} INFO - [2026-08-04T09:40:52.911+0000] {dagbag.py:387} ERROR - Failed to import: /opt/airflow/dags/bash_python.py
Traceback (most recent call last):
  File "/home/airflow/.local/lib/python3.12/site-packages/airflow/models/dagbag.py", line 383, in parse
    loader.exec_module(new_module)
  File "<frozen importlib._bootstrap_external>", line 999, in exec_module
  File "<frozen importlib._bootstrap>", line 488, in _call_with_frames_removed
  File "/opt/airflow/dags/bash_python.py", line 4, in <module>
    from airflow.operator.bash import BashOperator
ModuleNotFoundError: No module named 'airflow.operator'
[2026-08-04T09:40:52.917+0000] {processor.py:927} WARNING - No viable dags retrieved from /opt/airflow/dags/bash_python.py
[2026-08-04T09:40:52.937+0000] {processor.py:208} INFO - Processing /opt/airflow/dags/bash_python.py took 0.050 seconds
[2026-08-04T09:41:23.135+0000] {processor.py:186} INFO - Started process (PID=530) to work on /opt/airflow/dags/bash_python.py
[2026-08-04T09:41:23.137+0000] {processor.py:914} INFO - Processing file /opt/airflow/dags/bash_python.py for tasks to queue
[2026-08-04T09:41:23.139+0000] {logging_mixin.py:190} INFO - [2026-08-04T09:41:23.139+0000] {dagbag.py:588} INFO - Filling up the DagBag from /opt/airflow/dags/bash_python.py
[2026-08-04T09:41:23.175+0000] {logging_mixin.py:190} INFO - [2026-08-04T09:41:23.171+0000] {dagbag.py:387} ERROR - Failed to import: /opt/airflow/dags/bash_python.py
Traceback (most recent call last):
  File "/home/airflow/.local/lib/python3.12/site-packages/airflow/models/dagbag.py", line 383, in parse
    loader.exec_module(new_module)
  File "<frozen importlib._bootstrap_external>", line 999, in exec_module
  File "<frozen importlib._bootstrap>", line 488, in _call_with_frames_removed
  File "/opt/airflow/dags/bash_python.py", line 4, in <module>
    from airflow.operator.bash import BashOperator
ModuleNotFoundError: No module named 'airflow.operator'
[2026-08-04T09:41:23.176+0000] {processor.py:927} WARNING - No viable dags retrieved from /opt/airflow/dags/bash_python.py
[2026-08-04T09:41:23.198+0000] {processor.py:208} INFO - Processing /opt/airflow/dags/bash_python.py took 0.067 seconds
[2026-08-04T09:41:53.369+0000] {processor.py:186} INFO - Started process (PID=535) to work on /opt/airflow/dags/bash_python.py
[2026-08-04T09:41:53.370+0000] {processor.py:914} INFO - Processing file /opt/airflow/dags/bash_python.py for tasks to queue
[2026-08-04T09:41:53.374+0000] {logging_mixin.py:190} INFO - [2026-08-04T09:41:53.373+0000] {dagbag.py:588} INFO - Filling up the DagBag from /opt/airflow/dags/bash_python.py
[2026-08-04T09:41:53.391+0000] {logging_mixin.py:190} INFO - [2026-08-04T09:41:53.387+0000] {dagbag.py:387} ERROR - Failed to import: /opt/airflow/dags/bash_python.py
Traceback (most recent call last):
  File "/home/airflow/.local/lib/python3.12/site-packages/airflow/models/dagbag.py", line 383, in parse
    loader.exec_module(new_module)
  File "<frozen importlib._bootstrap_external>", line 999, in exec_module
  File "<frozen importlib._bootstrap>", line 488, in _call_with_frames_removed
  File "/opt/airflow/dags/bash_python.py", line 4, in <module>
    from airflow.operator.bash import BashOperator
ModuleNotFoundError: No module named 'airflow.operator'
[2026-08-04T09:41:53.392+0000] {processor.py:927} WARNING - No viable dags retrieved from /opt/airflow/dags/bash_python.py
[2026-08-04T09:41:53.413+0000] {processor.py:208} INFO - Processing /opt/airflow/dags/bash_python.py took 0.049 seconds
[2026-08-04T09:42:23.638+0000] {processor.py:186} INFO - Started process (PID=540) to work on /opt/airflow/dags/bash_python.py
[2026-08-04T09:42:23.639+0000] {processor.py:914} INFO - Processing file /opt/airflow/dags/bash_python.py for tasks to queue
[2026-08-04T09:42:23.643+0000] {logging_mixin.py:190} INFO - [2026-08-04T09:42:23.642+0000] {dagbag.py:588} INFO - Filling up the DagBag from /opt/airflow/dags/bash_python.py
[2026-08-04T09:42:23.660+0000] {logging_mixin.py:190} INFO - [2026-08-04T09:42:23.656+0000] {dagbag.py:387} ERROR - Failed to import: /opt/airflow/dags/bash_python.py
Traceback (most recent call last):
  File "/home/airflow/.local/lib/python3.12/site-packages/airflow/models/dagbag.py", line 383, in parse
    loader.exec_module(new_module)
  File "<frozen importlib._bootstrap_external>", line 999, in exec_module
  File "<frozen importlib._bootstrap>", line 488, in _call_with_frames_removed
  File "/opt/airflow/dags/bash_python.py", line 4, in <module>
    from airflow.operator.bash import BashOperator
ModuleNotFoundError: No module named 'airflow.operator'
[2026-08-04T09:42:23.661+0000] {processor.py:927} WARNING - No viable dags retrieved from /opt/airflow/dags/bash_python.py
[2026-08-04T09:42:23.709+0000] {processor.py:208} INFO - Processing /opt/airflow/dags/bash_python.py took 0.078 seconds
[2026-08-04T09:42:53.900+0000] {processor.py:186} INFO - Started process (PID=545) to work on /opt/airflow/dags/bash_python.py
[2026-08-04T09:42:53.902+0000] {processor.py:914} INFO - Processing file /opt/airflow/dags/bash_python.py for tasks to queue
[2026-08-04T09:42:53.905+0000] {logging_mixin.py:190} INFO - [2026-08-04T09:42:53.905+0000] {dagbag.py:588} INFO - Filling up the DagBag from /opt/airflow/dags/bash_python.py
[2026-08-04T09:42:53.921+0000] {logging_mixin.py:190} INFO - [2026-08-04T09:42:53.917+0000] {dagbag.py:387} ERROR - Failed to import: /opt/airflow/dags/bash_python.py
Traceback (most recent call last):
  File "/home/airflow/.local/lib/python3.12/site-packages/airflow/models/dagbag.py", line 383, in parse
    loader.exec_module(new_module)
  File "<frozen importlib._bootstrap_external>", line 999, in exec_module
  File "<frozen importlib._bootstrap>", line 488, in _call_with_frames_removed
  File "/opt/airflow/dags/bash_python.py", line 4, in <module>
    from airflow.operator.bash import BashOperator
ModuleNotFoundError: No module named 'airflow.operator'
[2026-08-04T09:42:53.923+0000] {processor.py:927} WARNING - No viable dags retrieved from /opt/airflow/dags/bash_python.py
[2026-08-04T09:42:53.956+0000] {processor.py:208} INFO - Processing /opt/airflow/dags/bash_python.py took 0.066 seconds
[2026-08-04T09:43:24.217+0000] {processor.py:186} INFO - Started process (PID=550) to work on /opt/airflow/dags/bash_python.py
[2026-08-04T09:43:24.219+0000] {processor.py:914} INFO - Processing file /opt/airflow/dags/bash_python.py for tasks to queue
[2026-08-04T09:43:24.223+0000] {logging_mixin.py:190} INFO - [2026-08-04T09:43:24.223+0000] {dagbag.py:588} INFO - Filling up the DagBag from /opt/airflow/dags/bash_python.py
[2026-08-04T09:43:24.241+0000] {logging_mixin.py:190} INFO - [2026-08-04T09:43:24.237+0000] {dagbag.py:387} ERROR - Failed to import: /opt/airflow/dags/bash_python.py
Traceback (most recent call last):
  File "/home/airflow/.local/lib/python3.12/site-packages/airflow/models/dagbag.py", line 383, in parse
    loader.exec_module(new_module)
  File "<frozen importlib._bootstrap_external>", line 999, in exec_module
  File "<frozen importlib._bootstrap>", line 488, in _call_with_frames_removed
  File "/opt/airflow/dags/bash_python.py", line 4, in <module>
    from airflow.operator.bash import BashOperator
ModuleNotFoundError: No module named 'airflow.operator'
[2026-08-04T09:43:24.243+0000] {processor.py:927} WARNING - No viable dags retrieved from /opt/airflow/dags/bash_python.py
[2026-08-04T09:43:24.293+0000] {processor.py:208} INFO - Processing /opt/airflow/dags/bash_python.py took 0.087 seconds
[2026-08-04T09:43:54.446+0000] {processor.py:186} INFO - Started process (PID=555) to work on /opt/airflow/dags/bash_python.py
[2026-08-04T09:43:54.448+0000] {processor.py:914} INFO - Processing file /opt/airflow/dags/bash_python.py for tasks to queue
[2026-08-04T09:43:54.451+0000] {logging_mixin.py:190} INFO - [2026-08-04T09:43:54.450+0000] {dagbag.py:588} INFO - Filling up the DagBag from /opt/airflow/dags/bash_python.py
[2026-08-04T09:43:54.473+0000] {logging_mixin.py:190} INFO - [2026-08-04T09:43:54.466+0000] {dagbag.py:387} ERROR - Failed to import: /opt/airflow/dags/bash_python.py
Traceback (most recent call last):
  File "/home/airflow/.local/lib/python3.12/site-packages/airflow/models/dagbag.py", line 383, in parse
    loader.exec_module(new_module)
  File "<frozen importlib._bootstrap_external>", line 999, in exec_module
  File "<frozen importlib._bootstrap>", line 488, in _call_with_frames_removed
  File "/opt/airflow/dags/bash_python.py", line 4, in <module>
    from airflow.operator.bash import BashOperator
ModuleNotFoundError: No module named 'airflow.operator'
[2026-08-04T09:43:54.475+0000] {processor.py:927} WARNING - No viable dags retrieved from /opt/airflow/dags/bash_python.py
[2026-08-04T09:43:54.512+0000] {processor.py:208} INFO - Processing /opt/airflow/dags/bash_python.py took 0.073 seconds
[2026-08-04T09:44:24.787+0000] {processor.py:186} INFO - Started process (PID=560) to work on /opt/airflow/dags/bash_python.py
[2026-08-04T09:44:24.789+0000] {processor.py:914} INFO - Processing file /opt/airflow/dags/bash_python.py for tasks to queue
[2026-08-04T09:44:24.791+0000] {logging_mixin.py:190} INFO - [2026-08-04T09:44:24.791+0000] {dagbag.py:588} INFO - Filling up the DagBag from /opt/airflow/dags/bash_python.py
[2026-08-04T09:44:24.806+0000] {logging_mixin.py:190} INFO - [2026-08-04T09:44:24.802+0000] {dagbag.py:387} ERROR - Failed to import: /opt/airflow/dags/bash_python.py
Traceback (most recent call last):
  File "/home/airflow/.local/lib/python3.12/site-packages/airflow/models/dagbag.py", line 383, in parse
    loader.exec_module(new_module)
  File "<frozen importlib._bootstrap_external>", line 999, in exec_module
  File "<frozen importlib._bootstrap>", line 488, in _call_with_frames_removed
  File "/opt/airflow/dags/bash_python.py", line 4, in <module>
    from airflow.operator.bash import BashOperator
ModuleNotFoundError: No module named 'airflow.operator'
[2026-08-04T09:44:24.807+0000] {processor.py:927} WARNING - No viable dags retrieved from /opt/airflow/dags/bash_python.py
[2026-08-04T09:44:24.827+0000] {processor.py:208} INFO - Processing /opt/airflow/dags/bash_python.py took 0.046 seconds
[2026-08-04T09:44:55.062+0000] {processor.py:186} INFO - Started process (PID=565) to work on /opt/airflow/dags/bash_python.py
[2026-08-04T09:44:55.064+0000] {processor.py:914} INFO - Processing file /opt/airflow/dags/bash_python.py for tasks to queue
[2026-08-04T09:44:55.066+0000] {logging_mixin.py:190} INFO - [2026-08-04T09:44:55.066+0000] {dagbag.py:588} INFO - Filling up the DagBag from /opt/airflow/dags/bash_python.py
[2026-08-04T09:44:55.083+0000] {logging_mixin.py:190} INFO - [2026-08-04T09:44:55.079+0000] {dagbag.py:387} ERROR - Failed to import: /opt/airflow/dags/bash_python.py
Traceback (most recent call last):
  File "/home/airflow/.local/lib/python3.12/site-packages/airflow/models/dagbag.py", line 383, in parse
    loader.exec_module(new_module)
  File "<frozen importlib._bootstrap_external>", line 999, in exec_module
  File "<frozen importlib._bootstrap>", line 488, in _call_with_frames_removed
  File "/opt/airflow/dags/bash_python.py", line 4, in <module>
    from airflow.operator.bash import BashOperator
ModuleNotFoundError: No module named 'airflow.operator'
[2026-08-04T09:44:55.085+0000] {processor.py:927} WARNING - No viable dags retrieved from /opt/airflow/dags/bash_python.py
[2026-08-04T09:44:55.112+0000] {processor.py:208} INFO - Processing /opt/airflow/dags/bash_python.py took 0.056 seconds
[2026-08-04T09:45:25.315+0000] {processor.py:186} INFO - Started process (PID=570) to work on /opt/airflow/dags/bash_python.py
[2026-08-04T09:45:25.316+0000] {processor.py:914} INFO - Processing file /opt/airflow/dags/bash_python.py for tasks to queue
[2026-08-04T09:45:25.320+0000] {logging_mixin.py:190} INFO - [2026-08-04T09:45:25.320+0000] {dagbag.py:588} INFO - Filling up the DagBag from /opt/airflow/dags/bash_python.py
[2026-08-04T09:45:25.338+0000] {logging_mixin.py:190} INFO - [2026-08-04T09:45:25.333+0000] {dagbag.py:387} ERROR - Failed to import: /opt/airflow/dags/bash_python.py
Traceback (most recent call last):
  File "/home/airflow/.local/lib/python3.12/site-packages/airflow/models/dagbag.py", line 383, in parse
    loader.exec_module(new_module)
  File "<frozen importlib._bootstrap_external>", line 999, in exec_module
  File "<frozen importlib._bootstrap>", line 488, in _call_with_frames_removed
  File "/opt/airflow/dags/bash_python.py", line 4, in <module>
    from airflow.operator.bash import BashOperator
ModuleNotFoundError: No module named 'airflow.operator'
[2026-08-04T09:45:25.339+0000] {processor.py:927} WARNING - No viable dags retrieved from /opt/airflow/dags/bash_python.py
[2026-08-04T09:45:25.360+0000] {processor.py:208} INFO - Processing /opt/airflow/dags/bash_python.py took 0.077 seconds
[2026-08-04T09:45:55.538+0000] {processor.py:186} INFO - Started process (PID=575) to work on /opt/airflow/dags/bash_python.py
[2026-08-04T09:45:55.539+0000] {processor.py:914} INFO - Processing file /opt/airflow/dags/bash_python.py for tasks to queue
[2026-08-04T09:45:55.542+0000] {logging_mixin.py:190} INFO - [2026-08-04T09:45:55.542+0000] {dagbag.py:588} INFO - Filling up the DagBag from /opt/airflow/dags/bash_python.py
[2026-08-04T09:45:55.556+0000] {logging_mixin.py:190} INFO - [2026-08-04T09:45:55.553+0000] {dagbag.py:387} ERROR - Failed to import: /opt/airflow/dags/bash_python.py
Traceback (most recent call last):
  File "/home/airflow/.local/lib/python3.12/site-packages/airflow/models/dagbag.py", line 383, in parse
    loader.exec_module(new_module)
  File "<frozen importlib._bootstrap_external>", line 999, in exec_module
  File "<frozen importlib._bootstrap>", line 488, in _call_with_frames_removed
  File "/opt/airflow/dags/bash_python.py", line 4, in <module>
    from airflow.operator.bash import BashOperator
ModuleNotFoundError: No module named 'airflow.operator'
[2026-08-04T09:45:55.557+0000] {processor.py:927} WARNING - No viable dags retrieved from /opt/airflow/dags/bash_python.py
[2026-08-04T09:45:55.600+0000] {processor.py:208} INFO - Processing /opt/airflow/dags/bash_python.py took 0.066 seconds
[2026-08-04T09:46:25.784+0000] {processor.py:186} INFO - Started process (PID=580) to work on /opt/airflow/dags/bash_python.py
[2026-08-04T09:46:25.787+0000] {processor.py:914} INFO - Processing file /opt/airflow/dags/bash_python.py for tasks to queue
[2026-08-04T09:46:25.792+0000] {logging_mixin.py:190} INFO - [2026-08-04T09:46:25.791+0000] {dagbag.py:588} INFO - Filling up the DagBag from /opt/airflow/dags/bash_python.py
[2026-08-04T09:46:25.809+0000] {logging_mixin.py:190} INFO - [2026-08-04T09:46:25.805+0000] {dagbag.py:387} ERROR - Failed to import: /opt/airflow/dags/bash_python.py
Traceback (most recent call last):
  File "/home/airflow/.local/lib/python3.12/site-packages/airflow/models/dagbag.py", line 383, in parse
    loader.exec_module(new_module)
  File "<frozen importlib._bootstrap_external>", line 999, in exec_module
  File "<frozen importlib._bootstrap>", line 488, in _call_with_frames_removed
  File "/opt/airflow/dags/bash_python.py", line 4, in <module>
    from airflow.operator.bash import BashOperator
ModuleNotFoundError: No module named 'airflow.operator'
[2026-08-04T09:46:25.811+0000] {processor.py:927} WARNING - No viable dags retrieved from /opt/airflow/dags/bash_python.py
[2026-08-04T09:46:25.855+0000] {processor.py:208} INFO - Processing /opt/airflow/dags/bash_python.py took 0.080 seconds
[2026-08-04T09:46:56.031+0000] {processor.py:186} INFO - Started process (PID=585) to work on /opt/airflow/dags/bash_python.py
[2026-08-04T09:46:56.033+0000] {processor.py:914} INFO - Processing file /opt/airflow/dags/bash_python.py for tasks to queue
[2026-08-04T09:46:56.038+0000] {logging_mixin.py:190} INFO - [2026-08-04T09:46:56.038+0000] {dagbag.py:588} INFO - Filling up the DagBag from /opt/airflow/dags/bash_python.py
[2026-08-04T09:46:56.057+0000] {logging_mixin.py:190} INFO - [2026-08-04T09:46:56.053+0000] {dagbag.py:387} ERROR - Failed to import: /opt/airflow/dags/bash_python.py
Traceback (most recent call last):
  File "/home/airflow/.local/lib/python3.12/site-packages/airflow/models/dagbag.py", line 383, in parse
    loader.exec_module(new_module)
  File "<frozen importlib._bootstrap_external>", line 999, in exec_module
  File "<frozen importlib._bootstrap>", line 488, in _call_with_frames_removed
  File "/opt/airflow/dags/bash_python.py", line 4, in <module>
    from airflow.operator.bash import BashOperator
ModuleNotFoundError: No module named 'airflow.operator'
[2026-08-04T09:46:56.059+0000] {processor.py:927} WARNING - No viable dags retrieved from /opt/airflow/dags/bash_python.py
[2026-08-04T09:46:56.089+0000] {processor.py:208} INFO - Processing /opt/airflow/dags/bash_python.py took 0.067 seconds
[2026-08-04T11:52:43.135+0000] {processor.py:186} INFO - Started process (PID=590) to work on /opt/airflow/dags/bash_python.py
[2026-08-04T11:52:43.137+0000] {processor.py:914} INFO - Processing file /opt/airflow/dags/bash_python.py for tasks to queue
[2026-08-04T11:52:43.144+0000] {logging_mixin.py:190} INFO - [2026-08-04T11:52:43.142+0000] {dagbag.py:588} INFO - Filling up the DagBag from /opt/airflow/dags/bash_python.py
[2026-08-04T11:52:43.171+0000] {logging_mixin.py:190} INFO - [2026-08-04T11:52:43.165+0000] {dagbag.py:387} ERROR - Failed to import: /opt/airflow/dags/bash_python.py
Traceback (most recent call last):
  File "/home/airflow/.local/lib/python3.12/site-packages/airflow/models/dagbag.py", line 383, in parse
    loader.exec_module(new_module)
  File "<frozen importlib._bootstrap_external>", line 999, in exec_module
  File "<frozen importlib._bootstrap>", line 488, in _call_with_frames_removed
  File "/opt/airflow/dags/bash_python.py", line 4, in <module>
    from airflow.operator.bash import BashOperator
ModuleNotFoundError: No module named 'airflow.operator'
[2026-08-04T11:52:43.174+0000] {processor.py:927} WARNING - No viable dags retrieved from /opt/airflow/dags/bash_python.py
[2026-08-04T11:52:43.232+0000] {processor.py:208} INFO - Processing /opt/airflow/dags/bash_python.py took 0.107 seconds
[2026-08-04T11:53:13.339+0000] {processor.py:186} INFO - Started process (PID=595) to work on /opt/airflow/dags/bash_python.py
[2026-08-04T11:53:13.340+0000] {processor.py:914} INFO - Processing file /opt/airflow/dags/bash_python.py for tasks to queue
[2026-08-04T11:53:13.345+0000] {logging_mixin.py:190} INFO - [2026-08-04T11:53:13.345+0000] {dagbag.py:588} INFO - Filling up the DagBag from /opt/airflow/dags/bash_python.py
[2026-08-04T11:53:13.368+0000] {logging_mixin.py:190} INFO - [2026-08-04T11:53:13.364+0000] {dagbag.py:387} ERROR - Failed to import: /opt/airflow/dags/bash_python.py
Traceback (most recent call last):
  File "/home/airflow/.local/lib/python3.12/site-packages/airflow/models/dagbag.py", line 383, in parse
    loader.exec_module(new_module)
  File "<frozen importlib._bootstrap_external>", line 999, in exec_module
  File "<frozen importlib._bootstrap>", line 488, in _call_with_frames_removed
  File "/opt/airflow/dags/bash_python.py", line 4, in <module>
    from airflow.operator.bash import BashOperator
ModuleNotFoundError: No module named 'airflow.operator'
[2026-08-04T11:53:13.369+0000] {processor.py:927} WARNING - No viable dags retrieved from /opt/airflow/dags/bash_python.py
[2026-08-04T11:53:13.391+0000] {processor.py:208} INFO - Processing /opt/airflow/dags/bash_python.py took 0.057 seconds
[2026-08-04T11:53:43.536+0000] {processor.py:186} INFO - Started process (PID=600) to work on /opt/airflow/dags/bash_python.py
[2026-08-04T11:53:43.538+0000] {processor.py:914} INFO - Processing file /opt/airflow/dags/bash_python.py for tasks to queue
[2026-08-04T11:53:43.540+0000] {logging_mixin.py:190} INFO - [2026-08-04T11:53:43.540+0000] {dagbag.py:588} INFO - Filling up the DagBag from /opt/airflow/dags/bash_python.py
[2026-08-04T11:53:43.558+0000] {logging_mixin.py:190} INFO - [2026-08-04T11:53:43.553+0000] {dagbag.py:387} ERROR - Failed to import: /opt/airflow/dags/bash_python.py
Traceback (most recent call last):
  File "/home/airflow/.local/lib/python3.12/site-packages/airflow/models/dagbag.py", line 383, in parse
    loader.exec_module(new_module)
  File "<frozen importlib._bootstrap_external>", line 999, in exec_module
  File "<frozen importlib._bootstrap>", line 488, in _call_with_frames_removed
  File "/opt/airflow/dags/bash_python.py", line 4, in <module>
    from airflow.operator.bash import BashOperator
ModuleNotFoundError: No module named 'airflow.operator'
[2026-08-04T11:53:43.560+0000] {processor.py:927} WARNING - No viable dags retrieved from /opt/airflow/dags/bash_python.py
[2026-08-04T11:53:43.592+0000] {processor.py:208} INFO - Processing /opt/airflow/dags/bash_python.py took 0.062 seconds
[2026-08-04T11:54:13.792+0000] {processor.py:186} INFO - Started process (PID=605) to work on /opt/airflow/dags/bash_python.py
[2026-08-04T11:54:13.793+0000] {processor.py:914} INFO - Processing file /opt/airflow/dags/bash_python.py for tasks to queue
[2026-08-04T11:54:13.796+0000] {logging_mixin.py:190} INFO - [2026-08-04T11:54:13.795+0000] {dagbag.py:588} INFO - Filling up the DagBag from /opt/airflow/dags/bash_python.py
[2026-08-04T11:54:13.810+0000] {logging_mixin.py:190} INFO - [2026-08-04T11:54:13.807+0000] {dagbag.py:387} ERROR - Failed to import: /opt/airflow/dags/bash_python.py
Traceback (most recent call last):
  File "/home/airflow/.local/lib/python3.12/site-packages/airflow/models/dagbag.py", line 383, in parse
    loader.exec_module(new_module)
  File "<frozen importlib._bootstrap_external>", line 999, in exec_module
  File "<frozen importlib._bootstrap>", line 488, in _call_with_frames_removed
  File "/opt/airflow/dags/bash_python.py", line 4, in <module>
    from airflow.operator.bash import BashOperator
ModuleNotFoundError: No module named 'airflow.operator'
[2026-08-04T11:54:13.811+0000] {processor.py:927} WARNING - No viable dags retrieved from /opt/airflow/dags/bash_python.py
[2026-08-04T11:54:13.831+0000] {processor.py:208} INFO - Processing /opt/airflow/dags/bash_python.py took 0.044 seconds
[2026-08-04T11:54:44.026+0000] {processor.py:186} INFO - Started process (PID=610) to work on /opt/airflow/dags/bash_python.py
[2026-08-04T11:54:44.028+0000] {processor.py:914} INFO - Processing file /opt/airflow/dags/bash_python.py for tasks to queue
[2026-08-04T11:54:44.030+0000] {logging_mixin.py:190} INFO - [2026-08-04T11:54:44.030+0000] {dagbag.py:588} INFO - Filling up the DagBag from /opt/airflow/dags/bash_python.py
[2026-08-04T11:54:44.047+0000] {logging_mixin.py:190} INFO - [2026-08-04T11:54:44.044+0000] {dagbag.py:387} ERROR - Failed to import: /opt/airflow/dags/bash_python.py
Traceback (most recent call last):
  File "/home/airflow/.local/lib/python3.12/site-packages/airflow/models/dagbag.py", line 383, in parse
    loader.exec_module(new_module)
  File "<frozen importlib._bootstrap_external>", line 999, in exec_module
  File "<frozen importlib._bootstrap>", line 488, in _call_with_frames_removed
  File "/opt/airflow/dags/bash_python.py", line 4, in <module>
    from airflow.operator.bash import BashOperator
ModuleNotFoundError: No module named 'airflow.operator'
[2026-08-04T11:54:44.048+0000] {processor.py:927} WARNING - No viable dags retrieved from /opt/airflow/dags/bash_python.py
[2026-08-04T11:54:44.093+0000] {processor.py:208} INFO - Processing /opt/airflow/dags/bash_python.py took 0.075 seconds
[2026-08-04T11:55:14.244+0000] {processor.py:186} INFO - Started process (PID=615) to work on /opt/airflow/dags/bash_python.py
[2026-08-04T11:55:14.245+0000] {processor.py:914} INFO - Processing file /opt/airflow/dags/bash_python.py for tasks to queue
[2026-08-04T11:55:14.247+0000] {logging_mixin.py:190} INFO - [2026-08-04T11:55:14.247+0000] {dagbag.py:588} INFO - Filling up the DagBag from /opt/airflow/dags/bash_python.py
[2026-08-04T11:55:14.264+0000] {logging_mixin.py:190} INFO - [2026-08-04T11:55:14.260+0000] {dagbag.py:387} ERROR - Failed to import: /opt/airflow/dags/bash_python.py
Traceback (most recent call last):
  File "/home/airflow/.local/lib/python3.12/site-packages/airflow/models/dagbag.py", line 383, in parse
    loader.exec_module(new_module)
  File "<frozen importlib._bootstrap_external>", line 999, in exec_module
  File "<frozen importlib._bootstrap>", line 488, in _call_with_frames_removed
  File "/opt/airflow/dags/bash_python.py", line 4, in <module>
    from airflow.operator.bash import BashOperator
ModuleNotFoundError: No module named 'airflow.operator'
[2026-08-04T11:55:14.266+0000] {processor.py:927} WARNING - No viable dags retrieved from /opt/airflow/dags/bash_python.py
[2026-08-04T11:55:14.309+0000] {processor.py:208} INFO - Processing /opt/airflow/dags/bash_python.py took 0.070 seconds
[2026-08-04T11:55:44.501+0000] {processor.py:186} INFO - Started process (PID=620) to work on /opt/airflow/dags/bash_python.py
[2026-08-04T11:55:44.502+0000] {processor.py:914} INFO - Processing file /opt/airflow/dags/bash_python.py for tasks to queue
[2026-08-04T11:55:44.505+0000] {logging_mixin.py:190} INFO - [2026-08-04T11:55:44.504+0000] {dagbag.py:588} INFO - Filling up the DagBag from /opt/airflow/dags/bash_python.py
[2026-08-04T11:55:44.521+0000] {logging_mixin.py:190} INFO - [2026-08-04T11:55:44.517+0000] {dagbag.py:387} ERROR - Failed to import: /opt/airflow/dags/bash_python.py
Traceback (most recent call last):
  File "/home/airflow/.local/lib/python3.12/site-packages/airflow/models/dagbag.py", line 383, in parse
    loader.exec_module(new_module)
  File "<frozen importlib._bootstrap_external>", line 999, in exec_module
  File "<frozen importlib._bootstrap>", line 488, in _call_with_frames_removed
  File "/opt/airflow/dags/bash_python.py", line 4, in <module>
    from airflow.operator.bash import BashOperator
ModuleNotFoundError: No module named 'airflow.operator'
[2026-08-04T11:55:44.522+0000] {processor.py:927} WARNING - No viable dags retrieved from /opt/airflow/dags/bash_python.py
[2026-08-04T11:55:44.543+0000] {processor.py:208} INFO - Processing /opt/airflow/dags/bash_python.py took 0.047 seconds
[2026-08-04T11:59:30.814+0000] {processor.py:186} INFO - Started process (PID=625) to work on /opt/airflow/dags/bash_python.py
[2026-08-04T11:59:30.815+0000] {processor.py:914} INFO - Processing file /opt/airflow/dags/bash_python.py for tasks to queue
[2026-08-04T11:59:30.818+0000] {logging_mixin.py:190} INFO - [2026-08-04T11:59:30.817+0000] {dagbag.py:588} INFO - Filling up the DagBag from /opt/airflow/dags/bash_python.py
[2026-08-04T11:59:30.836+0000] {logging_mixin.py:190} INFO - [2026-08-04T11:59:30.832+0000] {dagbag.py:387} ERROR - Failed to import: /opt/airflow/dags/bash_python.py
Traceback (most recent call last):
  File "/home/airflow/.local/lib/python3.12/site-packages/airflow/models/dagbag.py", line 383, in parse
    loader.exec_module(new_module)
  File "<frozen importlib._bootstrap_external>", line 999, in exec_module
  File "<frozen importlib._bootstrap>", line 488, in _call_with_frames_removed
  File "/opt/airflow/dags/bash_python.py", line 4, in <module>
    from airflow.operator.bash import BashOperator
ModuleNotFoundError: No module named 'airflow.operator'
[2026-08-04T11:59:30.838+0000] {processor.py:927} WARNING - No viable dags retrieved from /opt/airflow/dags/bash_python.py
[2026-08-04T11:59:30.861+0000] {processor.py:208} INFO - Processing /opt/airflow/dags/bash_python.py took 0.054 seconds
[2026-08-04T12:00:01.076+0000] {processor.py:186} INFO - Started process (PID=630) to work on /opt/airflow/dags/bash_python.py
[2026-08-04T12:00:01.078+0000] {processor.py:914} INFO - Processing file /opt/airflow/dags/bash_python.py for tasks to queue
[2026-08-04T12:00:01.082+0000] {logging_mixin.py:190} INFO - [2026-08-04T12:00:01.081+0000] {dagbag.py:588} INFO - Filling up the DagBag from /opt/airflow/dags/bash_python.py
[2026-08-04T12:00:01.099+0000] {logging_mixin.py:190} INFO - [2026-08-04T12:00:01.095+0000] {dagbag.py:387} ERROR - Failed to import: /opt/airflow/dags/bash_python.py
Traceback (most recent call last):
  File "/home/airflow/.local/lib/python3.12/site-packages/airflow/models/dagbag.py", line 383, in parse
    loader.exec_module(new_module)
  File "<frozen importlib._bootstrap_external>", line 999, in exec_module
  File "<frozen importlib._bootstrap>", line 488, in _call_with_frames_removed
  File "/opt/airflow/dags/bash_python.py", line 4, in <module>
    from airflow.operator.bash import BashOperator
ModuleNotFoundError: No module named 'airflow.operator'
[2026-08-04T12:00:01.101+0000] {processor.py:927} WARNING - No viable dags retrieved from /opt/airflow/dags/bash_python.py
[2026-08-04T12:00:01.154+0000] {processor.py:208} INFO - Processing /opt/airflow/dags/bash_python.py took 0.086 seconds
[2026-08-04T12:00:31.294+0000] {processor.py:186} INFO - Started process (PID=635) to work on /opt/airflow/dags/bash_python.py
[2026-08-04T12:00:31.295+0000] {processor.py:914} INFO - Processing file /opt/airflow/dags/bash_python.py for tasks to queue
[2026-08-04T12:00:31.298+0000] {logging_mixin.py:190} INFO - [2026-08-04T12:00:31.298+0000] {dagbag.py:588} INFO - Filling up the DagBag from /opt/airflow/dags/bash_python.py
[2026-08-04T12:00:31.314+0000] {logging_mixin.py:190} INFO - [2026-08-04T12:00:31.309+0000] {dagbag.py:387} ERROR - Failed to import: /opt/airflow/dags/bash_python.py
Traceback (most recent call last):
  File "/home/airflow/.local/lib/python3.12/site-packages/airflow/models/dagbag.py", line 383, in parse
    loader.exec_module(new_module)
  File "<frozen importlib._bootstrap_external>", line 999, in exec_module
  File "<frozen importlib._bootstrap>", line 488, in _call_with_frames_removed
  File "/opt/airflow/dags/bash_python.py", line 4, in <module>
    from airflow.operator.bash import BashOperator
ModuleNotFoundError: No module named 'airflow.operator'
[2026-08-04T12:00:31.315+0000] {processor.py:927} WARNING - No viable dags retrieved from /opt/airflow/dags/bash_python.py
[2026-08-04T12:00:31.343+0000] {processor.py:208} INFO - Processing /opt/airflow/dags/bash_python.py took 0.055 seconds
[2026-08-04T12:01:01.572+0000] {processor.py:186} INFO - Started process (PID=640) to work on /opt/airflow/dags/bash_python.py
[2026-08-04T12:01:01.573+0000] {processor.py:914} INFO - Processing file /opt/airflow/dags/bash_python.py for tasks to queue
[2026-08-04T12:01:01.575+0000] {logging_mixin.py:190} INFO - [2026-08-04T12:01:01.575+0000] {dagbag.py:588} INFO - Filling up the DagBag from /opt/airflow/dags/bash_python.py
[2026-08-04T12:01:01.590+0000] {logging_mixin.py:190} INFO - [2026-08-04T12:01:01.587+0000] {dagbag.py:387} ERROR - Failed to import: /opt/airflow/dags/bash_python.py
Traceback (most recent call last):
  File "/home/airflow/.local/lib/python3.12/site-packages/airflow/models/dagbag.py", line 383, in parse
    loader.exec_module(new_module)
  File "<frozen importlib._bootstrap_external>", line 999, in exec_module
  File "<frozen importlib._bootstrap>", line 488, in _call_with_frames_removed
  File "/opt/airflow/dags/bash_python.py", line 4, in <module>
    from airflow.operator.bash import BashOperator
ModuleNotFoundError: No module named 'airflow.operator'
[2026-08-04T12:01:01.591+0000] {processor.py:927} WARNING - No viable dags retrieved from /opt/airflow/dags/bash_python.py
[2026-08-04T12:01:01.619+0000] {processor.py:208} INFO - Processing /opt/airflow/dags/bash_python.py took 0.051 seconds
[2026-08-04T12:01:31.776+0000] {processor.py:186} INFO - Started process (PID=645) to work on /opt/airflow/dags/bash_python.py
[2026-08-04T12:01:31.777+0000] {processor.py:914} INFO - Processing file /opt/airflow/dags/bash_python.py for tasks to queue
[2026-08-04T12:01:31.779+0000] {logging_mixin.py:190} INFO - [2026-08-04T12:01:31.779+0000] {dagbag.py:588} INFO - Filling up the DagBag from /opt/airflow/dags/bash_python.py
[2026-08-04T12:01:31.796+0000] {logging_mixin.py:190} INFO - [2026-08-04T12:01:31.792+0000] {dagbag.py:387} ERROR - Failed to import: /opt/airflow/dags/bash_python.py
Traceback (most recent call last):
  File "/home/airflow/.local/lib/python3.12/site-packages/airflow/models/dagbag.py", line 383, in parse
    loader.exec_module(new_module)
  File "<frozen importlib._bootstrap_external>", line 999, in exec_module
  File "<frozen importlib._bootstrap>", line 488, in _call_with_frames_removed
  File "/opt/airflow/dags/bash_python.py", line 4, in <module>
    from airflow.operator.bash import BashOperator
ModuleNotFoundError: No module named 'airflow.operator'
[2026-08-04T12:01:31.797+0000] {processor.py:927} WARNING - No viable dags retrieved from /opt/airflow/dags/bash_python.py
[2026-08-04T12:01:31.838+0000] {processor.py:208} INFO - Processing /opt/airflow/dags/bash_python.py took 0.067 seconds
[2026-08-04T12:02:02.010+0000] {processor.py:186} INFO - Started process (PID=650) to work on /opt/airflow/dags/bash_python.py
[2026-08-04T12:02:02.011+0000] {processor.py:914} INFO - Processing file /opt/airflow/dags/bash_python.py for tasks to queue
[2026-08-04T12:02:02.014+0000] {logging_mixin.py:190} INFO - [2026-08-04T12:02:02.013+0000] {dagbag.py:588} INFO - Filling up the DagBag from /opt/airflow/dags/bash_python.py
[2026-08-04T12:02:02.029+0000] {logging_mixin.py:190} INFO - [2026-08-04T12:02:02.026+0000] {dagbag.py:387} ERROR - Failed to import: /opt/airflow/dags/bash_python.py
Traceback (most recent call last):
  File "/home/airflow/.local/lib/python3.12/site-packages/airflow/models/dagbag.py", line 383, in parse
    loader.exec_module(new_module)
  File "<frozen importlib._bootstrap_external>", line 999, in exec_module
  File "<frozen importlib._bootstrap>", line 488, in _call_with_frames_removed
  File "/opt/airflow/dags/bash_python.py", line 4, in <module>
    from airflow.operator.bash import BashOperator
ModuleNotFoundError: No module named 'airflow.operator'
[2026-08-04T12:02:02.031+0000] {processor.py:927} WARNING - No viable dags retrieved from /opt/airflow/dags/bash_python.py
[2026-08-04T12:02:02.073+0000] {processor.py:208} INFO - Processing /opt/airflow/dags/bash_python.py took 0.069 seconds
[2026-08-04T12:02:32.212+0000] {processor.py:186} INFO - Started process (PID=655) to work on /opt/airflow/dags/bash_python.py
[2026-08-04T12:02:32.214+0000] {processor.py:914} INFO - Processing file /opt/airflow/dags/bash_python.py for tasks to queue
[2026-08-04T12:02:32.216+0000] {logging_mixin.py:190} INFO - [2026-08-04T12:02:32.216+0000] {dagbag.py:588} INFO - Filling up the DagBag from /opt/airflow/dags/bash_python.py
[2026-08-04T12:02:32.230+0000] {logging_mixin.py:190} INFO - [2026-08-04T12:02:32.227+0000] {dagbag.py:387} ERROR - Failed to import: /opt/airflow/dags/bash_python.py
Traceback (most recent call last):
  File "/home/airflow/.local/lib/python3.12/site-packages/airflow/models/dagbag.py", line 383, in parse
    loader.exec_module(new_module)
  File "<frozen importlib._bootstrap_external>", line 999, in exec_module
  File "<frozen importlib._bootstrap>", line 488, in _call_with_frames_removed
  File "/opt/airflow/dags/bash_python.py", line 4, in <module>
    from airflow.operator.bash import BashOperator
ModuleNotFoundError: No module named 'airflow.operator'
[2026-08-04T12:02:32.232+0000] {processor.py:927} WARNING - No viable dags retrieved from /opt/airflow/dags/bash_python.py
[2026-08-04T12:02:32.252+0000] {processor.py:208} INFO - Processing /opt/airflow/dags/bash_python.py took 0.044 seconds
[2026-08-04T12:03:02.561+0000] {processor.py:186} INFO - Started process (PID=660) to work on /opt/airflow/dags/bash_python.py
[2026-08-04T12:03:02.563+0000] {processor.py:914} INFO - Processing file /opt/airflow/dags/bash_python.py for tasks to queue
[2026-08-04T12:03:02.569+0000] {logging_mixin.py:190} INFO - [2026-08-04T12:03:02.569+0000] {dagbag.py:588} INFO - Filling up the DagBag from /opt/airflow/dags/bash_python.py
[2026-08-04T12:03:02.598+0000] {logging_mixin.py:190} INFO - [2026-08-04T12:03:02.593+0000] {dagbag.py:387} ERROR - Failed to import: /opt/airflow/dags/bash_python.py
Traceback (most recent call last):
  File "/home/airflow/.local/lib/python3.12/site-packages/airflow/models/dagbag.py", line 383, in parse
    loader.exec_module(new_module)
  File "<frozen importlib._bootstrap_external>", line 999, in exec_module
  File "<frozen importlib._bootstrap>", line 488, in _call_with_frames_removed
  File "/opt/airflow/dags/bash_python.py", line 4, in <module>
    from airflow.operator.bash import BashOperator
ModuleNotFoundError: No module named 'airflow.operator'
[2026-08-04T12:03:02.600+0000] {processor.py:927} WARNING - No viable dags retrieved from /opt/airflow/dags/bash_python.py
[2026-08-04T12:03:02.635+0000] {processor.py:208} INFO - Processing /opt/airflow/dags/bash_python.py took 0.088 seconds
[2026-08-04T12:26:27.836+0000] {processor.py:186} INFO - Started process (PID=665) to work on /opt/airflow/dags/bash_python.py
[2026-08-04T12:26:27.839+0000] {processor.py:914} INFO - Processing file /opt/airflow/dags/bash_python.py for tasks to queue
[2026-08-04T12:26:27.843+0000] {logging_mixin.py:190} INFO - [2026-08-04T12:26:27.842+0000] {dagbag.py:588} INFO - Filling up the DagBag from /opt/airflow/dags/bash_python.py
[2026-08-04T12:26:27.859+0000] {logging_mixin.py:190} INFO - [2026-08-04T12:26:27.855+0000] {dagbag.py:387} ERROR - Failed to import: /opt/airflow/dags/bash_python.py
Traceback (most recent call last):
  File "/home/airflow/.local/lib/python3.12/site-packages/airflow/models/dagbag.py", line 383, in parse
    loader.exec_module(new_module)
  File "<frozen importlib._bootstrap_external>", line 999, in exec_module
  File "<frozen importlib._bootstrap>", line 488, in _call_with_frames_removed
  File "/opt/airflow/dags/bash_python.py", line 4, in <module>
    from airflow.operator.bash import BashOperator
ModuleNotFoundError: No module named 'airflow.operator'
[2026-08-04T12:26:27.860+0000] {processor.py:927} WARNING - No viable dags retrieved from /opt/airflow/dags/bash_python.py
[2026-08-04T12:26:27.886+0000] {processor.py:208} INFO - Processing /opt/airflow/dags/bash_python.py took 0.058 seconds
[2026-08-04T12:26:58.059+0000] {processor.py:186} INFO - Started process (PID=670) to work on /opt/airflow/dags/bash_python.py
[2026-08-04T12:26:58.060+0000] {processor.py:914} INFO - Processing file /opt/airflow/dags/bash_python.py for tasks to queue
[2026-08-04T12:26:58.063+0000] {logging_mixin.py:190} INFO - [2026-08-04T12:26:58.062+0000] {dagbag.py:588} INFO - Filling up the DagBag from /opt/airflow/dags/bash_python.py
[2026-08-04T12:26:58.076+0000] {logging_mixin.py:190} INFO - [2026-08-04T12:26:58.073+0000] {dagbag.py:387} ERROR - Failed to import: /opt/airflow/dags/bash_python.py
Traceback (most recent call last):
  File "/home/airflow/.local/lib/python3.12/site-packages/airflow/models/dagbag.py", line 383, in parse
    loader.exec_module(new_module)
  File "<frozen importlib._bootstrap_external>", line 999, in exec_module
  File "<frozen importlib._bootstrap>", line 488, in _call_with_frames_removed
  File "/opt/airflow/dags/bash_python.py", line 4, in <module>
    from airflow.operator.bash import BashOperator
ModuleNotFoundError: No module named 'airflow.operator'
[2026-08-04T12:26:58.078+0000] {processor.py:927} WARNING - No viable dags retrieved from /opt/airflow/dags/bash_python.py
[2026-08-04T12:26:58.123+0000] {processor.py:208} INFO - Processing /opt/airflow/dags/bash_python.py took 0.071 seconds
[2026-08-04T12:27:28.265+0000] {processor.py:186} INFO - Started process (PID=675) to work on /opt/airflow/dags/bash_python.py
[2026-08-04T12:27:28.267+0000] {processor.py:914} INFO - Processing file /opt/airflow/dags/bash_python.py for tasks to queue
[2026-08-04T12:27:28.273+0000] {logging_mixin.py:190} INFO - [2026-08-04T12:27:28.272+0000] {dagbag.py:588} INFO - Filling up the DagBag from /opt/airflow/dags/bash_python.py
[2026-08-04T12:27:28.292+0000] {logging_mixin.py:190} INFO - [2026-08-04T12:27:28.287+0000] {dagbag.py:387} ERROR - Failed to import: /opt/airflow/dags/bash_python.py
Traceback (most recent call last):
  File "/home/airflow/.local/lib/python3.12/site-packages/airflow/models/dagbag.py", line 383, in parse
    loader.exec_module(new_module)
  File "<frozen importlib._bootstrap_external>", line 999, in exec_module
  File "<frozen importlib._bootstrap>", line 488, in _call_with_frames_removed
  File "/opt/airflow/dags/bash_python.py", line 4, in <module>
    from airflow.operator.bash import BashOperator
ModuleNotFoundError: No module named 'airflow.operator'
[2026-08-04T12:27:28.294+0000] {processor.py:927} WARNING - No viable dags retrieved from /opt/airflow/dags/bash_python.py
[2026-08-04T12:27:28.321+0000] {processor.py:208} INFO - Processing /opt/airflow/dags/bash_python.py took 0.063 seconds
[2026-08-04T12:27:58.509+0000] {processor.py:186} INFO - Started process (PID=680) to work on /opt/airflow/dags/bash_python.py
[2026-08-04T12:27:58.511+0000] {processor.py:914} INFO - Processing file /opt/airflow/dags/bash_python.py for tasks to queue
[2026-08-04T12:27:58.513+0000] {logging_mixin.py:190} INFO - [2026-08-04T12:27:58.513+0000] {dagbag.py:588} INFO - Filling up the DagBag from /opt/airflow/dags/bash_python.py
[2026-08-04T12:27:58.527+0000] {logging_mixin.py:190} INFO - [2026-08-04T12:27:58.524+0000] {dagbag.py:387} ERROR - Failed to import: /opt/airflow/dags/bash_python.py
Traceback (most recent call last):
  File "/home/airflow/.local/lib/python3.12/site-packages/airflow/models/dagbag.py", line 383, in parse
    loader.exec_module(new_module)
  File "<frozen importlib._bootstrap_external>", line 999, in exec_module
  File "<frozen importlib._bootstrap>", line 488, in _call_with_frames_removed
  File "/opt/airflow/dags/bash_python.py", line 4, in <module>
    from airflow.operator.bash import BashOperator
ModuleNotFoundError: No module named 'airflow.operator'
[2026-08-04T12:27:58.528+0000] {processor.py:927} WARNING - No viable dags retrieved from /opt/airflow/dags/bash_python.py
[2026-08-04T12:27:58.568+0000] {processor.py:208} INFO - Processing /opt/airflow/dags/bash_python.py took 0.064 seconds
[2026-08-04T12:28:28.725+0000] {processor.py:186} INFO - Started process (PID=685) to work on /opt/airflow/dags/bash_python.py
[2026-08-04T12:28:28.726+0000] {processor.py:914} INFO - Processing file /opt/airflow/dags/bash_python.py for tasks to queue
[2026-08-04T12:28:28.729+0000] {logging_mixin.py:190} INFO - [2026-08-04T12:28:28.728+0000] {dagbag.py:588} INFO - Filling up the DagBag from /opt/airflow/dags/bash_python.py
[2026-08-04T12:28:28.743+0000] {logging_mixin.py:190} INFO - [2026-08-04T12:28:28.740+0000] {dagbag.py:387} ERROR - Failed to import: /opt/airflow/dags/bash_python.py
Traceback (most recent call last):
  File "/home/airflow/.local/lib/python3.12/site-packages/airflow/models/dagbag.py", line 383, in parse
    loader.exec_module(new_module)
  File "<frozen importlib._bootstrap_external>", line 999, in exec_module
  File "<frozen importlib._bootstrap>", line 488, in _call_with_frames_removed
  File "/opt/airflow/dags/bash_python.py", line 4, in <module>
    from airflow.operator.bash import BashOperator
ModuleNotFoundError: No module named 'airflow.operator'
[2026-08-04T12:28:28.744+0000] {processor.py:927} WARNING - No viable dags retrieved from /opt/airflow/dags/bash_python.py
[2026-08-04T12:28:28.766+0000] {processor.py:208} INFO - Processing /opt/airflow/dags/bash_python.py took 0.047 seconds
[2026-08-04T12:28:58.946+0000] {processor.py:186} INFO - Started process (PID=690) to work on /opt/airflow/dags/bash_python.py
[2026-08-04T12:28:58.947+0000] {processor.py:914} INFO - Processing file /opt/airflow/dags/bash_python.py for tasks to queue
[2026-08-04T12:28:58.950+0000] {logging_mixin.py:190} INFO - [2026-08-04T12:28:58.950+0000] {dagbag.py:588} INFO - Filling up the DagBag from /opt/airflow/dags/bash_python.py
[2026-08-04T12:28:58.963+0000] {logging_mixin.py:190} INFO - [2026-08-04T12:28:58.960+0000] {dagbag.py:387} ERROR - Failed to import: /opt/airflow/dags/bash_python.py
Traceback (most recent call last):
  File "/home/airflow/.local/lib/python3.12/site-packages/airflow/models/dagbag.py", line 383, in parse
    loader.exec_module(new_module)
  File "<frozen importlib._bootstrap_external>", line 999, in exec_module
  File "<frozen importlib._bootstrap>", line 488, in _call_with_frames_removed
  File "/opt/airflow/dags/bash_python.py", line 4, in <module>
    from airflow.operator.bash import BashOperator
ModuleNotFoundError: No module named 'airflow.operator'
[2026-08-04T12:28:58.965+0000] {processor.py:927} WARNING - No viable dags retrieved from /opt/airflow/dags/bash_python.py
[2026-08-04T12:28:58.986+0000] {processor.py:208} INFO - Processing /opt/airflow/dags/bash_python.py took 0.044 seconds
[2026-08-04T12:29:29.149+0000] {processor.py:186} INFO - Started process (PID=695) to work on /opt/airflow/dags/bash_python.py
[2026-08-04T12:29:29.150+0000] {processor.py:914} INFO - Processing file /opt/airflow/dags/bash_python.py for tasks to queue
[2026-08-04T12:29:29.152+0000] {logging_mixin.py:190} INFO - [2026-08-04T12:29:29.152+0000] {dagbag.py:588} INFO - Filling up the DagBag from /opt/airflow/dags/bash_python.py
[2026-08-04T12:29:29.179+0000] {logging_mixin.py:190} INFO - [2026-08-04T12:29:29.176+0000] {dagbag.py:387} ERROR - Failed to import: /opt/airflow/dags/bash_python.py
Traceback (most recent call last):
  File "/home/airflow/.local/lib/python3.12/site-packages/airflow/models/dagbag.py", line 383, in parse
    loader.exec_module(new_module)
  File "<frozen importlib._bootstrap_external>", line 999, in exec_module
  File "<frozen importlib._bootstrap>", line 488, in _call_with_frames_removed
  File "/opt/airflow/dags/bash_python.py", line 4, in <module>
    from airflow.operator.bash import BashOperator
ModuleNotFoundError: No module named 'airflow.operator'
[2026-08-04T12:29:29.181+0000] {processor.py:927} WARNING - No viable dags retrieved from /opt/airflow/dags/bash_python.py
[2026-08-04T12:29:29.199+0000] {processor.py:208} INFO - Processing /opt/airflow/dags/bash_python.py took 0.056 seconds
[2026-08-04T12:30:01.661+0000] {processor.py:186} INFO - Started process (PID=700) to work on /opt/airflow/dags/bash_python.py
[2026-08-04T12:30:01.663+0000] {processor.py:914} INFO - Processing file /opt/airflow/dags/bash_python.py for tasks to queue
[2026-08-04T12:30:01.665+0000] {logging_mixin.py:190} INFO - [2026-08-04T12:30:01.665+0000] {dagbag.py:588} INFO - Filling up the DagBag from /opt/airflow/dags/bash_python.py
[2026-08-04T12:30:01.679+0000] {logging_mixin.py:190} INFO - [2026-08-04T12:30:01.676+0000] {dagbag.py:387} ERROR - Failed to import: /opt/airflow/dags/bash_python.py
Traceback (most recent call last):
  File "/home/airflow/.local/lib/python3.12/site-packages/airflow/models/dagbag.py", line 383, in parse
    loader.exec_module(new_module)
  File "<frozen importlib._bootstrap_external>", line 999, in exec_module
  File "<frozen importlib._bootstrap>", line 488, in _call_with_frames_removed
  File "/opt/airflow/dags/bash_python.py", line 4, in <module>
    from airflow.operator.bash import BashOperator
ModuleNotFoundError: No module named 'airflow.operator'
[2026-08-04T12:30:01.680+0000] {processor.py:927} WARNING - No viable dags retrieved from /opt/airflow/dags/bash_python.py
[2026-08-04T12:30:01.722+0000] {processor.py:208} INFO - Processing /opt/airflow/dags/bash_python.py took 0.065 seconds
[2026-08-04T12:30:31.879+0000] {processor.py:186} INFO - Started process (PID=705) to work on /opt/airflow/dags/bash_python.py
[2026-08-04T12:30:31.880+0000] {processor.py:914} INFO - Processing file /opt/airflow/dags/bash_python.py for tasks to queue
[2026-08-04T12:30:31.882+0000] {logging_mixin.py:190} INFO - [2026-08-04T12:30:31.882+0000] {dagbag.py:588} INFO - Filling up the DagBag from /opt/airflow/dags/bash_python.py
[2026-08-04T12:30:31.896+0000] {logging_mixin.py:190} INFO - [2026-08-04T12:30:31.892+0000] {dagbag.py:387} ERROR - Failed to import: /opt/airflow/dags/bash_python.py
Traceback (most recent call last):
  File "/home/airflow/.local/lib/python3.12/site-packages/airflow/models/dagbag.py", line 383, in parse
    loader.exec_module(new_module)
  File "<frozen importlib._bootstrap_external>", line 999, in exec_module
  File "<frozen importlib._bootstrap>", line 488, in _call_with_frames_removed
  File "/opt/airflow/dags/bash_python.py", line 4, in <module>
    from airflow.operator.bash import BashOperator
ModuleNotFoundError: No module named 'airflow.operator'
[2026-08-04T12:30:31.897+0000] {processor.py:927} WARNING - No viable dags retrieved from /opt/airflow/dags/bash_python.py
[2026-08-04T12:30:31.919+0000] {processor.py:208} INFO - Processing /opt/airflow/dags/bash_python.py took 0.047 seconds
[2026-08-04T12:31:02.075+0000] {processor.py:186} INFO - Started process (PID=710) to work on /opt/airflow/dags/bash_python.py
[2026-08-04T12:31:02.076+0000] {processor.py:914} INFO - Processing file /opt/airflow/dags/bash_python.py for tasks to queue
[2026-08-04T12:31:02.079+0000] {logging_mixin.py:190} INFO - [2026-08-04T12:31:02.079+0000] {dagbag.py:588} INFO - Filling up the DagBag from /opt/airflow/dags/bash_python.py
[2026-08-04T12:31:02.094+0000] {logging_mixin.py:190} INFO - [2026-08-04T12:31:02.091+0000] {dagbag.py:387} ERROR - Failed to import: /opt/airflow/dags/bash_python.py
Traceback (most recent call last):
  File "/home/airflow/.local/lib/python3.12/site-packages/airflow/models/dagbag.py", line 383, in parse
    loader.exec_module(new_module)
  File "<frozen importlib._bootstrap_external>", line 999, in exec_module
  File "<frozen importlib._bootstrap>", line 488, in _call_with_frames_removed
  File "/opt/airflow/dags/bash_python.py", line 4, in <module>
    from airflow.operator.bash import BashOperator
ModuleNotFoundError: No module named 'airflow.operator'
[2026-08-04T12:31:02.095+0000] {processor.py:927} WARNING - No viable dags retrieved from /opt/airflow/dags/bash_python.py
[2026-08-04T12:31:02.114+0000] {processor.py:208} INFO - Processing /opt/airflow/dags/bash_python.py took 0.045 seconds
[2026-08-04T12:31:32.379+0000] {processor.py:186} INFO - Started process (PID=715) to work on /opt/airflow/dags/bash_python.py
[2026-08-04T12:31:32.380+0000] {processor.py:914} INFO - Processing file /opt/airflow/dags/bash_python.py for tasks to queue
[2026-08-04T12:31:32.384+0000] {logging_mixin.py:190} INFO - [2026-08-04T12:31:32.383+0000] {dagbag.py:588} INFO - Filling up the DagBag from /opt/airflow/dags/bash_python.py
[2026-08-04T12:31:32.398+0000] {logging_mixin.py:190} INFO - [2026-08-04T12:31:32.395+0000] {dagbag.py:387} ERROR - Failed to import: /opt/airflow/dags/bash_python.py
Traceback (most recent call last):
  File "/home/airflow/.local/lib/python3.12/site-packages/airflow/models/dagbag.py", line 383, in parse
    loader.exec_module(new_module)
  File "<frozen importlib._bootstrap_external>", line 999, in exec_module
  File "<frozen importlib._bootstrap>", line 488, in _call_with_frames_removed
  File "/opt/airflow/dags/bash_python.py", line 4, in <module>
    from airflow.operator.bash import BashOperator
ModuleNotFoundError: No module named 'airflow.operator'
[2026-08-04T12:31:32.400+0000] {processor.py:927} WARNING - No viable dags retrieved from /opt/airflow/dags/bash_python.py
[2026-08-04T12:31:32.446+0000] {processor.py:208} INFO - Processing /opt/airflow/dags/bash_python.py took 0.073 seconds
[2026-08-04T12:32:02.592+0000] {processor.py:186} INFO - Started process (PID=720) to work on /opt/airflow/dags/bash_python.py
[2026-08-04T12:32:02.594+0000] {processor.py:914} INFO - Processing file /opt/airflow/dags/bash_python.py for tasks to queue
[2026-08-04T12:32:02.596+0000] {logging_mixin.py:190} INFO - [2026-08-04T12:32:02.596+0000] {dagbag.py:588} INFO - Filling up the DagBag from /opt/airflow/dags/bash_python.py
[2026-08-04T12:32:02.611+0000] {logging_mixin.py:190} INFO - [2026-08-04T12:32:02.607+0000] {dagbag.py:387} ERROR - Failed to import: /opt/airflow/dags/bash_python.py
Traceback (most recent call last):
  File "/home/airflow/.local/lib/python3.12/site-packages/airflow/models/dagbag.py", line 383, in parse
    loader.exec_module(new_module)
  File "<frozen importlib._bootstrap_external>", line 999, in exec_module
  File "<frozen importlib._bootstrap>", line 488, in _call_with_frames_removed
  File "/opt/airflow/dags/bash_python.py", line 4, in <module>
    from airflow.operator.bash import BashOperator
ModuleNotFoundError: No module named 'airflow.operator'
[2026-08-04T12:32:02.613+0000] {processor.py:927} WARNING - No viable dags retrieved from /opt/airflow/dags/bash_python.py
[2026-08-04T12:32:02.633+0000] {processor.py:208} INFO - Processing /opt/airflow/dags/bash_python.py took 0.048 seconds
[2026-08-04T12:32:32.865+0000] {processor.py:186} INFO - Started process (PID=725) to work on /opt/airflow/dags/bash_python.py
[2026-08-04T12:32:32.866+0000] {processor.py:914} INFO - Processing file /opt/airflow/dags/bash_python.py for tasks to queue
[2026-08-04T12:32:32.868+0000] {logging_mixin.py:190} INFO - [2026-08-04T12:32:32.868+0000] {dagbag.py:588} INFO - Filling up the DagBag from /opt/airflow/dags/bash_python.py
[2026-08-04T12:32:32.881+0000] {logging_mixin.py:190} INFO - [2026-08-04T12:32:32.878+0000] {dagbag.py:387} ERROR - Failed to import: /opt/airflow/dags/bash_python.py
Traceback (most recent call last):
  File "/home/airflow/.local/lib/python3.12/site-packages/airflow/models/dagbag.py", line 383, in parse
    loader.exec_module(new_module)
  File "<frozen importlib._bootstrap_external>", line 999, in exec_module
  File "<frozen importlib._bootstrap>", line 488, in _call_with_frames_removed
  File "/opt/airflow/dags/bash_python.py", line 4, in <module>
    from airflow.operator.bash import BashOperator
ModuleNotFoundError: No module named 'airflow.operator'
[2026-08-04T12:32:32.882+0000] {processor.py:927} WARNING - No viable dags retrieved from /opt/airflow/dags/bash_python.py
[2026-08-04T12:32:32.923+0000] {processor.py:208} INFO - Processing /opt/airflow/dags/bash_python.py took 0.063 seconds
[2026-08-04T12:33:03.118+0000] {processor.py:186} INFO - Started process (PID=730) to work on /opt/airflow/dags/bash_python.py
[2026-08-04T12:33:03.120+0000] {processor.py:914} INFO - Processing file /opt/airflow/dags/bash_python.py for tasks to queue
[2026-08-04T12:33:03.122+0000] {logging_mixin.py:190} INFO - [2026-08-04T12:33:03.122+0000] {dagbag.py:588} INFO - Filling up the DagBag from /opt/airflow/dags/bash_python.py
[2026-08-04T12:33:03.143+0000] {logging_mixin.py:190} INFO - [2026-08-04T12:33:03.139+0000] {dagbag.py:387} ERROR - Failed to import: /opt/airflow/dags/bash_python.py
Traceback (most recent call last):
  File "/home/airflow/.local/lib/python3.12/site-packages/airflow/models/dagbag.py", line 383, in parse
    loader.exec_module(new_module)
  File "<frozen importlib._bootstrap_external>", line 999, in exec_module
  File "<frozen importlib._bootstrap>", line 488, in _call_with_frames_removed
  File "/opt/airflow/dags/bash_python.py", line 4, in <module>
    from airflow.operator.bash import BashOperator
ModuleNotFoundError: No module named 'airflow.operator'
[2026-08-04T12:33:03.144+0000] {processor.py:927} WARNING - No viable dags retrieved from /opt/airflow/dags/bash_python.py
[2026-08-04T12:33:03.194+0000] {processor.py:208} INFO - Processing /opt/airflow/dags/bash_python.py took 0.081 seconds
[2026-08-04T12:33:33.350+0000] {processor.py:186} INFO - Started process (PID=735) to work on /opt/airflow/dags/bash_python.py
[2026-08-04T12:33:33.353+0000] {processor.py:914} INFO - Processing file /opt/airflow/dags/bash_python.py for tasks to queue
[2026-08-04T12:33:33.362+0000] {logging_mixin.py:190} INFO - [2026-08-04T12:33:33.361+0000] {dagbag.py:588} INFO - Filling up the DagBag from /opt/airflow/dags/bash_python.py
[2026-08-04T12:33:33.376+0000] {logging_mixin.py:190} INFO - [2026-08-04T12:33:33.373+0000] {dagbag.py:387} ERROR - Failed to import: /opt/airflow/dags/bash_python.py
Traceback (most recent call last):
  File "/home/airflow/.local/lib/python3.12/site-packages/airflow/models/dagbag.py", line 383, in parse
    loader.exec_module(new_module)
  File "<frozen importlib._bootstrap_external>", line 999, in exec_module
  File "<frozen importlib._bootstrap>", line 488, in _call_with_frames_removed
  File "/opt/airflow/dags/bash_python.py", line 4, in <module>
    from airflow.operator.bash import BashOperator
ModuleNotFoundError: No module named 'airflow.operator'
[2026-08-04T12:33:33.377+0000] {processor.py:927} WARNING - No viable dags retrieved from /opt/airflow/dags/bash_python.py
[2026-08-04T12:33:33.411+0000] {processor.py:208} INFO - Processing /opt/airflow/dags/bash_python.py took 0.067 seconds
[2026-08-04T13:01:56.276+0000] {processor.py:186} INFO - Started process (PID=740) to work on /opt/airflow/dags/bash_python.py
[2026-08-04T13:01:56.279+0000] {processor.py:914} INFO - Processing file /opt/airflow/dags/bash_python.py for tasks to queue
[2026-08-04T13:01:56.285+0000] {logging_mixin.py:190} INFO - [2026-08-04T13:01:56.285+0000] {dagbag.py:588} INFO - Filling up the DagBag from /opt/airflow/dags/bash_python.py
[2026-08-04T13:01:56.304+0000] {logging_mixin.py:190} INFO - [2026-08-04T13:01:56.299+0000] {dagbag.py:387} ERROR - Failed to import: /opt/airflow/dags/bash_python.py
Traceback (most recent call last):
  File "/home/airflow/.local/lib/python3.12/site-packages/airflow/models/dagbag.py", line 383, in parse
    loader.exec_module(new_module)
  File "<frozen importlib._bootstrap_external>", line 999, in exec_module
  File "<frozen importlib._bootstrap>", line 488, in _call_with_frames_removed
  File "/opt/airflow/dags/bash_python.py", line 4, in <module>
    from airflow.operator.bash import BashOperator
ModuleNotFoundError: No module named 'airflow.operator'
[2026-08-04T13:01:56.305+0000] {processor.py:927} WARNING - No viable dags retrieved from /opt/airflow/dags/bash_python.py
[2026-08-04T13:01:56.336+0000] {processor.py:208} INFO - Processing /opt/airflow/dags/bash_python.py took 0.068 seconds
[2026-08-04T13:02:26.498+0000] {processor.py:186} INFO - Started process (PID=745) to work on /opt/airflow/dags/bash_python.py
[2026-08-04T13:02:26.499+0000] {processor.py:914} INFO - Processing file /opt/airflow/dags/bash_python.py for tasks to queue
[2026-08-04T13:02:26.502+0000] {logging_mixin.py:190} INFO - [2026-08-04T13:02:26.502+0000] {dagbag.py:588} INFO - Filling up the DagBag from /opt/airflow/dags/bash_python.py
[2026-08-04T13:02:26.521+0000] {logging_mixin.py:190} INFO - [2026-08-04T13:02:26.514+0000] {dagbag.py:387} ERROR - Failed to import: /opt/airflow/dags/bash_python.py
Traceback (most recent call last):
  File "/home/airflow/.local/lib/python3.12/site-packages/airflow/models/dagbag.py", line 383, in parse
    loader.exec_module(new_module)
  File "<frozen importlib._bootstrap_external>", line 999, in exec_module
  File "<frozen importlib._bootstrap>", line 488, in _call_with_frames_removed
  File "/opt/airflow/dags/bash_python.py", line 4, in <module>
    from airflow.operator.bash import BashOperator
ModuleNotFoundError: No module named 'airflow.operator'
[2026-08-04T13:02:26.523+0000] {processor.py:927} WARNING - No viable dags retrieved from /opt/airflow/dags/bash_python.py
[2026-08-04T13:02:26.572+0000] {processor.py:208} INFO - Processing /opt/airflow/dags/bash_python.py took 0.079 seconds
[2026-08-04T13:02:56.796+0000] {processor.py:186} INFO - Started process (PID=750) to work on /opt/airflow/dags/bash_python.py
[2026-08-04T13:02:56.799+0000] {processor.py:914} INFO - Processing file /opt/airflow/dags/bash_python.py for tasks to queue
[2026-08-04T13:02:56.803+0000] {logging_mixin.py:190} INFO - [2026-08-04T13:02:56.802+0000] {dagbag.py:588} INFO - Filling up the DagBag from /opt/airflow/dags/bash_python.py
[2026-08-04T13:02:56.821+0000] {logging_mixin.py:190} INFO - [2026-08-04T13:02:56.817+0000] {dagbag.py:387} ERROR - Failed to import: /opt/airflow/dags/bash_python.py
Traceback (most recent call last):
  File "/home/airflow/.local/lib/python3.12/site-packages/airflow/models/dagbag.py", line 383, in parse
    loader.exec_module(new_module)
  File "<frozen importlib._bootstrap_external>", line 999, in exec_module
  File "<frozen importlib._bootstrap>", line 488, in _call_with_frames_removed
  File "/opt/airflow/dags/bash_python.py", line 4, in <module>
    from airflow.operator.bash import BashOperator
ModuleNotFoundError: No module named 'airflow.operator'
[2026-08-04T13:02:56.823+0000] {processor.py:927} WARNING - No viable dags retrieved from /opt/airflow/dags/bash_python.py
[2026-08-04T13:02:56.877+0000] {processor.py:208} INFO - Processing /opt/airflow/dags/bash_python.py took 0.090 seconds
[2026-08-04T13:03:27.041+0000] {processor.py:186} INFO - Started process (PID=755) to work on /opt/airflow/dags/bash_python.py
[2026-08-04T13:03:27.043+0000] {processor.py:914} INFO - Processing file /opt/airflow/dags/bash_python.py for tasks to queue
[2026-08-04T13:03:27.045+0000] {logging_mixin.py:190} INFO - [2026-08-04T13:03:27.045+0000] {dagbag.py:588} INFO - Filling up the DagBag from /opt/airflow/dags/bash_python.py
[2026-08-04T13:03:27.059+0000] {logging_mixin.py:190} INFO - [2026-08-04T13:03:27.055+0000] {dagbag.py:387} ERROR - Failed to import: /opt/airflow/dags/bash_python.py
Traceback (most recent call last):
  File "/home/airflow/.local/lib/python3.12/site-packages/airflow/models/dagbag.py", line 383, in parse
    loader.exec_module(new_module)
  File "<frozen importlib._bootstrap_external>", line 999, in exec_module
  File "<frozen importlib._bootstrap>", line 488, in _call_with_frames_removed
  File "/opt/airflow/dags/bash_python.py", line 4, in <module>
    from airflow.operator.bash import BashOperator
ModuleNotFoundError: No module named 'airflow.operator'
[2026-08-04T13:03:27.061+0000] {processor.py:927} WARNING - No viable dags retrieved from /opt/airflow/dags/bash_python.py
[2026-08-04T13:03:27.105+0000] {processor.py:208} INFO - Processing /opt/airflow/dags/bash_python.py took 0.068 seconds
[2026-08-04T13:03:57.375+0000] {processor.py:186} INFO - Started process (PID=760) to work on /opt/airflow/dags/bash_python.py
[2026-08-04T13:03:57.378+0000] {processor.py:914} INFO - Processing file /opt/airflow/dags/bash_python.py for tasks to queue
[2026-08-04T13:03:57.382+0000] {logging_mixin.py:190} INFO - [2026-08-04T13:03:57.381+0000] {dagbag.py:588} INFO - Filling up the DagBag from /opt/airflow/dags/bash_python.py
[2026-08-04T13:03:57.402+0000] {logging_mixin.py:190} INFO - [2026-08-04T13:03:57.397+0000] {dagbag.py:387} ERROR - Failed to import: /opt/airflow/dags/bash_python.py
Traceback (most recent call last):
  File "/home/airflow/.local/lib/python3.12/site-packages/airflow/models/dagbag.py", line 383, in parse
    loader.exec_module(new_module)
  File "<frozen importlib._bootstrap_external>", line 999, in exec_module
  File "<frozen importlib._bootstrap>", line 488, in _call_with_frames_removed
  File "/opt/airflow/dags/bash_python.py", line 4, in <module>
    from airflow.operator.bash import BashOperator
ModuleNotFoundError: No module named 'airflow.operator'
[2026-08-04T13:03:57.405+0000] {processor.py:927} WARNING - No viable dags retrieved from /opt/airflow/dags/bash_python.py
[2026-08-04T13:03:57.435+0000] {processor.py:208} INFO - Processing /opt/airflow/dags/bash_python.py took 0.069 seconds
[2026-08-04T13:04:27.644+0000] {processor.py:186} INFO - Started process (PID=765) to work on /opt/airflow/dags/bash_python.py
[2026-08-04T13:04:27.647+0000] {processor.py:914} INFO - Processing file /opt/airflow/dags/bash_python.py for tasks to queue
[2026-08-04T13:04:27.651+0000] {logging_mixin.py:190} INFO - [2026-08-04T13:04:27.650+0000] {dagbag.py:588} INFO - Filling up the DagBag from /opt/airflow/dags/bash_python.py
[2026-08-04T13:04:27.669+0000] {logging_mixin.py:190} INFO - [2026-08-04T13:04:27.665+0000] {dagbag.py:387} ERROR - Failed to import: /opt/airflow/dags/bash_python.py
Traceback (most recent call last):
  File "/home/airflow/.local/lib/python3.12/site-packages/airflow/models/dagbag.py", line 383, in parse
    loader.exec_module(new_module)
  File "<frozen importlib._bootstrap_external>", line 999, in exec_module
  File "<frozen importlib._bootstrap>", line 488, in _call_with_frames_removed
  File "/opt/airflow/dags/bash_python.py", line 4, in <module>
    from airflow.operator.bash import BashOperator
ModuleNotFoundError: No module named 'airflow.operator'
[2026-08-04T13:04:27.672+0000] {processor.py:927} WARNING - No viable dags retrieved from /opt/airflow/dags/bash_python.py
[2026-08-04T13:04:27.726+0000] {processor.py:208} INFO - Processing /opt/airflow/dags/bash_python.py took 0.092 seconds
[2026-08-04T13:04:57.949+0000] {processor.py:186} INFO - Started process (PID=770) to work on /opt/airflow/dags/bash_python.py
[2026-08-04T13:04:57.951+0000] {processor.py:914} INFO - Processing file /opt/airflow/dags/bash_python.py for tasks to queue
[2026-08-04T13:04:57.956+0000] {logging_mixin.py:190} INFO - [2026-08-04T13:04:57.955+0000] {dagbag.py:588} INFO - Filling up the DagBag from /opt/airflow/dags/bash_python.py
[2026-08-04T13:04:57.973+0000] {logging_mixin.py:190} INFO - [2026-08-04T13:04:57.970+0000] {dagbag.py:387} ERROR - Failed to import: /opt/airflow/dags/bash_python.py
Traceback (most recent call last):
  File "/home/airflow/.local/lib/python3.12/site-packages/airflow/models/dagbag.py", line 383, in parse
    loader.exec_module(new_module)
  File "<frozen importlib._bootstrap_external>", line 999, in exec_module
  File "<frozen importlib._bootstrap>", line 488, in _call_with_frames_removed
  File "/opt/airflow/dags/bash_python.py", line 4, in <module>
    from airflow.operator.bash import BashOperator
ModuleNotFoundError: No module named 'airflow.operator'
[2026-08-04T13:04:57.975+0000] {processor.py:927} WARNING - No viable dags retrieved from /opt/airflow/dags/bash_python.py
[2026-08-04T13:04:58.004+0000] {processor.py:208} INFO - Processing /opt/airflow/dags/bash_python.py took 0.062 seconds
[2026-08-04T13:05:28.194+0000] {processor.py:186} INFO - Started process (PID=775) to work on /opt/airflow/dags/bash_python.py
[2026-08-04T13:05:28.196+0000] {processor.py:914} INFO - Processing file /opt/airflow/dags/bash_python.py for tasks to queue
[2026-08-04T13:05:28.201+0000] {logging_mixin.py:190} INFO - [2026-08-04T13:05:28.200+0000] {dagbag.py:588} INFO - Filling up the DagBag from /opt/airflow/dags/bash_python.py
[2026-08-04T13:05:28.218+0000] {logging_mixin.py:190} INFO - [2026-08-04T13:05:28.214+0000] {dagbag.py:387} ERROR - Failed to import: /opt/airflow/dags/bash_python.py
Traceback (most recent call last):
  File "/home/airflow/.local/lib/python3.12/site-packages/airflow/models/dagbag.py", line 383, in parse
    loader.exec_module(new_module)
  File "<frozen importlib._bootstrap_external>", line 999, in exec_module
  File "<frozen importlib._bootstrap>", line 488, in _call_with_frames_removed
  File "/opt/airflow/dags/bash_python.py", line 4, in <module>
    from airflow.operator.bash import BashOperator
ModuleNotFoundError: No module named 'airflow.operator'
[2026-08-04T13:05:28.220+0000] {processor.py:927} WARNING - No viable dags retrieved from /opt/airflow/dags/bash_python.py
[2026-08-04T13:05:28.273+0000] {processor.py:208} INFO - Processing /opt/airflow/dags/bash_python.py took 0.086 seconds
[2026-08-04T13:05:58.506+0000] {processor.py:186} INFO - Started process (PID=780) to work on /opt/airflow/dags/bash_python.py
[2026-08-04T13:05:58.508+0000] {processor.py:914} INFO - Processing file /opt/airflow/dags/bash_python.py for tasks to queue
[2026-08-04T13:05:58.513+0000] {logging_mixin.py:190} INFO - [2026-08-04T13:05:58.512+0000] {dagbag.py:588} INFO - Filling up the DagBag from /opt/airflow/dags/bash_python.py
[2026-08-04T13:05:58.531+0000] {logging_mixin.py:190} INFO - [2026-08-04T13:05:58.528+0000] {dagbag.py:387} ERROR - Failed to import: /opt/airflow/dags/bash_python.py
Traceback (most recent call last):
  File "/home/airflow/.local/lib/python3.12/site-packages/airflow/models/dagbag.py", line 383, in parse
    loader.exec_module(new_module)
  File "<frozen importlib._bootstrap_external>", line 999, in exec_module
  File "<frozen importlib._bootstrap>", line 488, in _call_with_frames_removed
  File "/opt/airflow/dags/bash_python.py", line 4, in <module>
    from airflow.operator.bash import BashOperator
ModuleNotFoundError: No module named 'airflow.operator'
[2026-08-04T13:05:58.533+0000] {processor.py:927} WARNING - No viable dags retrieved from /opt/airflow/dags/bash_python.py
[2026-08-04T13:05:58.562+0000] {processor.py:208} INFO - Processing /opt/airflow/dags/bash_python.py took 0.063 seconds
[2026-08-04T13:06:28.768+0000] {processor.py:186} INFO - Started process (PID=785) to work on /opt/airflow/dags/bash_python.py
[2026-08-04T13:06:28.769+0000] {processor.py:914} INFO - Processing file /opt/airflow/dags/bash_python.py for tasks to queue
[2026-08-04T13:06:28.772+0000] {logging_mixin.py:190} INFO - [2026-08-04T13:06:28.772+0000] {dagbag.py:588} INFO - Filling up the DagBag from /opt/airflow/dags/bash_python.py
[2026-08-04T13:06:28.789+0000] {logging_mixin.py:190} INFO - [2026-08-04T13:06:28.785+0000] {dagbag.py:387} ERROR - Failed to import: /opt/airflow/dags/bash_python.py
Traceback (most recent call last):
  File "/home/airflow/.local/lib/python3.12/site-packages/airflow/models/dagbag.py", line 383, in parse
    loader.exec_module(new_module)
  File "<frozen importlib._bootstrap_external>", line 999, in exec_module
  File "<frozen importlib._bootstrap>", line 488, in _call_with_frames_removed
  File "/opt/airflow/dags/bash_python.py", line 4, in <module>
    from airflow.operator.bash import BashOperator
ModuleNotFoundError: No module named 'airflow.operator'
[2026-08-04T13:06:28.791+0000] {processor.py:927} WARNING - No viable dags retrieved from /opt/airflow/dags/bash_python.py
[2026-08-04T13:06:28.814+0000] {processor.py:208} INFO - Processing /opt/airflow/dags/bash_python.py took 0.053 seconds
[2026-08-04T13:06:59.108+0000] {processor.py:186} INFO - Started process (PID=790) to work on /opt/airflow/dags/bash_python.py
[2026-08-04T13:06:59.111+0000] {processor.py:914} INFO - Processing file /opt/airflow/dags/bash_python.py for tasks to queue
[2026-08-04T13:06:59.116+0000] {logging_mixin.py:190} INFO - [2026-08-04T13:06:59.115+0000] {dagbag.py:588} INFO - Filling up the DagBag from /opt/airflow/dags/bash_python.py
[2026-08-04T13:06:59.138+0000] {logging_mixin.py:190} INFO - [2026-08-04T13:06:59.132+0000] {dagbag.py:387} ERROR - Failed to import: /opt/airflow/dags/bash_python.py
Traceback (most recent call last):
  File "/home/airflow/.local/lib/python3.12/site-packages/airflow/models/dagbag.py", line 383, in parse
    loader.exec_module(new_module)
  File "<frozen importlib._bootstrap_external>", line 999, in exec_module
  File "<frozen importlib._bootstrap>", line 488, in _call_with_frames_removed
  File "/opt/airflow/dags/bash_python.py", line 4, in <module>
    from airflow.operator.bash import BashOperator
ModuleNotFoundError: No module named 'airflow.operator'
[2026-08-04T13:06:59.140+0000] {processor.py:927} WARNING - No viable dags retrieved from /opt/airflow/dags/bash_python.py
[2026-08-04T13:06:59.174+0000] {processor.py:208} INFO - Processing /opt/airflow/dags/bash_python.py took 0.097 seconds
[2026-08-04T13:07:29.362+0000] {processor.py:186} INFO - Started process (PID=795) to work on /opt/airflow/dags/bash_python.py
[2026-08-04T13:07:29.365+0000] {processor.py:914} INFO - Processing file /opt/airflow/dags/bash_python.py for tasks to queue
[2026-08-04T13:07:29.373+0000] {logging_mixin.py:190} INFO - [2026-08-04T13:07:29.371+0000] {dagbag.py:588} INFO - Filling up the DagBag from /opt/airflow/dags/bash_python.py
[2026-08-04T13:07:29.396+0000] {logging_mixin.py:190} INFO - [2026-08-04T13:07:29.391+0000] {dagbag.py:387} ERROR - Failed to import: /opt/airflow/dags/bash_python.py
Traceback (most recent call last):
  File "/home/airflow/.local/lib/python3.12/site-packages/airflow/models/dagbag.py", line 383, in parse
    loader.exec_module(new_module)
  File "<frozen importlib._bootstrap_external>", line 999, in exec_module
  File "<frozen importlib._bootstrap>", line 488, in _call_with_frames_removed
  File "/opt/airflow/dags/bash_python.py", line 4, in <module>
    from airflow.operator.bash import BashOperator
ModuleNotFoundError: No module named 'airflow.operator'
[2026-08-04T13:07:29.399+0000] {processor.py:927} WARNING - No viable dags retrieved from /opt/airflow/dags/bash_python.py
[2026-08-04T13:07:29.443+0000] {processor.py:208} INFO - Processing /opt/airflow/dags/bash_python.py took 0.093 seconds
[2026-08-04T13:07:59.727+0000] {processor.py:186} INFO - Started process (PID=800) to work on /opt/airflow/dags/bash_python.py
[2026-08-04T13:07:59.729+0000] {processor.py:914} INFO - Processing file /opt/airflow/dags/bash_python.py for tasks to queue
[2026-08-04T13:07:59.732+0000] {logging_mixin.py:190} INFO - [2026-08-04T13:07:59.732+0000] {dagbag.py:588} INFO - Filling up the DagBag from /opt/airflow/dags/bash_python.py
[2026-08-04T13:07:59.747+0000] {logging_mixin.py:190} INFO - [2026-08-04T13:07:59.743+0000] {dagbag.py:387} ERROR - Failed to import: /opt/airflow/dags/bash_python.py
Traceback (most recent call last):
  File "/home/airflow/.local/lib/python3.12/site-packages/airflow/models/dagbag.py", line 383, in parse
    loader.exec_module(new_module)
  File "<frozen importlib._bootstrap_external>", line 999, in exec_module
  File "<frozen importlib._bootstrap>", line 488, in _call_with_frames_removed
  File "/opt/airflow/dags/bash_python.py", line 4, in <module>
    from airflow.operator.bash import BashOperator
ModuleNotFoundError: No module named 'airflow.operator'
[2026-08-04T13:07:59.749+0000] {processor.py:927} WARNING - No viable dags retrieved from /opt/airflow/dags/bash_python.py
[2026-08-04T13:07:59.778+0000] {processor.py:208} INFO - Processing /opt/airflow/dags/bash_python.py took 0.058 seconds
[2026-08-04T13:08:30.015+0000] {processor.py:186} INFO - Started process (PID=805) to work on /opt/airflow/dags/bash_python.py
[2026-08-04T13:08:30.017+0000] {processor.py:914} INFO - Processing file /opt/airflow/dags/bash_python.py for tasks to queue
[2026-08-04T13:08:30.022+0000] {logging_mixin.py:190} INFO - [2026-08-04T13:08:30.021+0000] {dagbag.py:588} INFO - Filling up the DagBag from /opt/airflow/dags/bash_python.py
[2026-08-04T13:08:30.039+0000] {logging_mixin.py:190} INFO - [2026-08-04T13:08:30.035+0000] {dagbag.py:387} ERROR - Failed to import: /opt/airflow/dags/bash_python.py
Traceback (most recent call last):
  File "/home/airflow/.local/lib/python3.12/site-packages/airflow/models/dagbag.py", line 383, in parse
    loader.exec_module(new_module)
  File "<frozen importlib._bootstrap_external>", line 999, in exec_module
  File "<frozen importlib._bootstrap>", line 488, in _call_with_frames_removed
  File "/opt/airflow/dags/bash_python.py", line 4, in <module>
    from airflow.operator.bash import BashOperator
ModuleNotFoundError: No module named 'airflow.operator'
[2026-08-04T13:08:30.041+0000] {processor.py:927} WARNING - No viable dags retrieved from /opt/airflow/dags/bash_python.py
[2026-08-04T13:08:30.069+0000] {processor.py:208} INFO - Processing /opt/airflow/dags/bash_python.py took 0.064 seconds
[2026-08-04T13:09:00.322+0000] {processor.py:186} INFO - Started process (PID=810) to work on /opt/airflow/dags/bash_python.py
[2026-08-04T13:09:00.323+0000] {processor.py:914} INFO - Processing file /opt/airflow/dags/bash_python.py for tasks to queue
[2026-08-04T13:09:00.327+0000] {logging_mixin.py:190} INFO - [2026-08-04T13:09:00.327+0000] {dagbag.py:588} INFO - Filling up the DagBag from /opt/airflow/dags/bash_python.py
[2026-08-04T13:09:00.347+0000] {logging_mixin.py:190} INFO - [2026-08-04T13:09:00.342+0000] {dagbag.py:387} ERROR - Failed to import: /opt/airflow/dags/bash_python.py
Traceback (most recent call last):
  File "/home/airflow/.local/lib/python3.12/site-packages/airflow/models/dagbag.py", line 383, in parse
    loader.exec_module(new_module)
  File "<frozen importlib._bootstrap_external>", line 999, in exec_module
  File "<frozen importlib._bootstrap>", line 488, in _call_with_frames_removed
  File "/opt/airflow/dags/bash_python.py", line 4, in <module>
    from airflow.operator.bash import BashOperator
ModuleNotFoundError: No module named 'airflow.operator'
[2026-08-04T13:09:00.349+0000] {processor.py:927} WARNING - No viable dags retrieved from /opt/airflow/dags/bash_python.py
[2026-08-04T13:09:00.378+0000] {processor.py:208} INFO - Processing /opt/airflow/dags/bash_python.py took 0.067 seconds
[2026-08-04T13:09:30.624+0000] {processor.py:186} INFO - Started process (PID=815) to work on /opt/airflow/dags/bash_python.py
[2026-08-04T13:09:30.626+0000] {processor.py:914} INFO - Processing file /opt/airflow/dags/bash_python.py for tasks to queue
[2026-08-04T13:09:30.632+0000] {logging_mixin.py:190} INFO - [2026-08-04T13:09:30.631+0000] {dagbag.py:588} INFO - Filling up the DagBag from /opt/airflow/dags/bash_python.py
[2026-08-04T13:09:30.653+0000] {logging_mixin.py:190} INFO - [2026-08-04T13:09:30.648+0000] {dagbag.py:387} ERROR - Failed to import: /opt/airflow/dags/bash_python.py
Traceback (most recent call last):
  File "/home/airflow/.local/lib/python3.12/site-packages/airflow/models/dagbag.py", line 383, in parse
    loader.exec_module(new_module)
  File "<frozen importlib._bootstrap_external>", line 999, in exec_module
  File "<frozen importlib._bootstrap>", line 488, in _call_with_frames_removed
  File "/opt/airflow/dags/bash_python.py", line 4, in <module>
    from airflow.operator.bash import BashOperator
ModuleNotFoundError: No module named 'airflow.operator'
[2026-08-04T13:09:30.656+0000] {processor.py:927} WARNING - No viable dags retrieved from /opt/airflow/dags/bash_python.py
[2026-08-04T13:09:30.686+0000] {processor.py:208} INFO - Processing /opt/airflow/dags/bash_python.py took 0.071 seconds
[2026-08-04T13:10:00.871+0000] {processor.py:186} INFO - Started process (PID=820) to work on /opt/airflow/dags/bash_python.py
[2026-08-04T13:10:00.873+0000] {processor.py:914} INFO - Processing file /opt/airflow/dags/bash_python.py for tasks to queue
[2026-08-04T13:10:00.877+0000] {logging_mixin.py:190} INFO - [2026-08-04T13:10:00.877+0000] {dagbag.py:588} INFO - Filling up the DagBag from /opt/airflow/dags/bash_python.py
[2026-08-04T13:10:00.897+0000] {logging_mixin.py:190} INFO - [2026-08-04T13:10:00.892+0000] {dagbag.py:387} ERROR - Failed to import: /opt/airflow/dags/bash_python.py
Traceback (most recent call last):
  File "/home/airflow/.local/lib/python3.12/site-packages/airflow/models/dagbag.py", line 383, in parse
    loader.exec_module(new_module)
  File "<frozen importlib._bootstrap_external>", line 999, in exec_module
  File "<frozen importlib._bootstrap>", line 488, in _call_with_frames_removed
  File "/opt/airflow/dags/bash_python.py", line 4, in <module>
    from airflow.operator.bash import BashOperator
ModuleNotFoundError: No module named 'airflow.operator'
[2026-08-04T13:10:00.900+0000] {processor.py:927} WARNING - No viable dags retrieved from /opt/airflow/dags/bash_python.py
[2026-08-04T13:10:00.929+0000] {processor.py:208} INFO - Processing /opt/airflow/dags/bash_python.py took 0.068 seconds
[2026-08-04T14:08:40.106+0000] {processor.py:186} INFO - Started process (PID=175) to work on /opt/airflow/dags/bash_python.py
[2026-08-04T14:08:40.108+0000] {processor.py:914} INFO - Processing file /opt/airflow/dags/bash_python.py for tasks to queue
[2026-08-04T14:08:40.110+0000] {logging_mixin.py:190} INFO - [2026-08-04T14:08:40.110+0000] {dagbag.py:588} INFO - Filling up the DagBag from /opt/airflow/dags/bash_python.py
[2026-08-04T14:08:40.129+0000] {logging_mixin.py:190} INFO - [2026-08-04T14:08:40.126+0000] {dagbag.py:387} ERROR - Failed to import: /opt/airflow/dags/bash_python.py
Traceback (most recent call last):
  File "/home/airflow/.local/lib/python3.12/site-packages/airflow/models/dagbag.py", line 383, in parse
    loader.exec_module(new_module)
  File "<frozen importlib._bootstrap_external>", line 995, in exec_module
  File "<frozen importlib._bootstrap_external>", line 1133, in get_code
  File "<frozen importlib._bootstrap_external>", line 1063, in source_to_code
  File "<frozen importlib._bootstrap>", line 488, in _call_with_frames_removed
  File "/opt/airflow/dags/bash_python.py", line 7
    import requests.exeptions from requests_exeptions
    ^^^^^^^^^^^^^^^^^^^^^^^^^^^^^^^^^^^^^^^^^^^^^^^^^
SyntaxError: Did you mean to use 'from ... import ...' instead?
[2026-08-04T14:08:40.130+0000] {processor.py:927} WARNING - No viable dags retrieved from /opt/airflow/dags/bash_python.py
[2026-08-04T14:08:40.155+0000] {processor.py:208} INFO - Processing /opt/airflow/dags/bash_python.py took 0.056 seconds
[2026-08-04T14:09:10.369+0000] {processor.py:186} INFO - Started process (PID=180) to work on /opt/airflow/dags/bash_python.py
[2026-08-04T14:09:10.371+0000] {processor.py:914} INFO - Processing file /opt/airflow/dags/bash_python.py for tasks to queue
[2026-08-04T14:09:10.375+0000] {logging_mixin.py:190} INFO - [2026-08-04T14:09:10.374+0000] {dagbag.py:588} INFO - Filling up the DagBag from /opt/airflow/dags/bash_python.py
[2026-08-04T14:09:10.393+0000] {logging_mixin.py:190} INFO - [2026-08-04T14:09:10.391+0000] {dagbag.py:387} ERROR - Failed to import: /opt/airflow/dags/bash_python.py
Traceback (most recent call last):
  File "/home/airflow/.local/lib/python3.12/site-packages/airflow/models/dagbag.py", line 383, in parse
    loader.exec_module(new_module)
  File "<frozen importlib._bootstrap_external>", line 995, in exec_module
  File "<frozen importlib._bootstrap_external>", line 1133, in get_code
  File "<frozen importlib._bootstrap_external>", line 1063, in source_to_code
  File "<frozen importlib._bootstrap>", line 488, in _call_with_frames_removed
  File "/opt/airflow/dags/bash_python.py", line 7
    import requests.exeptions from requests_exeptions
    ^^^^^^^^^^^^^^^^^^^^^^^^^^^^^^^^^^^^^^^^^^^^^^^^^
SyntaxError: Did you mean to use 'from ... import ...' instead?
[2026-08-04T14:09:10.394+0000] {processor.py:927} WARNING - No viable dags retrieved from /opt/airflow/dags/bash_python.py
[2026-08-04T14:09:10.445+0000] {processor.py:208} INFO - Processing /opt/airflow/dags/bash_python.py took 0.086 seconds
[2026-08-04T14:09:40.634+0000] {processor.py:186} INFO - Started process (PID=185) to work on /opt/airflow/dags/bash_python.py
[2026-08-04T14:09:40.636+0000] {processor.py:914} INFO - Processing file /opt/airflow/dags/bash_python.py for tasks to queue
[2026-08-04T14:09:40.639+0000] {logging_mixin.py:190} INFO - [2026-08-04T14:09:40.639+0000] {dagbag.py:588} INFO - Filling up the DagBag from /opt/airflow/dags/bash_python.py
[2026-08-04T14:09:40.657+0000] {logging_mixin.py:190} INFO - [2026-08-04T14:09:40.655+0000] {dagbag.py:387} ERROR - Failed to import: /opt/airflow/dags/bash_python.py
Traceback (most recent call last):
  File "/home/airflow/.local/lib/python3.12/site-packages/airflow/models/dagbag.py", line 383, in parse
    loader.exec_module(new_module)
  File "<frozen importlib._bootstrap_external>", line 995, in exec_module
  File "<frozen importlib._bootstrap_external>", line 1133, in get_code
  File "<frozen importlib._bootstrap_external>", line 1063, in source_to_code
  File "<frozen importlib._bootstrap>", line 488, in _call_with_frames_removed
  File "/opt/airflow/dags/bash_python.py", line 7
    import requests.exeptions from requests_exeptions
    ^^^^^^^^^^^^^^^^^^^^^^^^^^^^^^^^^^^^^^^^^^^^^^^^^
SyntaxError: Did you mean to use 'from ... import ...' instead?
[2026-08-04T14:09:40.658+0000] {processor.py:927} WARNING - No viable dags retrieved from /opt/airflow/dags/bash_python.py
[2026-08-04T14:09:40.705+0000] {processor.py:208} INFO - Processing /opt/airflow/dags/bash_python.py took 0.078 seconds
[2026-08-04T14:09:54.804+0000] {processor.py:186} INFO - Started process (PID=190) to work on /opt/airflow/dags/bash_python.py
[2026-08-04T14:09:54.807+0000] {processor.py:914} INFO - Processing file /opt/airflow/dags/bash_python.py for tasks to queue
[2026-08-04T14:09:54.810+0000] {logging_mixin.py:190} INFO - [2026-08-04T14:09:54.810+0000] {dagbag.py:588} INFO - Filling up the DagBag from /opt/airflow/dags/bash_python.py
[2026-08-04T14:09:54.839+0000] {logging_mixin.py:190} INFO - [2026-08-04T14:09:54.836+0000] {dagbag.py:387} ERROR - Failed to import: /opt/airflow/dags/bash_python.py
Traceback (most recent call last):
  File "/home/airflow/.local/lib/python3.12/site-packages/airflow/models/dagbag.py", line 383, in parse
    loader.exec_module(new_module)
  File "<frozen importlib._bootstrap_external>", line 999, in exec_module
  File "<frozen importlib._bootstrap>", line 488, in _call_with_frames_removed
  File "/opt/airflow/dags/bash_python.py", line 7, in <module>
    import requests.exeptions as requests_exeptions
ModuleNotFoundError: No module named 'requests.exeptions'
[2026-08-04T14:09:54.841+0000] {processor.py:927} WARNING - No viable dags retrieved from /opt/airflow/dags/bash_python.py
[2026-08-04T14:09:54.870+0000] {processor.py:208} INFO - Processing /opt/airflow/dags/bash_python.py took 0.073 seconds
[2026-08-04T14:10:25.122+0000] {processor.py:186} INFO - Started process (PID=195) to work on /opt/airflow/dags/bash_python.py
[2026-08-04T14:10:25.129+0000] {processor.py:914} INFO - Processing file /opt/airflow/dags/bash_python.py for tasks to queue
[2026-08-04T14:10:25.140+0000] {logging_mixin.py:190} INFO - [2026-08-04T14:10:25.139+0000] {dagbag.py:588} INFO - Filling up the DagBag from /opt/airflow/dags/bash_python.py
[2026-08-04T14:10:25.193+0000] {logging_mixin.py:190} INFO - [2026-08-04T14:10:25.184+0000] {dagbag.py:387} ERROR - Failed to import: /opt/airflow/dags/bash_python.py
Traceback (most recent call last):
  File "/home/airflow/.local/lib/python3.12/site-packages/airflow/models/dagbag.py", line 383, in parse
    loader.exec_module(new_module)
  File "<frozen importlib._bootstrap_external>", line 999, in exec_module
  File "<frozen importlib._bootstrap>", line 488, in _call_with_frames_removed
  File "/opt/airflow/dags/bash_python.py", line 7, in <module>
    import requests.exeptions as requests_exeptions
ModuleNotFoundError: No module named 'requests.exeptions'
[2026-08-04T14:10:25.199+0000] {processor.py:927} WARNING - No viable dags retrieved from /opt/airflow/dags/bash_python.py
[2026-08-04T14:10:25.248+0000] {processor.py:208} INFO - Processing /opt/airflow/dags/bash_python.py took 0.144 seconds
[2026-08-04T14:10:35.375+0000] {processor.py:186} INFO - Started process (PID=200) to work on /opt/airflow/dags/bash_python.py
[2026-08-04T14:10:35.377+0000] {processor.py:914} INFO - Processing file /opt/airflow/dags/bash_python.py for tasks to queue
[2026-08-04T14:10:35.380+0000] {logging_mixin.py:190} INFO - [2026-08-04T14:10:35.380+0000] {dagbag.py:588} INFO - Filling up the DagBag from /opt/airflow/dags/bash_python.py
[2026-08-04T14:10:35.408+0000] {logging_mixin.py:190} INFO - [2026-08-04T14:10:35.404+0000] {dagbag.py:387} ERROR - Failed to import: /opt/airflow/dags/bash_python.py
Traceback (most recent call last):
  File "/home/airflow/.local/lib/python3.12/site-packages/airflow/models/dagbag.py", line 383, in parse
    loader.exec_module(new_module)
  File "<frozen importlib._bootstrap_external>", line 999, in exec_module
  File "<frozen importlib._bootstrap>", line 488, in _call_with_frames_removed
  File "/opt/airflow/dags/bash_python.py", line 9, in <module>
    from airflow.operator.bash import BashOperator
ModuleNotFoundError: No module named 'airflow.operator'
[2026-08-04T14:10:35.410+0000] {processor.py:927} WARNING - No viable dags retrieved from /opt/airflow/dags/bash_python.py
[2026-08-04T14:10:35.436+0000] {processor.py:208} INFO - Processing /opt/airflow/dags/bash_python.py took 0.070 seconds
[2026-08-04T14:11:01.706+0000] {processor.py:186} INFO - Started process (PID=205) to work on /opt/airflow/dags/bash_python.py
[2026-08-04T14:11:01.708+0000] {processor.py:914} INFO - Processing file /opt/airflow/dags/bash_python.py for tasks to queue
[2026-08-04T14:11:01.711+0000] {logging_mixin.py:190} INFO - [2026-08-04T14:11:01.711+0000] {dagbag.py:588} INFO - Filling up the DagBag from /opt/airflow/dags/bash_python.py
[2026-08-04T14:11:01.746+0000] {logging_mixin.py:190} INFO - [2026-08-04T14:11:01.739+0000] {dagbag.py:387} ERROR - Failed to import: /opt/airflow/dags/bash_python.py
Traceback (most recent call last):
  File "/home/airflow/.local/lib/python3.12/site-packages/airflow/models/dagbag.py", line 383, in parse
    loader.exec_module(new_module)
  File "<frozen importlib._bootstrap_external>", line 999, in exec_module
  File "<frozen importlib._bootstrap>", line 488, in _call_with_frames_removed
  File "/opt/airflow/dags/bash_python.py", line 45, in <module>
    get_picture = PythonOperator(
                  ^^^^^^^^^^^^^^^
  File "/home/airflow/.local/lib/python3.12/site-packages/airflow/models/baseoperator.py", line 491, in apply_defaults
    raise AirflowException(f"missing keyword argument {missing_args.pop()!r}")
airflow.exceptions.AirflowException: missing keyword argument 'python_callable'
[2026-08-04T14:11:01.749+0000] {processor.py:927} WARNING - No viable dags retrieved from /opt/airflow/dags/bash_python.py
[2026-08-04T14:11:01.785+0000] {processor.py:208} INFO - Processing /opt/airflow/dags/bash_python.py took 0.088 seconds
[2026-08-04T14:11:31.957+0000] {processor.py:186} INFO - Started process (PID=210) to work on /opt/airflow/dags/bash_python.py
[2026-08-04T14:11:31.960+0000] {processor.py:914} INFO - Processing file /opt/airflow/dags/bash_python.py for tasks to queue
[2026-08-04T14:11:31.963+0000] {logging_mixin.py:190} INFO - [2026-08-04T14:11:31.963+0000] {dagbag.py:588} INFO - Filling up the DagBag from /opt/airflow/dags/bash_python.py
[2026-08-04T14:11:31.986+0000] {logging_mixin.py:190} INFO - [2026-08-04T14:11:31.981+0000] {dagbag.py:387} ERROR - Failed to import: /opt/airflow/dags/bash_python.py
Traceback (most recent call last):
  File "/home/airflow/.local/lib/python3.12/site-packages/airflow/models/dagbag.py", line 383, in parse
    loader.exec_module(new_module)
  File "<frozen importlib._bootstrap_external>", line 999, in exec_module
  File "<frozen importlib._bootstrap>", line 488, in _call_with_frames_removed
  File "/opt/airflow/dags/bash_python.py", line 45, in <module>
    get_picture = PythonOperator(
                  ^^^^^^^^^^^^^^^
  File "/home/airflow/.local/lib/python3.12/site-packages/airflow/models/baseoperator.py", line 491, in apply_defaults
    raise AirflowException(f"missing keyword argument {missing_args.pop()!r}")
airflow.exceptions.AirflowException: missing keyword argument 'python_callable'
[2026-08-04T14:11:31.988+0000] {processor.py:927} WARNING - No viable dags retrieved from /opt/airflow/dags/bash_python.py
[2026-08-04T14:11:32.013+0000] {processor.py:208} INFO - Processing /opt/airflow/dags/bash_python.py took 0.067 seconds
[2026-08-04T14:11:37.084+0000] {processor.py:186} INFO - Started process (PID=215) to work on /opt/airflow/dags/bash_python.py
[2026-08-04T14:11:37.086+0000] {processor.py:914} INFO - Processing file /opt/airflow/dags/bash_python.py for tasks to queue
[2026-08-04T14:11:37.091+0000] {logging_mixin.py:190} INFO - [2026-08-04T14:11:37.090+0000] {dagbag.py:588} INFO - Filling up the DagBag from /opt/airflow/dags/bash_python.py
[2026-08-04T14:11:37.164+0000] {processor.py:925} INFO - DAG(s) 'download_rocket_launches' retrieved from /opt/airflow/dags/bash_python.py
[2026-08-04T14:11:37.511+0000] {logging_mixin.py:190} INFO - [2026-08-04T14:11:37.510+0000] {override.py:1912} INFO - Created Permission View: can delete on DAG:download_rocket_launches
[2026-08-04T14:11:37.526+0000] {logging_mixin.py:190} INFO - [2026-08-04T14:11:37.525+0000] {override.py:1912} INFO - Created Permission View: can read on DAG:download_rocket_launches
[2026-08-04T14:11:37.541+0000] {logging_mixin.py:190} INFO - [2026-08-04T14:11:37.541+0000] {override.py:1912} INFO - Created Permission View: can edit on DAG:download_rocket_launches
[2026-08-04T14:11:37.554+0000] {logging_mixin.py:190} INFO - [2026-08-04T14:11:37.553+0000] {override.py:1912} INFO - Created Permission View: can delete on DAG Run:download_rocket_launches
[2026-08-04T14:11:37.567+0000] {logging_mixin.py:190} INFO - [2026-08-04T14:11:37.566+0000] {override.py:1912} INFO - Created Permission View: can create on DAG Run:download_rocket_launches
[2026-08-04T14:11:37.580+0000] {logging_mixin.py:190} INFO - [2026-08-04T14:11:37.579+0000] {override.py:1912} INFO - Created Permission View: can read on DAG Run:download_rocket_launches
[2026-08-04T14:11:37.595+0000] {logging_mixin.py:190} INFO - [2026-08-04T14:11:37.594+0000] {override.py:1912} INFO - Created Permission View: menu access on DAG Run:download_rocket_launches
[2026-08-04T14:11:37.596+0000] {logging_mixin.py:190} INFO - [2026-08-04T14:11:37.596+0000] {dag.py:3239} INFO - Sync 1 DAGs
[2026-08-04T14:11:37.622+0000] {logging_mixin.py:190} INFO - [2026-08-04T14:11:37.621+0000] {dag.py:3262} INFO - Creating ORM DAG for download_rocket_launches
[2026-08-04T14:11:37.624+0000] {logging_mixin.py:190} INFO - [2026-08-04T14:11:37.623+0000] {dag.py:4180} INFO - Setting next_dagrun for download_rocket_launches to None, run_after=None
[2026-08-04T14:11:37.657+0000] {processor.py:208} INFO - Processing /opt/airflow/dags/bash_python.py took 0.580 seconds
[2026-08-04T14:12:15.018+0000] {processor.py:186} INFO - Started process (PID=220) to work on /opt/airflow/dags/bash_python.py
[2026-08-04T14:12:15.019+0000] {processor.py:914} INFO - Processing file /opt/airflow/dags/bash_python.py for tasks to queue
[2026-08-04T14:12:15.022+0000] {logging_mixin.py:190} INFO - [2026-08-04T14:12:15.022+0000] {dagbag.py:588} INFO - Filling up the DagBag from /opt/airflow/dags/bash_python.py
[2026-08-04T14:12:15.040+0000] {processor.py:925} INFO - DAG(s) 'download_rocket_launches' retrieved from /opt/airflow/dags/bash_python.py
[2026-08-04T14:12:15.071+0000] {logging_mixin.py:190} INFO - [2026-08-04T14:12:15.071+0000] {dag.py:3239} INFO - Sync 1 DAGs
[2026-08-04T14:12:15.086+0000] {logging_mixin.py:190} INFO - [2026-08-04T14:12:15.085+0000] {dag.py:4180} INFO - Setting next_dagrun for download_rocket_launches to None, run_after=None
[2026-08-04T14:12:15.105+0000] {processor.py:208} INFO - Processing /opt/airflow/dags/bash_python.py took 0.095 seconds
[2026-08-04T14:12:45.212+0000] {processor.py:186} INFO - Started process (PID=225) to work on /opt/airflow/dags/bash_python.py
[2026-08-04T14:12:45.213+0000] {processor.py:914} INFO - Processing file /opt/airflow/dags/bash_python.py for tasks to queue
[2026-08-04T14:12:45.216+0000] {logging_mixin.py:190} INFO - [2026-08-04T14:12:45.215+0000] {dagbag.py:588} INFO - Filling up the DagBag from /opt/airflow/dags/bash_python.py
[2026-08-04T14:12:45.233+0000] {processor.py:925} INFO - DAG(s) 'download_rocket_launches' retrieved from /opt/airflow/dags/bash_python.py
[2026-08-04T14:12:45.264+0000] {logging_mixin.py:190} INFO - [2026-08-04T14:12:45.263+0000] {dag.py:3239} INFO - Sync 1 DAGs
[2026-08-04T14:12:45.278+0000] {logging_mixin.py:190} INFO - [2026-08-04T14:12:45.278+0000] {dag.py:4180} INFO - Setting next_dagrun for download_rocket_launches to None, run_after=None
[2026-08-04T14:12:45.298+0000] {processor.py:208} INFO - Processing /opt/airflow/dags/bash_python.py took 0.092 seconds
[2026-08-04T14:13:15.543+0000] {processor.py:186} INFO - Started process (PID=230) to work on /opt/airflow/dags/bash_python.py
[2026-08-04T14:13:15.544+0000] {processor.py:914} INFO - Processing file /opt/airflow/dags/bash_python.py for tasks to queue
[2026-08-04T14:13:15.547+0000] {logging_mixin.py:190} INFO - [2026-08-04T14:13:15.547+0000] {dagbag.py:588} INFO - Filling up the DagBag from /opt/airflow/dags/bash_python.py
[2026-08-04T14:13:15.563+0000] {processor.py:925} INFO - DAG(s) 'download_rocket_launches' retrieved from /opt/airflow/dags/bash_python.py
[2026-08-04T14:13:15.602+0000] {logging_mixin.py:190} INFO - [2026-08-04T14:13:15.602+0000] {dag.py:3239} INFO - Sync 1 DAGs
[2026-08-04T14:13:15.618+0000] {logging_mixin.py:190} INFO - [2026-08-04T14:13:15.618+0000] {dag.py:4180} INFO - Setting next_dagrun for download_rocket_launches to None, run_after=None
[2026-08-04T14:13:15.647+0000] {processor.py:208} INFO - Processing /opt/airflow/dags/bash_python.py took 0.108 seconds
[2026-08-04T14:13:45.812+0000] {processor.py:186} INFO - Started process (PID=235) to work on /opt/airflow/dags/bash_python.py
[2026-08-04T14:13:45.813+0000] {processor.py:914} INFO - Processing file /opt/airflow/dags/bash_python.py for tasks to queue
[2026-08-04T14:13:45.817+0000] {logging_mixin.py:190} INFO - [2026-08-04T14:13:45.817+0000] {dagbag.py:588} INFO - Filling up the DagBag from /opt/airflow/dags/bash_python.py
[2026-08-04T14:13:45.834+0000] {processor.py:925} INFO - DAG(s) 'download_rocket_launches' retrieved from /opt/airflow/dags/bash_python.py
[2026-08-04T14:13:45.858+0000] {logging_mixin.py:190} INFO - [2026-08-04T14:13:45.858+0000] {dag.py:3239} INFO - Sync 1 DAGs
[2026-08-04T14:13:45.871+0000] {logging_mixin.py:190} INFO - [2026-08-04T14:13:45.870+0000] {dag.py:4180} INFO - Setting next_dagrun for download_rocket_launches to None, run_after=None
[2026-08-04T14:13:45.913+0000] {processor.py:208} INFO - Processing /opt/airflow/dags/bash_python.py took 0.107 seconds
[2026-08-04T14:14:16.079+0000] {processor.py:186} INFO - Started process (PID=240) to work on /opt/airflow/dags/bash_python.py
[2026-08-04T14:14:16.082+0000] {processor.py:914} INFO - Processing file /opt/airflow/dags/bash_python.py for tasks to queue
[2026-08-04T14:14:16.086+0000] {logging_mixin.py:190} INFO - [2026-08-04T14:14:16.086+0000] {dagbag.py:588} INFO - Filling up the DagBag from /opt/airflow/dags/bash_python.py
[2026-08-04T14:14:16.111+0000] {processor.py:925} INFO - DAG(s) 'download_rocket_launches' retrieved from /opt/airflow/dags/bash_python.py
[2026-08-04T14:14:16.148+0000] {logging_mixin.py:190} INFO - [2026-08-04T14:14:16.148+0000] {dag.py:3239} INFO - Sync 1 DAGs
[2026-08-04T14:14:16.162+0000] {logging_mixin.py:190} INFO - [2026-08-04T14:14:16.162+0000] {dag.py:4180} INFO - Setting next_dagrun for download_rocket_launches to None, run_after=None
[2026-08-04T14:14:16.183+0000] {processor.py:208} INFO - Processing /opt/airflow/dags/bash_python.py took 0.113 seconds
[2026-08-04T14:14:46.368+0000] {processor.py:186} INFO - Started process (PID=245) to work on /opt/airflow/dags/bash_python.py
[2026-08-04T14:14:46.370+0000] {processor.py:914} INFO - Processing file /opt/airflow/dags/bash_python.py for tasks to queue
[2026-08-04T14:14:46.374+0000] {logging_mixin.py:190} INFO - [2026-08-04T14:14:46.373+0000] {dagbag.py:588} INFO - Filling up the DagBag from /opt/airflow/dags/bash_python.py
[2026-08-04T14:14:46.394+0000] {processor.py:925} INFO - DAG(s) 'download_rocket_launches' retrieved from /opt/airflow/dags/bash_python.py
[2026-08-04T14:14:46.432+0000] {logging_mixin.py:190} INFO - [2026-08-04T14:14:46.431+0000] {dag.py:3239} INFO - Sync 1 DAGs
[2026-08-04T14:14:46.449+0000] {logging_mixin.py:190} INFO - [2026-08-04T14:14:46.449+0000] {dag.py:4180} INFO - Setting next_dagrun for download_rocket_launches to None, run_after=None
[2026-08-04T14:14:46.477+0000] {processor.py:208} INFO - Processing /opt/airflow/dags/bash_python.py took 0.117 seconds
[2026-08-04T14:15:16.627+0000] {processor.py:186} INFO - Started process (PID=250) to work on /opt/airflow/dags/bash_python.py
[2026-08-04T14:15:16.630+0000] {processor.py:914} INFO - Processing file /opt/airflow/dags/bash_python.py for tasks to queue
[2026-08-04T14:15:16.634+0000] {logging_mixin.py:190} INFO - [2026-08-04T14:15:16.633+0000] {dagbag.py:588} INFO - Filling up the DagBag from /opt/airflow/dags/bash_python.py
[2026-08-04T14:15:16.654+0000] {processor.py:925} INFO - DAG(s) 'download_rocket_launches' retrieved from /opt/airflow/dags/bash_python.py
[2026-08-04T14:15:16.685+0000] {logging_mixin.py:190} INFO - [2026-08-04T14:15:16.684+0000] {dag.py:3239} INFO - Sync 1 DAGs
[2026-08-04T14:15:16.700+0000] {logging_mixin.py:190} INFO - [2026-08-04T14:15:16.699+0000] {dag.py:4180} INFO - Setting next_dagrun for download_rocket_launches to None, run_after=None
[2026-08-04T14:15:16.731+0000] {processor.py:208} INFO - Processing /opt/airflow/dags/bash_python.py took 0.112 seconds
[2026-08-04T14:15:46.883+0000] {processor.py:186} INFO - Started process (PID=255) to work on /opt/airflow/dags/bash_python.py
[2026-08-04T14:15:46.884+0000] {processor.py:914} INFO - Processing file /opt/airflow/dags/bash_python.py for tasks to queue
[2026-08-04T14:15:46.886+0000] {logging_mixin.py:190} INFO - [2026-08-04T14:15:46.886+0000] {dagbag.py:588} INFO - Filling up the DagBag from /opt/airflow/dags/bash_python.py
[2026-08-04T14:15:46.902+0000] {processor.py:925} INFO - DAG(s) 'download_rocket_launches' retrieved from /opt/airflow/dags/bash_python.py
[2026-08-04T14:15:46.930+0000] {logging_mixin.py:190} INFO - [2026-08-04T14:15:46.929+0000] {dag.py:3239} INFO - Sync 1 DAGs
[2026-08-04T14:15:46.954+0000] {logging_mixin.py:190} INFO - [2026-08-04T14:15:46.954+0000] {dag.py:4180} INFO - Setting next_dagrun for download_rocket_launches to None, run_after=None
[2026-08-04T14:15:46.999+0000] {processor.py:208} INFO - Processing /opt/airflow/dags/bash_python.py took 0.121 seconds
[2026-08-04T14:16:17.170+0000] {processor.py:186} INFO - Started process (PID=260) to work on /opt/airflow/dags/bash_python.py
[2026-08-04T14:16:17.171+0000] {processor.py:914} INFO - Processing file /opt/airflow/dags/bash_python.py for tasks to queue
[2026-08-04T14:16:17.174+0000] {logging_mixin.py:190} INFO - [2026-08-04T14:16:17.173+0000] {dagbag.py:588} INFO - Filling up the DagBag from /opt/airflow/dags/bash_python.py
[2026-08-04T14:16:17.190+0000] {processor.py:925} INFO - DAG(s) 'download_rocket_launches' retrieved from /opt/airflow/dags/bash_python.py
[2026-08-04T14:16:17.239+0000] {logging_mixin.py:190} INFO - [2026-08-04T14:16:17.239+0000] {dag.py:3239} INFO - Sync 1 DAGs
[2026-08-04T14:16:17.253+0000] {logging_mixin.py:190} INFO - [2026-08-04T14:16:17.253+0000] {dag.py:4180} INFO - Setting next_dagrun for download_rocket_launches to None, run_after=None
[2026-08-04T14:16:17.271+0000] {processor.py:208} INFO - Processing /opt/airflow/dags/bash_python.py took 0.106 seconds
[2026-08-04T14:16:47.432+0000] {processor.py:186} INFO - Started process (PID=265) to work on /opt/airflow/dags/bash_python.py
[2026-08-04T14:16:47.434+0000] {processor.py:914} INFO - Processing file /opt/airflow/dags/bash_python.py for tasks to queue
[2026-08-04T14:16:47.440+0000] {logging_mixin.py:190} INFO - [2026-08-04T14:16:47.440+0000] {dagbag.py:588} INFO - Filling up the DagBag from /opt/airflow/dags/bash_python.py
[2026-08-04T14:16:47.456+0000] {processor.py:925} INFO - DAG(s) 'download_rocket_launches' retrieved from /opt/airflow/dags/bash_python.py
[2026-08-04T14:16:47.482+0000] {logging_mixin.py:190} INFO - [2026-08-04T14:16:47.482+0000] {dag.py:3239} INFO - Sync 1 DAGs
[2026-08-04T14:16:47.496+0000] {logging_mixin.py:190} INFO - [2026-08-04T14:16:47.496+0000] {dag.py:4180} INFO - Setting next_dagrun for download_rocket_launches to None, run_after=None
[2026-08-04T14:16:47.520+0000] {processor.py:208} INFO - Processing /opt/airflow/dags/bash_python.py took 0.093 seconds
[2026-08-04T14:17:17.647+0000] {processor.py:186} INFO - Started process (PID=270) to work on /opt/airflow/dags/bash_python.py
[2026-08-04T14:17:17.649+0000] {processor.py:914} INFO - Processing file /opt/airflow/dags/bash_python.py for tasks to queue
[2026-08-04T14:17:17.652+0000] {logging_mixin.py:190} INFO - [2026-08-04T14:17:17.651+0000] {dagbag.py:588} INFO - Filling up the DagBag from /opt/airflow/dags/bash_python.py
[2026-08-04T14:17:17.667+0000] {processor.py:925} INFO - DAG(s) 'download_rocket_launches' retrieved from /opt/airflow/dags/bash_python.py
[2026-08-04T14:17:17.694+0000] {logging_mixin.py:190} INFO - [2026-08-04T14:17:17.693+0000] {dag.py:3239} INFO - Sync 1 DAGs
[2026-08-04T14:17:17.705+0000] {logging_mixin.py:190} INFO - [2026-08-04T14:17:17.705+0000] {dag.py:4180} INFO - Setting next_dagrun for download_rocket_launches to None, run_after=None
[2026-08-04T14:17:17.727+0000] {processor.py:208} INFO - Processing /opt/airflow/dags/bash_python.py took 0.085 seconds
[2026-08-04T14:17:47.909+0000] {processor.py:186} INFO - Started process (PID=275) to work on /opt/airflow/dags/bash_python.py
[2026-08-04T14:17:47.911+0000] {processor.py:914} INFO - Processing file /opt/airflow/dags/bash_python.py for tasks to queue
[2026-08-04T14:17:47.913+0000] {logging_mixin.py:190} INFO - [2026-08-04T14:17:47.913+0000] {dagbag.py:588} INFO - Filling up the DagBag from /opt/airflow/dags/bash_python.py
[2026-08-04T14:17:47.932+0000] {processor.py:925} INFO - DAG(s) 'download_rocket_launches' retrieved from /opt/airflow/dags/bash_python.py
[2026-08-04T14:17:47.963+0000] {logging_mixin.py:190} INFO - [2026-08-04T14:17:47.963+0000] {dag.py:3239} INFO - Sync 1 DAGs
[2026-08-04T14:17:47.980+0000] {logging_mixin.py:190} INFO - [2026-08-04T14:17:47.979+0000] {dag.py:4180} INFO - Setting next_dagrun for download_rocket_launches to None, run_after=None
[2026-08-04T14:17:48.002+0000] {processor.py:208} INFO - Processing /opt/airflow/dags/bash_python.py took 0.099 seconds
[2026-08-04T14:18:18.106+0000] {processor.py:186} INFO - Started process (PID=280) to work on /opt/airflow/dags/bash_python.py
[2026-08-04T14:18:18.107+0000] {processor.py:914} INFO - Processing file /opt/airflow/dags/bash_python.py for tasks to queue
[2026-08-04T14:18:18.109+0000] {logging_mixin.py:190} INFO - [2026-08-04T14:18:18.109+0000] {dagbag.py:588} INFO - Filling up the DagBag from /opt/airflow/dags/bash_python.py
[2026-08-04T14:18:18.126+0000] {processor.py:925} INFO - DAG(s) 'download_rocket_launches' retrieved from /opt/airflow/dags/bash_python.py
[2026-08-04T14:18:18.156+0000] {logging_mixin.py:190} INFO - [2026-08-04T14:18:18.156+0000] {dag.py:3239} INFO - Sync 1 DAGs
[2026-08-04T14:18:18.171+0000] {logging_mixin.py:190} INFO - [2026-08-04T14:18:18.171+0000] {dag.py:4180} INFO - Setting next_dagrun for download_rocket_launches to None, run_after=None
[2026-08-04T14:18:18.192+0000] {processor.py:208} INFO - Processing /opt/airflow/dags/bash_python.py took 0.090 seconds
[2026-08-04T14:18:48.467+0000] {processor.py:186} INFO - Started process (PID=285) to work on /opt/airflow/dags/bash_python.py
[2026-08-04T14:18:48.468+0000] {processor.py:914} INFO - Processing file /opt/airflow/dags/bash_python.py for tasks to queue
[2026-08-04T14:18:48.470+0000] {logging_mixin.py:190} INFO - [2026-08-04T14:18:48.470+0000] {dagbag.py:588} INFO - Filling up the DagBag from /opt/airflow/dags/bash_python.py
[2026-08-04T14:18:48.488+0000] {processor.py:925} INFO - DAG(s) 'download_rocket_launches' retrieved from /opt/airflow/dags/bash_python.py
[2026-08-04T14:18:48.513+0000] {logging_mixin.py:190} INFO - [2026-08-04T14:18:48.513+0000] {dag.py:3239} INFO - Sync 1 DAGs
[2026-08-04T14:18:48.528+0000] {logging_mixin.py:190} INFO - [2026-08-04T14:18:48.528+0000] {dag.py:4180} INFO - Setting next_dagrun for download_rocket_launches to None, run_after=None
[2026-08-04T14:18:48.547+0000] {processor.py:208} INFO - Processing /opt/airflow/dags/bash_python.py took 0.085 seconds
[2026-08-04T14:19:18.733+0000] {processor.py:186} INFO - Started process (PID=290) to work on /opt/airflow/dags/bash_python.py
[2026-08-04T14:19:18.739+0000] {processor.py:914} INFO - Processing file /opt/airflow/dags/bash_python.py for tasks to queue
[2026-08-04T14:19:18.753+0000] {logging_mixin.py:190} INFO - [2026-08-04T14:19:18.751+0000] {dagbag.py:588} INFO - Filling up the DagBag from /opt/airflow/dags/bash_python.py
[2026-08-04T14:19:18.791+0000] {processor.py:925} INFO - DAG(s) 'download_rocket_launches' retrieved from /opt/airflow/dags/bash_python.py
[2026-08-04T14:19:18.872+0000] {logging_mixin.py:190} INFO - [2026-08-04T14:19:18.872+0000] {dag.py:3239} INFO - Sync 1 DAGs
[2026-08-04T14:19:18.909+0000] {logging_mixin.py:190} INFO - [2026-08-04T14:19:18.908+0000] {dag.py:4180} INFO - Setting next_dagrun for download_rocket_launches to None, run_after=None
[2026-08-04T14:19:18.944+0000] {processor.py:208} INFO - Processing /opt/airflow/dags/bash_python.py took 0.255 seconds
[2026-08-04T14:19:49.172+0000] {processor.py:186} INFO - Started process (PID=295) to work on /opt/airflow/dags/bash_python.py
[2026-08-04T14:19:49.174+0000] {processor.py:914} INFO - Processing file /opt/airflow/dags/bash_python.py for tasks to queue
[2026-08-04T14:19:49.180+0000] {logging_mixin.py:190} INFO - [2026-08-04T14:19:49.180+0000] {dagbag.py:588} INFO - Filling up the DagBag from /opt/airflow/dags/bash_python.py
[2026-08-04T14:19:49.200+0000] {processor.py:925} INFO - DAG(s) 'download_rocket_launches' retrieved from /opt/airflow/dags/bash_python.py
[2026-08-04T14:19:49.243+0000] {logging_mixin.py:190} INFO - [2026-08-04T14:19:49.242+0000] {dag.py:3239} INFO - Sync 1 DAGs
[2026-08-04T14:19:49.270+0000] {logging_mixin.py:190} INFO - [2026-08-04T14:19:49.270+0000] {dag.py:4180} INFO - Setting next_dagrun for download_rocket_launches to None, run_after=None
[2026-08-04T14:19:49.322+0000] {processor.py:208} INFO - Processing /opt/airflow/dags/bash_python.py took 0.158 seconds
[2026-08-04T14:20:19.548+0000] {processor.py:186} INFO - Started process (PID=300) to work on /opt/airflow/dags/bash_python.py
[2026-08-04T14:20:19.549+0000] {processor.py:914} INFO - Processing file /opt/airflow/dags/bash_python.py for tasks to queue
[2026-08-04T14:20:19.552+0000] {logging_mixin.py:190} INFO - [2026-08-04T14:20:19.552+0000] {dagbag.py:588} INFO - Filling up the DagBag from /opt/airflow/dags/bash_python.py
[2026-08-04T14:20:19.570+0000] {processor.py:925} INFO - DAG(s) 'download_rocket_launches' retrieved from /opt/airflow/dags/bash_python.py
[2026-08-04T14:20:19.599+0000] {logging_mixin.py:190} INFO - [2026-08-04T14:20:19.598+0000] {dag.py:3239} INFO - Sync 1 DAGs
[2026-08-04T14:20:19.624+0000] {logging_mixin.py:190} INFO - [2026-08-04T14:20:19.623+0000] {dag.py:4180} INFO - Setting next_dagrun for download_rocket_launches to None, run_after=None
[2026-08-04T14:20:19.650+0000] {processor.py:208} INFO - Processing /opt/airflow/dags/bash_python.py took 0.108 seconds
[2026-08-04T14:20:49.733+0000] {processor.py:186} INFO - Started process (PID=305) to work on /opt/airflow/dags/bash_python.py
[2026-08-04T14:20:49.734+0000] {processor.py:914} INFO - Processing file /opt/airflow/dags/bash_python.py for tasks to queue
[2026-08-04T14:20:49.737+0000] {logging_mixin.py:190} INFO - [2026-08-04T14:20:49.736+0000] {dagbag.py:588} INFO - Filling up the DagBag from /opt/airflow/dags/bash_python.py
[2026-08-04T14:20:49.753+0000] {processor.py:925} INFO - DAG(s) 'download_rocket_launches' retrieved from /opt/airflow/dags/bash_python.py
[2026-08-04T14:20:49.786+0000] {logging_mixin.py:190} INFO - [2026-08-04T14:20:49.786+0000] {dag.py:3239} INFO - Sync 1 DAGs
[2026-08-04T14:20:49.808+0000] {logging_mixin.py:190} INFO - [2026-08-04T14:20:49.807+0000] {dag.py:4180} INFO - Setting next_dagrun for download_rocket_launches to None, run_after=None
[2026-08-04T14:20:49.835+0000] {processor.py:208} INFO - Processing /opt/airflow/dags/bash_python.py took 0.106 seconds
[2026-08-04T14:21:20.050+0000] {processor.py:186} INFO - Started process (PID=310) to work on /opt/airflow/dags/bash_python.py
[2026-08-04T14:21:20.052+0000] {processor.py:914} INFO - Processing file /opt/airflow/dags/bash_python.py for tasks to queue
[2026-08-04T14:21:20.055+0000] {logging_mixin.py:190} INFO - [2026-08-04T14:21:20.055+0000] {dagbag.py:588} INFO - Filling up the DagBag from /opt/airflow/dags/bash_python.py
[2026-08-04T14:21:20.074+0000] {processor.py:925} INFO - DAG(s) 'download_rocket_launches' retrieved from /opt/airflow/dags/bash_python.py
[2026-08-04T14:21:20.112+0000] {logging_mixin.py:190} INFO - [2026-08-04T14:21:20.112+0000] {dag.py:3239} INFO - Sync 1 DAGs
[2026-08-04T14:21:20.129+0000] {logging_mixin.py:190} INFO - [2026-08-04T14:21:20.129+0000] {dag.py:4180} INFO - Setting next_dagrun for download_rocket_launches to None, run_after=None
[2026-08-04T14:21:20.174+0000] {processor.py:208} INFO - Processing /opt/airflow/dags/bash_python.py took 0.132 seconds
[2026-08-04T14:21:50.267+0000] {processor.py:186} INFO - Started process (PID=315) to work on /opt/airflow/dags/bash_python.py
[2026-08-04T14:21:50.268+0000] {processor.py:914} INFO - Processing file /opt/airflow/dags/bash_python.py for tasks to queue
[2026-08-04T14:21:50.271+0000] {logging_mixin.py:190} INFO - [2026-08-04T14:21:50.271+0000] {dagbag.py:588} INFO - Filling up the DagBag from /opt/airflow/dags/bash_python.py
[2026-08-04T14:21:50.294+0000] {processor.py:925} INFO - DAG(s) 'download_rocket_launches' retrieved from /opt/airflow/dags/bash_python.py
[2026-08-04T14:21:50.354+0000] {logging_mixin.py:190} INFO - [2026-08-04T14:21:50.353+0000] {dag.py:3239} INFO - Sync 1 DAGs
[2026-08-04T14:21:50.386+0000] {logging_mixin.py:190} INFO - [2026-08-04T14:21:50.386+0000] {dag.py:4180} INFO - Setting next_dagrun for download_rocket_launches to None, run_after=None
[2026-08-04T14:21:50.428+0000] {processor.py:208} INFO - Processing /opt/airflow/dags/bash_python.py took 0.190 seconds
[2026-08-04T14:22:20.583+0000] {processor.py:186} INFO - Started process (PID=320) to work on /opt/airflow/dags/bash_python.py
[2026-08-04T14:22:20.584+0000] {processor.py:914} INFO - Processing file /opt/airflow/dags/bash_python.py for tasks to queue
[2026-08-04T14:22:20.588+0000] {logging_mixin.py:190} INFO - [2026-08-04T14:22:20.588+0000] {dagbag.py:588} INFO - Filling up the DagBag from /opt/airflow/dags/bash_python.py
[2026-08-04T14:22:20.607+0000] {processor.py:925} INFO - DAG(s) 'download_rocket_launches' retrieved from /opt/airflow/dags/bash_python.py
[2026-08-04T14:22:20.640+0000] {logging_mixin.py:190} INFO - [2026-08-04T14:22:20.640+0000] {dag.py:3239} INFO - Sync 1 DAGs
[2026-08-04T14:22:20.654+0000] {logging_mixin.py:190} INFO - [2026-08-04T14:22:20.654+0000] {dag.py:4180} INFO - Setting next_dagrun for download_rocket_launches to None, run_after=None
[2026-08-04T14:22:20.675+0000] {processor.py:208} INFO - Processing /opt/airflow/dags/bash_python.py took 0.098 seconds
[2026-08-04T14:22:50.888+0000] {processor.py:186} INFO - Started process (PID=325) to work on /opt/airflow/dags/bash_python.py
[2026-08-04T14:22:50.889+0000] {processor.py:914} INFO - Processing file /opt/airflow/dags/bash_python.py for tasks to queue
[2026-08-04T14:22:50.891+0000] {logging_mixin.py:190} INFO - [2026-08-04T14:22:50.891+0000] {dagbag.py:588} INFO - Filling up the DagBag from /opt/airflow/dags/bash_python.py
[2026-08-04T14:22:50.921+0000] {processor.py:925} INFO - DAG(s) 'download_rocket_launches' retrieved from /opt/airflow/dags/bash_python.py
[2026-08-04T14:22:50.949+0000] {logging_mixin.py:190} INFO - [2026-08-04T14:22:50.949+0000] {dag.py:3239} INFO - Sync 1 DAGs
[2026-08-04T14:22:50.963+0000] {logging_mixin.py:190} INFO - [2026-08-04T14:22:50.963+0000] {dag.py:4180} INFO - Setting next_dagrun for download_rocket_launches to None, run_after=None
[2026-08-04T14:22:51.015+0000] {processor.py:208} INFO - Processing /opt/airflow/dags/bash_python.py took 0.131 seconds
[2026-08-04T14:23:21.115+0000] {processor.py:186} INFO - Started process (PID=330) to work on /opt/airflow/dags/bash_python.py
[2026-08-04T14:23:21.116+0000] {processor.py:914} INFO - Processing file /opt/airflow/dags/bash_python.py for tasks to queue
[2026-08-04T14:23:21.119+0000] {logging_mixin.py:190} INFO - [2026-08-04T14:23:21.119+0000] {dagbag.py:588} INFO - Filling up the DagBag from /opt/airflow/dags/bash_python.py
[2026-08-04T14:23:21.137+0000] {processor.py:925} INFO - DAG(s) 'download_rocket_launches' retrieved from /opt/airflow/dags/bash_python.py
[2026-08-04T14:23:21.167+0000] {logging_mixin.py:190} INFO - [2026-08-04T14:23:21.166+0000] {dag.py:3239} INFO - Sync 1 DAGs
[2026-08-04T14:23:21.182+0000] {logging_mixin.py:190} INFO - [2026-08-04T14:23:21.181+0000] {dag.py:4180} INFO - Setting next_dagrun for download_rocket_launches to None, run_after=None
[2026-08-04T14:23:21.223+0000] {processor.py:208} INFO - Processing /opt/airflow/dags/bash_python.py took 0.113 seconds
[2026-08-04T14:23:51.426+0000] {processor.py:186} INFO - Started process (PID=335) to work on /opt/airflow/dags/bash_python.py
[2026-08-04T14:23:51.427+0000] {processor.py:914} INFO - Processing file /opt/airflow/dags/bash_python.py for tasks to queue
[2026-08-04T14:23:51.430+0000] {logging_mixin.py:190} INFO - [2026-08-04T14:23:51.430+0000] {dagbag.py:588} INFO - Filling up the DagBag from /opt/airflow/dags/bash_python.py
[2026-08-04T14:23:51.449+0000] {processor.py:925} INFO - DAG(s) 'download_rocket_launches' retrieved from /opt/airflow/dags/bash_python.py
[2026-08-04T14:23:51.484+0000] {logging_mixin.py:190} INFO - [2026-08-04T14:23:51.484+0000] {dag.py:3239} INFO - Sync 1 DAGs
[2026-08-04T14:23:51.501+0000] {logging_mixin.py:190} INFO - [2026-08-04T14:23:51.500+0000] {dag.py:4180} INFO - Setting next_dagrun for download_rocket_launches to None, run_after=None
[2026-08-04T14:23:51.552+0000] {processor.py:208} INFO - Processing /opt/airflow/dags/bash_python.py took 0.130 seconds
[2026-08-04T14:24:21.631+0000] {processor.py:186} INFO - Started process (PID=340) to work on /opt/airflow/dags/bash_python.py
[2026-08-04T14:24:21.632+0000] {processor.py:914} INFO - Processing file /opt/airflow/dags/bash_python.py for tasks to queue
[2026-08-04T14:24:21.634+0000] {logging_mixin.py:190} INFO - [2026-08-04T14:24:21.634+0000] {dagbag.py:588} INFO - Filling up the DagBag from /opt/airflow/dags/bash_python.py
[2026-08-04T14:24:21.650+0000] {processor.py:925} INFO - DAG(s) 'download_rocket_launches' retrieved from /opt/airflow/dags/bash_python.py
[2026-08-04T14:24:21.680+0000] {logging_mixin.py:190} INFO - [2026-08-04T14:24:21.680+0000] {dag.py:3239} INFO - Sync 1 DAGs
[2026-08-04T14:24:21.692+0000] {logging_mixin.py:190} INFO - [2026-08-04T14:24:21.692+0000] {dag.py:4180} INFO - Setting next_dagrun for download_rocket_launches to None, run_after=None
[2026-08-04T14:24:21.731+0000] {processor.py:208} INFO - Processing /opt/airflow/dags/bash_python.py took 0.104 seconds
[2026-08-04T14:24:51.944+0000] {processor.py:186} INFO - Started process (PID=345) to work on /opt/airflow/dags/bash_python.py
[2026-08-04T14:24:51.945+0000] {processor.py:914} INFO - Processing file /opt/airflow/dags/bash_python.py for tasks to queue
[2026-08-04T14:24:51.948+0000] {logging_mixin.py:190} INFO - [2026-08-04T14:24:51.948+0000] {dagbag.py:588} INFO - Filling up the DagBag from /opt/airflow/dags/bash_python.py
[2026-08-04T14:24:51.966+0000] {processor.py:925} INFO - DAG(s) 'download_rocket_launches' retrieved from /opt/airflow/dags/bash_python.py
[2026-08-04T14:24:51.996+0000] {logging_mixin.py:190} INFO - [2026-08-04T14:24:51.996+0000] {dag.py:3239} INFO - Sync 1 DAGs
[2026-08-04T14:24:52.008+0000] {logging_mixin.py:190} INFO - [2026-08-04T14:24:52.008+0000] {dag.py:4180} INFO - Setting next_dagrun for download_rocket_launches to None, run_after=None
[2026-08-04T14:24:52.046+0000] {processor.py:208} INFO - Processing /opt/airflow/dags/bash_python.py took 0.106 seconds
[2026-08-04T14:25:22.156+0000] {processor.py:186} INFO - Started process (PID=350) to work on /opt/airflow/dags/bash_python.py
[2026-08-04T14:25:22.158+0000] {processor.py:914} INFO - Processing file /opt/airflow/dags/bash_python.py for tasks to queue
[2026-08-04T14:25:22.162+0000] {logging_mixin.py:190} INFO - [2026-08-04T14:25:22.162+0000] {dagbag.py:588} INFO - Filling up the DagBag from /opt/airflow/dags/bash_python.py
[2026-08-04T14:25:22.185+0000] {processor.py:925} INFO - DAG(s) 'download_rocket_launches' retrieved from /opt/airflow/dags/bash_python.py
[2026-08-04T14:25:22.226+0000] {logging_mixin.py:190} INFO - [2026-08-04T14:25:22.226+0000] {dag.py:3239} INFO - Sync 1 DAGs
[2026-08-04T14:25:22.239+0000] {logging_mixin.py:190} INFO - [2026-08-04T14:25:22.238+0000] {dag.py:4180} INFO - Setting next_dagrun for download_rocket_launches to None, run_after=None
[2026-08-04T14:25:22.257+0000] {processor.py:208} INFO - Processing /opt/airflow/dags/bash_python.py took 0.109 seconds
[2026-08-04T14:25:52.430+0000] {processor.py:186} INFO - Started process (PID=355) to work on /opt/airflow/dags/bash_python.py
[2026-08-04T14:25:52.431+0000] {processor.py:914} INFO - Processing file /opt/airflow/dags/bash_python.py for tasks to queue
[2026-08-04T14:25:52.433+0000] {logging_mixin.py:190} INFO - [2026-08-04T14:25:52.433+0000] {dagbag.py:588} INFO - Filling up the DagBag from /opt/airflow/dags/bash_python.py
[2026-08-04T14:25:52.448+0000] {processor.py:925} INFO - DAG(s) 'download_rocket_launches' retrieved from /opt/airflow/dags/bash_python.py
[2026-08-04T14:25:52.472+0000] {logging_mixin.py:190} INFO - [2026-08-04T14:25:52.472+0000] {dag.py:3239} INFO - Sync 1 DAGs
[2026-08-04T14:25:52.483+0000] {logging_mixin.py:190} INFO - [2026-08-04T14:25:52.483+0000] {dag.py:4180} INFO - Setting next_dagrun for download_rocket_launches to None, run_after=None
[2026-08-04T14:25:52.526+0000] {processor.py:208} INFO - Processing /opt/airflow/dags/bash_python.py took 0.100 seconds
[2026-08-04T14:26:22.637+0000] {processor.py:186} INFO - Started process (PID=360) to work on /opt/airflow/dags/bash_python.py
[2026-08-04T14:26:22.638+0000] {processor.py:914} INFO - Processing file /opt/airflow/dags/bash_python.py for tasks to queue
[2026-08-04T14:26:22.641+0000] {logging_mixin.py:190} INFO - [2026-08-04T14:26:22.640+0000] {dagbag.py:588} INFO - Filling up the DagBag from /opt/airflow/dags/bash_python.py
[2026-08-04T14:26:22.655+0000] {processor.py:925} INFO - DAG(s) 'download_rocket_launches' retrieved from /opt/airflow/dags/bash_python.py
[2026-08-04T14:26:22.699+0000] {logging_mixin.py:190} INFO - [2026-08-04T14:26:22.698+0000] {dag.py:3239} INFO - Sync 1 DAGs
[2026-08-04T14:26:22.718+0000] {logging_mixin.py:190} INFO - [2026-08-04T14:26:22.718+0000] {dag.py:4180} INFO - Setting next_dagrun for download_rocket_launches to None, run_after=None
[2026-08-04T14:26:22.760+0000] {processor.py:208} INFO - Processing /opt/airflow/dags/bash_python.py took 0.127 seconds
[2026-08-04T14:26:52.905+0000] {processor.py:186} INFO - Started process (PID=365) to work on /opt/airflow/dags/bash_python.py
[2026-08-04T14:26:52.906+0000] {processor.py:914} INFO - Processing file /opt/airflow/dags/bash_python.py for tasks to queue
[2026-08-04T14:26:52.909+0000] {logging_mixin.py:190} INFO - [2026-08-04T14:26:52.908+0000] {dagbag.py:588} INFO - Filling up the DagBag from /opt/airflow/dags/bash_python.py
[2026-08-04T14:26:52.927+0000] {processor.py:925} INFO - DAG(s) 'download_rocket_launches' retrieved from /opt/airflow/dags/bash_python.py
[2026-08-04T14:26:52.954+0000] {logging_mixin.py:190} INFO - [2026-08-04T14:26:52.954+0000] {dag.py:3239} INFO - Sync 1 DAGs
[2026-08-04T14:26:52.965+0000] {logging_mixin.py:190} INFO - [2026-08-04T14:26:52.965+0000] {dag.py:4180} INFO - Setting next_dagrun for download_rocket_launches to None, run_after=None
[2026-08-04T14:26:53.004+0000] {processor.py:208} INFO - Processing /opt/airflow/dags/bash_python.py took 0.104 seconds
[2026-08-04T14:27:23.141+0000] {processor.py:186} INFO - Started process (PID=370) to work on /opt/airflow/dags/bash_python.py
[2026-08-04T14:27:23.143+0000] {processor.py:914} INFO - Processing file /opt/airflow/dags/bash_python.py for tasks to queue
[2026-08-04T14:27:23.146+0000] {logging_mixin.py:190} INFO - [2026-08-04T14:27:23.145+0000] {dagbag.py:588} INFO - Filling up the DagBag from /opt/airflow/dags/bash_python.py
[2026-08-04T14:27:23.162+0000] {processor.py:925} INFO - DAG(s) 'download_rocket_launches' retrieved from /opt/airflow/dags/bash_python.py
[2026-08-04T14:27:23.189+0000] {logging_mixin.py:190} INFO - [2026-08-04T14:27:23.189+0000] {dag.py:3239} INFO - Sync 1 DAGs
[2026-08-04T14:27:23.202+0000] {logging_mixin.py:190} INFO - [2026-08-04T14:27:23.201+0000] {dag.py:4180} INFO - Setting next_dagrun for download_rocket_launches to None, run_after=None
[2026-08-04T14:27:23.242+0000] {processor.py:208} INFO - Processing /opt/airflow/dags/bash_python.py took 0.108 seconds
[2026-08-04T14:27:53.403+0000] {processor.py:186} INFO - Started process (PID=375) to work on /opt/airflow/dags/bash_python.py
[2026-08-04T14:27:53.404+0000] {processor.py:914} INFO - Processing file /opt/airflow/dags/bash_python.py for tasks to queue
[2026-08-04T14:27:53.407+0000] {logging_mixin.py:190} INFO - [2026-08-04T14:27:53.406+0000] {dagbag.py:588} INFO - Filling up the DagBag from /opt/airflow/dags/bash_python.py
[2026-08-04T14:27:53.423+0000] {processor.py:925} INFO - DAG(s) 'download_rocket_launches' retrieved from /opt/airflow/dags/bash_python.py
[2026-08-04T14:27:53.447+0000] {logging_mixin.py:190} INFO - [2026-08-04T14:27:53.446+0000] {dag.py:3239} INFO - Sync 1 DAGs
[2026-08-04T14:27:53.457+0000] {logging_mixin.py:190} INFO - [2026-08-04T14:27:53.457+0000] {dag.py:4180} INFO - Setting next_dagrun for download_rocket_launches to None, run_after=None
[2026-08-04T14:27:53.473+0000] {processor.py:208} INFO - Processing /opt/airflow/dags/bash_python.py took 0.074 seconds
[2026-08-04T14:28:23.689+0000] {processor.py:186} INFO - Started process (PID=380) to work on /opt/airflow/dags/bash_python.py
[2026-08-04T14:28:23.690+0000] {processor.py:914} INFO - Processing file /opt/airflow/dags/bash_python.py for tasks to queue
[2026-08-04T14:28:23.692+0000] {logging_mixin.py:190} INFO - [2026-08-04T14:28:23.692+0000] {dagbag.py:588} INFO - Filling up the DagBag from /opt/airflow/dags/bash_python.py
[2026-08-04T14:28:23.708+0000] {processor.py:925} INFO - DAG(s) 'download_rocket_launches' retrieved from /opt/airflow/dags/bash_python.py
[2026-08-04T14:28:23.740+0000] {logging_mixin.py:190} INFO - [2026-08-04T14:28:23.740+0000] {dag.py:3239} INFO - Sync 1 DAGs
[2026-08-04T14:28:23.756+0000] {logging_mixin.py:190} INFO - [2026-08-04T14:28:23.755+0000] {dag.py:4180} INFO - Setting next_dagrun for download_rocket_launches to None, run_after=None
[2026-08-04T14:28:23.774+0000] {processor.py:208} INFO - Processing /opt/airflow/dags/bash_python.py took 0.090 seconds
[2026-08-04T14:28:54.022+0000] {processor.py:186} INFO - Started process (PID=385) to work on /opt/airflow/dags/bash_python.py
[2026-08-04T14:28:54.023+0000] {processor.py:914} INFO - Processing file /opt/airflow/dags/bash_python.py for tasks to queue
[2026-08-04T14:28:54.026+0000] {logging_mixin.py:190} INFO - [2026-08-04T14:28:54.025+0000] {dagbag.py:588} INFO - Filling up the DagBag from /opt/airflow/dags/bash_python.py
[2026-08-04T14:28:54.045+0000] {processor.py:925} INFO - DAG(s) 'download_rocket_launches' retrieved from /opt/airflow/dags/bash_python.py
[2026-08-04T14:28:54.073+0000] {logging_mixin.py:190} INFO - [2026-08-04T14:28:54.073+0000] {dag.py:3239} INFO - Sync 1 DAGs
[2026-08-04T14:28:54.086+0000] {logging_mixin.py:190} INFO - [2026-08-04T14:28:54.086+0000] {dag.py:4180} INFO - Setting next_dagrun for download_rocket_launches to None, run_after=None
[2026-08-04T14:28:54.126+0000] {processor.py:208} INFO - Processing /opt/airflow/dags/bash_python.py took 0.109 seconds
[2026-08-04T14:29:24.266+0000] {processor.py:186} INFO - Started process (PID=390) to work on /opt/airflow/dags/bash_python.py
[2026-08-04T14:29:24.268+0000] {processor.py:914} INFO - Processing file /opt/airflow/dags/bash_python.py for tasks to queue
[2026-08-04T14:29:24.272+0000] {logging_mixin.py:190} INFO - [2026-08-04T14:29:24.271+0000] {dagbag.py:588} INFO - Filling up the DagBag from /opt/airflow/dags/bash_python.py
[2026-08-04T14:29:24.292+0000] {processor.py:925} INFO - DAG(s) 'download_rocket_launches' retrieved from /opt/airflow/dags/bash_python.py
[2026-08-04T14:29:24.323+0000] {logging_mixin.py:190} INFO - [2026-08-04T14:29:24.322+0000] {dag.py:3239} INFO - Sync 1 DAGs
[2026-08-04T14:29:24.335+0000] {logging_mixin.py:190} INFO - [2026-08-04T14:29:24.335+0000] {dag.py:4180} INFO - Setting next_dagrun for download_rocket_launches to None, run_after=None
[2026-08-04T14:29:24.351+0000] {processor.py:208} INFO - Processing /opt/airflow/dags/bash_python.py took 0.114 seconds
[2026-08-04T14:29:54.562+0000] {processor.py:186} INFO - Started process (PID=395) to work on /opt/airflow/dags/bash_python.py
[2026-08-04T14:29:54.564+0000] {processor.py:914} INFO - Processing file /opt/airflow/dags/bash_python.py for tasks to queue
[2026-08-04T14:29:54.567+0000] {logging_mixin.py:190} INFO - [2026-08-04T14:29:54.567+0000] {dagbag.py:588} INFO - Filling up the DagBag from /opt/airflow/dags/bash_python.py
[2026-08-04T14:29:54.586+0000] {processor.py:925} INFO - DAG(s) 'download_rocket_launches' retrieved from /opt/airflow/dags/bash_python.py
[2026-08-04T14:29:54.618+0000] {logging_mixin.py:190} INFO - [2026-08-04T14:29:54.618+0000] {dag.py:3239} INFO - Sync 1 DAGs
[2026-08-04T14:29:54.637+0000] {logging_mixin.py:190} INFO - [2026-08-04T14:29:54.636+0000] {dag.py:4180} INFO - Setting next_dagrun for download_rocket_launches to None, run_after=None
[2026-08-04T14:29:54.683+0000] {processor.py:208} INFO - Processing /opt/airflow/dags/bash_python.py took 0.127 seconds
[2026-08-04T14:30:24.805+0000] {processor.py:186} INFO - Started process (PID=400) to work on /opt/airflow/dags/bash_python.py
[2026-08-04T14:30:24.807+0000] {processor.py:914} INFO - Processing file /opt/airflow/dags/bash_python.py for tasks to queue
[2026-08-04T14:30:24.810+0000] {logging_mixin.py:190} INFO - [2026-08-04T14:30:24.810+0000] {dagbag.py:588} INFO - Filling up the DagBag from /opt/airflow/dags/bash_python.py
[2026-08-04T14:30:24.834+0000] {processor.py:925} INFO - DAG(s) 'download_rocket_launches' retrieved from /opt/airflow/dags/bash_python.py
[2026-08-04T14:30:24.873+0000] {logging_mixin.py:190} INFO - [2026-08-04T14:30:24.872+0000] {dag.py:3239} INFO - Sync 1 DAGs
[2026-08-04T14:30:24.887+0000] {logging_mixin.py:190} INFO - [2026-08-04T14:30:24.887+0000] {dag.py:4180} INFO - Setting next_dagrun for download_rocket_launches to None, run_after=None
[2026-08-04T14:30:24.929+0000] {processor.py:208} INFO - Processing /opt/airflow/dags/bash_python.py took 0.131 seconds
[2026-08-04T14:30:55.162+0000] {processor.py:186} INFO - Started process (PID=405) to work on /opt/airflow/dags/bash_python.py
[2026-08-04T14:30:55.163+0000] {processor.py:914} INFO - Processing file /opt/airflow/dags/bash_python.py for tasks to queue
[2026-08-04T14:30:55.165+0000] {logging_mixin.py:190} INFO - [2026-08-04T14:30:55.165+0000] {dagbag.py:588} INFO - Filling up the DagBag from /opt/airflow/dags/bash_python.py
[2026-08-04T14:30:55.181+0000] {processor.py:925} INFO - DAG(s) 'download_rocket_launches' retrieved from /opt/airflow/dags/bash_python.py
[2026-08-04T14:30:55.205+0000] {logging_mixin.py:190} INFO - [2026-08-04T14:30:55.204+0000] {dag.py:3239} INFO - Sync 1 DAGs
[2026-08-04T14:30:55.216+0000] {logging_mixin.py:190} INFO - [2026-08-04T14:30:55.216+0000] {dag.py:4180} INFO - Setting next_dagrun for download_rocket_launches to None, run_after=None
[2026-08-04T14:30:55.253+0000] {processor.py:208} INFO - Processing /opt/airflow/dags/bash_python.py took 0.096 seconds
[2026-08-04T14:31:25.366+0000] {processor.py:186} INFO - Started process (PID=410) to work on /opt/airflow/dags/bash_python.py
[2026-08-04T14:31:25.367+0000] {processor.py:914} INFO - Processing file /opt/airflow/dags/bash_python.py for tasks to queue
[2026-08-04T14:31:25.369+0000] {logging_mixin.py:190} INFO - [2026-08-04T14:31:25.369+0000] {dagbag.py:588} INFO - Filling up the DagBag from /opt/airflow/dags/bash_python.py
[2026-08-04T14:31:25.384+0000] {processor.py:925} INFO - DAG(s) 'download_rocket_launches' retrieved from /opt/airflow/dags/bash_python.py
[2026-08-04T14:31:25.410+0000] {logging_mixin.py:190} INFO - [2026-08-04T14:31:25.410+0000] {dag.py:3239} INFO - Sync 1 DAGs
[2026-08-04T14:31:25.422+0000] {logging_mixin.py:190} INFO - [2026-08-04T14:31:25.421+0000] {dag.py:4180} INFO - Setting next_dagrun for download_rocket_launches to None, run_after=None
[2026-08-04T14:31:25.460+0000] {processor.py:208} INFO - Processing /opt/airflow/dags/bash_python.py took 0.099 seconds
[2026-08-04T14:31:55.644+0000] {processor.py:186} INFO - Started process (PID=415) to work on /opt/airflow/dags/bash_python.py
[2026-08-04T14:31:55.646+0000] {processor.py:914} INFO - Processing file /opt/airflow/dags/bash_python.py for tasks to queue
[2026-08-04T14:31:55.648+0000] {logging_mixin.py:190} INFO - [2026-08-04T14:31:55.648+0000] {dagbag.py:588} INFO - Filling up the DagBag from /opt/airflow/dags/bash_python.py
[2026-08-04T14:31:55.663+0000] {processor.py:925} INFO - DAG(s) 'download_rocket_launches' retrieved from /opt/airflow/dags/bash_python.py
[2026-08-04T14:31:55.687+0000] {logging_mixin.py:190} INFO - [2026-08-04T14:31:55.687+0000] {dag.py:3239} INFO - Sync 1 DAGs
[2026-08-04T14:31:55.698+0000] {logging_mixin.py:190} INFO - [2026-08-04T14:31:55.698+0000] {dag.py:4180} INFO - Setting next_dagrun for download_rocket_launches to None, run_after=None
[2026-08-04T14:31:55.735+0000] {processor.py:208} INFO - Processing /opt/airflow/dags/bash_python.py took 0.095 seconds
[2026-08-04T14:32:25.845+0000] {processor.py:186} INFO - Started process (PID=420) to work on /opt/airflow/dags/bash_python.py
[2026-08-04T14:32:25.846+0000] {processor.py:914} INFO - Processing file /opt/airflow/dags/bash_python.py for tasks to queue
[2026-08-04T14:32:25.849+0000] {logging_mixin.py:190} INFO - [2026-08-04T14:32:25.849+0000] {dagbag.py:588} INFO - Filling up the DagBag from /opt/airflow/dags/bash_python.py
[2026-08-04T14:32:25.864+0000] {processor.py:925} INFO - DAG(s) 'download_rocket_launches' retrieved from /opt/airflow/dags/bash_python.py
[2026-08-04T14:32:25.893+0000] {logging_mixin.py:190} INFO - [2026-08-04T14:32:25.892+0000] {dag.py:3239} INFO - Sync 1 DAGs
[2026-08-04T14:32:25.906+0000] {logging_mixin.py:190} INFO - [2026-08-04T14:32:25.906+0000] {dag.py:4180} INFO - Setting next_dagrun for download_rocket_launches to None, run_after=None
[2026-08-04T14:32:25.946+0000] {processor.py:208} INFO - Processing /opt/airflow/dags/bash_python.py took 0.105 seconds
[2026-08-04T14:32:56.145+0000] {processor.py:186} INFO - Started process (PID=425) to work on /opt/airflow/dags/bash_python.py
[2026-08-04T14:32:56.146+0000] {processor.py:914} INFO - Processing file /opt/airflow/dags/bash_python.py for tasks to queue
[2026-08-04T14:32:56.150+0000] {logging_mixin.py:190} INFO - [2026-08-04T14:32:56.150+0000] {dagbag.py:588} INFO - Filling up the DagBag from /opt/airflow/dags/bash_python.py
[2026-08-04T14:32:56.171+0000] {processor.py:925} INFO - DAG(s) 'download_rocket_launches' retrieved from /opt/airflow/dags/bash_python.py
[2026-08-04T14:32:56.207+0000] {logging_mixin.py:190} INFO - [2026-08-04T14:32:56.207+0000] {dag.py:3239} INFO - Sync 1 DAGs
[2026-08-04T14:32:56.224+0000] {logging_mixin.py:190} INFO - [2026-08-04T14:32:56.224+0000] {dag.py:4180} INFO - Setting next_dagrun for download_rocket_launches to None, run_after=None
[2026-08-04T14:32:56.266+0000] {processor.py:208} INFO - Processing /opt/airflow/dags/bash_python.py took 0.129 seconds
[2026-08-04T14:33:26.364+0000] {processor.py:186} INFO - Started process (PID=430) to work on /opt/airflow/dags/bash_python.py
[2026-08-04T14:33:26.365+0000] {processor.py:914} INFO - Processing file /opt/airflow/dags/bash_python.py for tasks to queue
[2026-08-04T14:33:26.369+0000] {logging_mixin.py:190} INFO - [2026-08-04T14:33:26.368+0000] {dagbag.py:588} INFO - Filling up the DagBag from /opt/airflow/dags/bash_python.py
[2026-08-04T14:33:26.384+0000] {processor.py:925} INFO - DAG(s) 'download_rocket_launches' retrieved from /opt/airflow/dags/bash_python.py
[2026-08-04T14:33:26.411+0000] {logging_mixin.py:190} INFO - [2026-08-04T14:33:26.411+0000] {dag.py:3239} INFO - Sync 1 DAGs
[2026-08-04T14:33:26.423+0000] {logging_mixin.py:190} INFO - [2026-08-04T14:33:26.423+0000] {dag.py:4180} INFO - Setting next_dagrun for download_rocket_launches to None, run_after=None
[2026-08-04T14:33:26.439+0000] {processor.py:208} INFO - Processing /opt/airflow/dags/bash_python.py took 0.082 seconds
[2026-08-04T14:33:56.585+0000] {processor.py:186} INFO - Started process (PID=435) to work on /opt/airflow/dags/bash_python.py
[2026-08-04T14:33:56.587+0000] {processor.py:914} INFO - Processing file /opt/airflow/dags/bash_python.py for tasks to queue
[2026-08-04T14:33:56.590+0000] {logging_mixin.py:190} INFO - [2026-08-04T14:33:56.590+0000] {dagbag.py:588} INFO - Filling up the DagBag from /opt/airflow/dags/bash_python.py
[2026-08-04T14:33:56.611+0000] {processor.py:925} INFO - DAG(s) 'download_rocket_launches' retrieved from /opt/airflow/dags/bash_python.py
[2026-08-04T14:33:56.643+0000] {logging_mixin.py:190} INFO - [2026-08-04T14:33:56.643+0000] {dag.py:3239} INFO - Sync 1 DAGs
[2026-08-04T14:33:56.655+0000] {logging_mixin.py:190} INFO - [2026-08-04T14:33:56.655+0000] {dag.py:4180} INFO - Setting next_dagrun for download_rocket_launches to None, run_after=None
[2026-08-04T14:33:56.698+0000] {processor.py:208} INFO - Processing /opt/airflow/dags/bash_python.py took 0.119 seconds
[2026-08-04T14:34:26.833+0000] {processor.py:186} INFO - Started process (PID=440) to work on /opt/airflow/dags/bash_python.py
[2026-08-04T14:34:26.834+0000] {processor.py:914} INFO - Processing file /opt/airflow/dags/bash_python.py for tasks to queue
[2026-08-04T14:34:26.836+0000] {logging_mixin.py:190} INFO - [2026-08-04T14:34:26.836+0000] {dagbag.py:588} INFO - Filling up the DagBag from /opt/airflow/dags/bash_python.py
[2026-08-04T14:34:26.852+0000] {processor.py:925} INFO - DAG(s) 'download_rocket_launches' retrieved from /opt/airflow/dags/bash_python.py
[2026-08-04T14:34:26.877+0000] {logging_mixin.py:190} INFO - [2026-08-04T14:34:26.877+0000] {dag.py:3239} INFO - Sync 1 DAGs
[2026-08-04T14:34:26.889+0000] {logging_mixin.py:190} INFO - [2026-08-04T14:34:26.889+0000] {dag.py:4180} INFO - Setting next_dagrun for download_rocket_launches to None, run_after=None
[2026-08-04T14:34:26.928+0000] {processor.py:208} INFO - Processing /opt/airflow/dags/bash_python.py took 0.100 seconds
[2026-08-04T14:34:57.081+0000] {processor.py:186} INFO - Started process (PID=445) to work on /opt/airflow/dags/bash_python.py
[2026-08-04T14:34:57.082+0000] {processor.py:914} INFO - Processing file /opt/airflow/dags/bash_python.py for tasks to queue
[2026-08-04T14:34:57.085+0000] {logging_mixin.py:190} INFO - [2026-08-04T14:34:57.084+0000] {dagbag.py:588} INFO - Filling up the DagBag from /opt/airflow/dags/bash_python.py
[2026-08-04T14:34:57.103+0000] {processor.py:925} INFO - DAG(s) 'download_rocket_launches' retrieved from /opt/airflow/dags/bash_python.py
[2026-08-04T14:34:57.128+0000] {logging_mixin.py:190} INFO - [2026-08-04T14:34:57.128+0000] {dag.py:3239} INFO - Sync 1 DAGs
[2026-08-04T14:34:57.140+0000] {logging_mixin.py:190} INFO - [2026-08-04T14:34:57.140+0000] {dag.py:4180} INFO - Setting next_dagrun for download_rocket_launches to None, run_after=None
[2026-08-04T14:34:57.156+0000] {processor.py:208} INFO - Processing /opt/airflow/dags/bash_python.py took 0.081 seconds
[2026-08-04T14:35:27.300+0000] {processor.py:186} INFO - Started process (PID=450) to work on /opt/airflow/dags/bash_python.py
[2026-08-04T14:35:27.301+0000] {processor.py:914} INFO - Processing file /opt/airflow/dags/bash_python.py for tasks to queue
[2026-08-04T14:35:27.303+0000] {logging_mixin.py:190} INFO - [2026-08-04T14:35:27.303+0000] {dagbag.py:588} INFO - Filling up the DagBag from /opt/airflow/dags/bash_python.py
[2026-08-04T14:35:27.320+0000] {processor.py:925} INFO - DAG(s) 'download_rocket_launches' retrieved from /opt/airflow/dags/bash_python.py
[2026-08-04T14:35:27.349+0000] {logging_mixin.py:190} INFO - [2026-08-04T14:35:27.348+0000] {dag.py:3239} INFO - Sync 1 DAGs
[2026-08-04T14:35:27.365+0000] {logging_mixin.py:190} INFO - [2026-08-04T14:35:27.365+0000] {dag.py:4180} INFO - Setting next_dagrun for download_rocket_launches to None, run_after=None
[2026-08-04T14:35:27.382+0000] {processor.py:208} INFO - Processing /opt/airflow/dags/bash_python.py took 0.087 seconds
[2026-08-04T14:35:57.520+0000] {processor.py:186} INFO - Started process (PID=455) to work on /opt/airflow/dags/bash_python.py
[2026-08-04T14:35:57.521+0000] {processor.py:914} INFO - Processing file /opt/airflow/dags/bash_python.py for tasks to queue
[2026-08-04T14:35:57.524+0000] {logging_mixin.py:190} INFO - [2026-08-04T14:35:57.524+0000] {dagbag.py:588} INFO - Filling up the DagBag from /opt/airflow/dags/bash_python.py
[2026-08-04T14:35:57.540+0000] {processor.py:925} INFO - DAG(s) 'download_rocket_launches' retrieved from /opt/airflow/dags/bash_python.py
[2026-08-04T14:35:57.564+0000] {logging_mixin.py:190} INFO - [2026-08-04T14:35:57.564+0000] {dag.py:3239} INFO - Sync 1 DAGs
[2026-08-04T14:35:57.576+0000] {logging_mixin.py:190} INFO - [2026-08-04T14:35:57.576+0000] {dag.py:4180} INFO - Setting next_dagrun for download_rocket_launches to None, run_after=None
[2026-08-04T14:35:57.613+0000] {processor.py:208} INFO - Processing /opt/airflow/dags/bash_python.py took 0.099 seconds
[2026-08-04T14:36:27.748+0000] {processor.py:186} INFO - Started process (PID=460) to work on /opt/airflow/dags/bash_python.py
[2026-08-04T14:36:27.749+0000] {processor.py:914} INFO - Processing file /opt/airflow/dags/bash_python.py for tasks to queue
[2026-08-04T14:36:27.752+0000] {logging_mixin.py:190} INFO - [2026-08-04T14:36:27.751+0000] {dagbag.py:588} INFO - Filling up the DagBag from /opt/airflow/dags/bash_python.py
[2026-08-04T14:36:27.767+0000] {processor.py:925} INFO - DAG(s) 'download_rocket_launches' retrieved from /opt/airflow/dags/bash_python.py
[2026-08-04T14:36:27.796+0000] {logging_mixin.py:190} INFO - [2026-08-04T14:36:27.795+0000] {dag.py:3239} INFO - Sync 1 DAGs
[2026-08-04T14:36:27.807+0000] {logging_mixin.py:190} INFO - [2026-08-04T14:36:27.807+0000] {dag.py:4180} INFO - Setting next_dagrun for download_rocket_launches to None, run_after=None
[2026-08-04T14:36:27.833+0000] {processor.py:208} INFO - Processing /opt/airflow/dags/bash_python.py took 0.089 seconds
[2026-08-04T14:36:58.003+0000] {processor.py:186} INFO - Started process (PID=465) to work on /opt/airflow/dags/bash_python.py
[2026-08-04T14:36:58.015+0000] {processor.py:914} INFO - Processing file /opt/airflow/dags/bash_python.py for tasks to queue
[2026-08-04T14:36:58.017+0000] {logging_mixin.py:190} INFO - [2026-08-04T14:36:58.017+0000] {dagbag.py:588} INFO - Filling up the DagBag from /opt/airflow/dags/bash_python.py
[2026-08-04T14:36:58.032+0000] {processor.py:925} INFO - DAG(s) 'download_rocket_launches' retrieved from /opt/airflow/dags/bash_python.py
[2026-08-04T14:36:58.057+0000] {logging_mixin.py:190} INFO - [2026-08-04T14:36:58.057+0000] {dag.py:3239} INFO - Sync 1 DAGs
[2026-08-04T14:36:58.070+0000] {logging_mixin.py:190} INFO - [2026-08-04T14:36:58.069+0000] {dag.py:4180} INFO - Setting next_dagrun for download_rocket_launches to None, run_after=None
[2026-08-04T14:36:58.085+0000] {processor.py:208} INFO - Processing /opt/airflow/dags/bash_python.py took 0.090 seconds
[2026-08-04T14:37:28.225+0000] {processor.py:186} INFO - Started process (PID=470) to work on /opt/airflow/dags/bash_python.py
[2026-08-04T14:37:28.226+0000] {processor.py:914} INFO - Processing file /opt/airflow/dags/bash_python.py for tasks to queue
[2026-08-04T14:37:28.228+0000] {logging_mixin.py:190} INFO - [2026-08-04T14:37:28.228+0000] {dagbag.py:588} INFO - Filling up the DagBag from /opt/airflow/dags/bash_python.py
[2026-08-04T14:37:28.244+0000] {processor.py:925} INFO - DAG(s) 'download_rocket_launches' retrieved from /opt/airflow/dags/bash_python.py
[2026-08-04T14:37:28.275+0000] {logging_mixin.py:190} INFO - [2026-08-04T14:37:28.275+0000] {dag.py:3239} INFO - Sync 1 DAGs
[2026-08-04T14:37:28.288+0000] {logging_mixin.py:190} INFO - [2026-08-04T14:37:28.288+0000] {dag.py:4180} INFO - Setting next_dagrun for download_rocket_launches to None, run_after=None
[2026-08-04T14:37:28.306+0000] {processor.py:208} INFO - Processing /opt/airflow/dags/bash_python.py took 0.086 seconds
[2026-08-04T14:37:58.474+0000] {processor.py:186} INFO - Started process (PID=475) to work on /opt/airflow/dags/bash_python.py
[2026-08-04T14:37:58.476+0000] {processor.py:914} INFO - Processing file /opt/airflow/dags/bash_python.py for tasks to queue
[2026-08-04T14:37:58.478+0000] {logging_mixin.py:190} INFO - [2026-08-04T14:37:58.478+0000] {dagbag.py:588} INFO - Filling up the DagBag from /opt/airflow/dags/bash_python.py
[2026-08-04T14:37:58.493+0000] {processor.py:925} INFO - DAG(s) 'download_rocket_launches' retrieved from /opt/airflow/dags/bash_python.py
[2026-08-04T14:37:58.523+0000] {logging_mixin.py:190} INFO - [2026-08-04T14:37:58.523+0000] {dag.py:3239} INFO - Sync 1 DAGs
[2026-08-04T14:37:58.540+0000] {logging_mixin.py:190} INFO - [2026-08-04T14:37:58.539+0000] {dag.py:4180} INFO - Setting next_dagrun for download_rocket_launches to None, run_after=None
[2026-08-04T14:37:58.556+0000] {processor.py:208} INFO - Processing /opt/airflow/dags/bash_python.py took 0.086 seconds
[2026-08-04T14:38:28.681+0000] {processor.py:186} INFO - Started process (PID=480) to work on /opt/airflow/dags/bash_python.py
[2026-08-04T14:38:28.683+0000] {processor.py:914} INFO - Processing file /opt/airflow/dags/bash_python.py for tasks to queue
[2026-08-04T14:38:28.685+0000] {logging_mixin.py:190} INFO - [2026-08-04T14:38:28.685+0000] {dagbag.py:588} INFO - Filling up the DagBag from /opt/airflow/dags/bash_python.py
[2026-08-04T14:38:28.699+0000] {processor.py:925} INFO - DAG(s) 'download_rocket_launches' retrieved from /opt/airflow/dags/bash_python.py
[2026-08-04T14:38:28.726+0000] {logging_mixin.py:190} INFO - [2026-08-04T14:38:28.726+0000] {dag.py:3239} INFO - Sync 1 DAGs
[2026-08-04T14:38:28.740+0000] {logging_mixin.py:190} INFO - [2026-08-04T14:38:28.740+0000] {dag.py:4180} INFO - Setting next_dagrun for download_rocket_launches to None, run_after=None
[2026-08-04T14:38:28.758+0000] {processor.py:208} INFO - Processing /opt/airflow/dags/bash_python.py took 0.082 seconds
[2026-08-04T14:38:58.955+0000] {processor.py:186} INFO - Started process (PID=485) to work on /opt/airflow/dags/bash_python.py
[2026-08-04T14:38:58.956+0000] {processor.py:914} INFO - Processing file /opt/airflow/dags/bash_python.py for tasks to queue
[2026-08-04T14:38:58.959+0000] {logging_mixin.py:190} INFO - [2026-08-04T14:38:58.958+0000] {dagbag.py:588} INFO - Filling up the DagBag from /opt/airflow/dags/bash_python.py
[2026-08-04T14:38:58.974+0000] {processor.py:925} INFO - DAG(s) 'download_rocket_launches' retrieved from /opt/airflow/dags/bash_python.py
[2026-08-04T14:38:58.998+0000] {logging_mixin.py:190} INFO - [2026-08-04T14:38:58.998+0000] {dag.py:3239} INFO - Sync 1 DAGs
[2026-08-04T14:38:59.010+0000] {logging_mixin.py:190} INFO - [2026-08-04T14:38:59.009+0000] {dag.py:4180} INFO - Setting next_dagrun for download_rocket_launches to None, run_after=None
[2026-08-04T14:38:59.026+0000] {processor.py:208} INFO - Processing /opt/airflow/dags/bash_python.py took 0.076 seconds
[2026-08-04T14:39:29.177+0000] {processor.py:186} INFO - Started process (PID=490) to work on /opt/airflow/dags/bash_python.py
[2026-08-04T14:39:29.179+0000] {processor.py:914} INFO - Processing file /opt/airflow/dags/bash_python.py for tasks to queue
[2026-08-04T14:39:29.182+0000] {logging_mixin.py:190} INFO - [2026-08-04T14:39:29.181+0000] {dagbag.py:588} INFO - Filling up the DagBag from /opt/airflow/dags/bash_python.py
[2026-08-04T14:39:29.199+0000] {processor.py:925} INFO - DAG(s) 'download_rocket_launches' retrieved from /opt/airflow/dags/bash_python.py
[2026-08-04T14:39:29.229+0000] {logging_mixin.py:190} INFO - [2026-08-04T14:39:29.229+0000] {dag.py:3239} INFO - Sync 1 DAGs
[2026-08-04T14:39:29.246+0000] {logging_mixin.py:190} INFO - [2026-08-04T14:39:29.245+0000] {dag.py:4180} INFO - Setting next_dagrun for download_rocket_launches to None, run_after=None
[2026-08-04T14:39:29.263+0000] {processor.py:208} INFO - Processing /opt/airflow/dags/bash_python.py took 0.093 seconds
[2026-08-04T14:39:59.425+0000] {processor.py:186} INFO - Started process (PID=495) to work on /opt/airflow/dags/bash_python.py
[2026-08-04T14:39:59.426+0000] {processor.py:914} INFO - Processing file /opt/airflow/dags/bash_python.py for tasks to queue
[2026-08-04T14:39:59.430+0000] {logging_mixin.py:190} INFO - [2026-08-04T14:39:59.430+0000] {dagbag.py:588} INFO - Filling up the DagBag from /opt/airflow/dags/bash_python.py
[2026-08-04T14:39:59.446+0000] {processor.py:925} INFO - DAG(s) 'download_rocket_launches' retrieved from /opt/airflow/dags/bash_python.py
[2026-08-04T14:39:59.470+0000] {logging_mixin.py:190} INFO - [2026-08-04T14:39:59.470+0000] {dag.py:3239} INFO - Sync 1 DAGs
[2026-08-04T14:39:59.482+0000] {logging_mixin.py:190} INFO - [2026-08-04T14:39:59.481+0000] {dag.py:4180} INFO - Setting next_dagrun for download_rocket_launches to None, run_after=None
[2026-08-04T14:39:59.499+0000] {processor.py:208} INFO - Processing /opt/airflow/dags/bash_python.py took 0.081 seconds
[2026-08-04T14:40:29.640+0000] {processor.py:186} INFO - Started process (PID=500) to work on /opt/airflow/dags/bash_python.py
[2026-08-04T14:40:29.642+0000] {processor.py:914} INFO - Processing file /opt/airflow/dags/bash_python.py for tasks to queue
[2026-08-04T14:40:29.644+0000] {logging_mixin.py:190} INFO - [2026-08-04T14:40:29.644+0000] {dagbag.py:588} INFO - Filling up the DagBag from /opt/airflow/dags/bash_python.py
[2026-08-04T14:40:29.668+0000] {processor.py:925} INFO - DAG(s) 'download_rocket_launches' retrieved from /opt/airflow/dags/bash_python.py
[2026-08-04T14:40:29.705+0000] {logging_mixin.py:190} INFO - [2026-08-04T14:40:29.705+0000] {dag.py:3239} INFO - Sync 1 DAGs
[2026-08-04T14:40:29.719+0000] {logging_mixin.py:190} INFO - [2026-08-04T14:40:29.719+0000] {dag.py:4180} INFO - Setting next_dagrun for download_rocket_launches to None, run_after=None
[2026-08-04T14:40:29.736+0000] {processor.py:208} INFO - Processing /opt/airflow/dags/bash_python.py took 0.101 seconds
[2026-08-04T14:40:59.923+0000] {processor.py:186} INFO - Started process (PID=505) to work on /opt/airflow/dags/bash_python.py
[2026-08-04T14:40:59.925+0000] {processor.py:914} INFO - Processing file /opt/airflow/dags/bash_python.py for tasks to queue
[2026-08-04T14:40:59.929+0000] {logging_mixin.py:190} INFO - [2026-08-04T14:40:59.928+0000] {dagbag.py:588} INFO - Filling up the DagBag from /opt/airflow/dags/bash_python.py
[2026-08-04T14:40:59.953+0000] {processor.py:925} INFO - DAG(s) 'download_rocket_launches' retrieved from /opt/airflow/dags/bash_python.py
[2026-08-04T14:40:59.990+0000] {logging_mixin.py:190} INFO - [2026-08-04T14:40:59.989+0000] {dag.py:3239} INFO - Sync 1 DAGs
[2026-08-04T14:41:00.008+0000] {logging_mixin.py:190} INFO - [2026-08-04T14:41:00.007+0000] {dag.py:4180} INFO - Setting next_dagrun for download_rocket_launches to None, run_after=None
[2026-08-04T14:41:00.039+0000] {processor.py:208} INFO - Processing /opt/airflow/dags/bash_python.py took 0.125 seconds
[2026-08-04T14:41:30.136+0000] {processor.py:186} INFO - Started process (PID=510) to work on /opt/airflow/dags/bash_python.py
[2026-08-04T14:41:30.138+0000] {processor.py:914} INFO - Processing file /opt/airflow/dags/bash_python.py for tasks to queue
[2026-08-04T14:41:30.141+0000] {logging_mixin.py:190} INFO - [2026-08-04T14:41:30.141+0000] {dagbag.py:588} INFO - Filling up the DagBag from /opt/airflow/dags/bash_python.py
[2026-08-04T14:41:30.157+0000] {processor.py:925} INFO - DAG(s) 'download_rocket_launches' retrieved from /opt/airflow/dags/bash_python.py
[2026-08-04T14:41:30.192+0000] {logging_mixin.py:190} INFO - [2026-08-04T14:41:30.191+0000] {dag.py:3239} INFO - Sync 1 DAGs
[2026-08-04T14:41:30.204+0000] {logging_mixin.py:190} INFO - [2026-08-04T14:41:30.204+0000] {dag.py:4180} INFO - Setting next_dagrun for download_rocket_launches to None, run_after=None
[2026-08-04T14:41:30.221+0000] {processor.py:208} INFO - Processing /opt/airflow/dags/bash_python.py took 0.091 seconds
[2026-08-04T14:42:00.330+0000] {processor.py:186} INFO - Started process (PID=515) to work on /opt/airflow/dags/bash_python.py
[2026-08-04T14:42:00.331+0000] {processor.py:914} INFO - Processing file /opt/airflow/dags/bash_python.py for tasks to queue
[2026-08-04T14:42:00.334+0000] {logging_mixin.py:190} INFO - [2026-08-04T14:42:00.333+0000] {dagbag.py:588} INFO - Filling up the DagBag from /opt/airflow/dags/bash_python.py
[2026-08-04T14:42:00.351+0000] {processor.py:925} INFO - DAG(s) 'download_rocket_launches' retrieved from /opt/airflow/dags/bash_python.py
[2026-08-04T14:42:00.378+0000] {logging_mixin.py:190} INFO - [2026-08-04T14:42:00.378+0000] {dag.py:3239} INFO - Sync 1 DAGs
[2026-08-04T14:42:00.390+0000] {logging_mixin.py:190} INFO - [2026-08-04T14:42:00.389+0000] {dag.py:4180} INFO - Setting next_dagrun for download_rocket_launches to None, run_after=None
[2026-08-04T14:42:00.405+0000] {processor.py:208} INFO - Processing /opt/airflow/dags/bash_python.py took 0.080 seconds
[2026-08-04T14:42:30.574+0000] {processor.py:186} INFO - Started process (PID=520) to work on /opt/airflow/dags/bash_python.py
[2026-08-04T14:42:30.575+0000] {processor.py:914} INFO - Processing file /opt/airflow/dags/bash_python.py for tasks to queue
[2026-08-04T14:42:30.579+0000] {logging_mixin.py:190} INFO - [2026-08-04T14:42:30.579+0000] {dagbag.py:588} INFO - Filling up the DagBag from /opt/airflow/dags/bash_python.py
[2026-08-04T14:42:30.595+0000] {processor.py:925} INFO - DAG(s) 'download_rocket_launches' retrieved from /opt/airflow/dags/bash_python.py
[2026-08-04T14:42:30.623+0000] {logging_mixin.py:190} INFO - [2026-08-04T14:42:30.622+0000] {dag.py:3239} INFO - Sync 1 DAGs
[2026-08-04T14:42:30.634+0000] {logging_mixin.py:190} INFO - [2026-08-04T14:42:30.634+0000] {dag.py:4180} INFO - Setting next_dagrun for download_rocket_launches to None, run_after=None
[2026-08-04T14:42:30.650+0000] {processor.py:208} INFO - Processing /opt/airflow/dags/bash_python.py took 0.083 seconds
[2026-08-04T14:43:00.855+0000] {processor.py:186} INFO - Started process (PID=525) to work on /opt/airflow/dags/bash_python.py
[2026-08-04T14:43:00.857+0000] {processor.py:914} INFO - Processing file /opt/airflow/dags/bash_python.py for tasks to queue
[2026-08-04T14:43:00.860+0000] {logging_mixin.py:190} INFO - [2026-08-04T14:43:00.860+0000] {dagbag.py:588} INFO - Filling up the DagBag from /opt/airflow/dags/bash_python.py
[2026-08-04T14:43:00.878+0000] {processor.py:925} INFO - DAG(s) 'download_rocket_launches' retrieved from /opt/airflow/dags/bash_python.py
[2026-08-04T14:43:00.906+0000] {logging_mixin.py:190} INFO - [2026-08-04T14:43:00.906+0000] {dag.py:3239} INFO - Sync 1 DAGs
[2026-08-04T14:43:00.920+0000] {logging_mixin.py:190} INFO - [2026-08-04T14:43:00.920+0000] {dag.py:4180} INFO - Setting next_dagrun for download_rocket_launches to None, run_after=None
[2026-08-04T14:43:00.936+0000] {processor.py:208} INFO - Processing /opt/airflow/dags/bash_python.py took 0.089 seconds
[2026-08-04T14:43:31.065+0000] {processor.py:186} INFO - Started process (PID=530) to work on /opt/airflow/dags/bash_python.py
[2026-08-04T14:43:31.066+0000] {processor.py:914} INFO - Processing file /opt/airflow/dags/bash_python.py for tasks to queue
[2026-08-04T14:43:31.069+0000] {logging_mixin.py:190} INFO - [2026-08-04T14:43:31.068+0000] {dagbag.py:588} INFO - Filling up the DagBag from /opt/airflow/dags/bash_python.py
[2026-08-04T14:43:31.084+0000] {processor.py:925} INFO - DAG(s) 'download_rocket_launches' retrieved from /opt/airflow/dags/bash_python.py
[2026-08-04T14:43:31.116+0000] {logging_mixin.py:190} INFO - [2026-08-04T14:43:31.116+0000] {dag.py:3239} INFO - Sync 1 DAGs
[2026-08-04T14:43:31.129+0000] {logging_mixin.py:190} INFO - [2026-08-04T14:43:31.129+0000] {dag.py:4180} INFO - Setting next_dagrun for download_rocket_launches to None, run_after=None
[2026-08-04T14:43:31.148+0000] {processor.py:208} INFO - Processing /opt/airflow/dags/bash_python.py took 0.087 seconds
[2026-08-04T14:44:01.373+0000] {processor.py:186} INFO - Started process (PID=535) to work on /opt/airflow/dags/bash_python.py
[2026-08-04T14:44:01.380+0000] {processor.py:914} INFO - Processing file /opt/airflow/dags/bash_python.py for tasks to queue
[2026-08-04T14:44:01.385+0000] {logging_mixin.py:190} INFO - [2026-08-04T14:44:01.385+0000] {dagbag.py:588} INFO - Filling up the DagBag from /opt/airflow/dags/bash_python.py
[2026-08-04T14:44:01.414+0000] {processor.py:925} INFO - DAG(s) 'download_rocket_launches' retrieved from /opt/airflow/dags/bash_python.py
[2026-08-04T14:44:01.472+0000] {logging_mixin.py:190} INFO - [2026-08-04T14:44:01.471+0000] {dag.py:3239} INFO - Sync 1 DAGs
[2026-08-04T14:44:01.498+0000] {logging_mixin.py:190} INFO - [2026-08-04T14:44:01.498+0000] {dag.py:4180} INFO - Setting next_dagrun for download_rocket_launches to None, run_after=None
[2026-08-04T14:44:01.553+0000] {processor.py:208} INFO - Processing /opt/airflow/dags/bash_python.py took 0.185 seconds
[2026-08-04T14:44:31.633+0000] {processor.py:186} INFO - Started process (PID=540) to work on /opt/airflow/dags/bash_python.py
[2026-08-04T14:44:31.635+0000] {processor.py:914} INFO - Processing file /opt/airflow/dags/bash_python.py for tasks to queue
[2026-08-04T14:44:31.639+0000] {logging_mixin.py:190} INFO - [2026-08-04T14:44:31.639+0000] {dagbag.py:588} INFO - Filling up the DagBag from /opt/airflow/dags/bash_python.py
[2026-08-04T14:44:31.663+0000] {processor.py:925} INFO - DAG(s) 'download_rocket_launches' retrieved from /opt/airflow/dags/bash_python.py
[2026-08-04T14:44:31.700+0000] {logging_mixin.py:190} INFO - [2026-08-04T14:44:31.700+0000] {dag.py:3239} INFO - Sync 1 DAGs
[2026-08-04T14:44:31.716+0000] {logging_mixin.py:190} INFO - [2026-08-04T14:44:31.716+0000] {dag.py:4180} INFO - Setting next_dagrun for download_rocket_launches to None, run_after=None
[2026-08-04T14:44:31.760+0000] {processor.py:208} INFO - Processing /opt/airflow/dags/bash_python.py took 0.135 seconds
[2026-08-04T14:45:02.033+0000] {processor.py:186} INFO - Started process (PID=545) to work on /opt/airflow/dags/bash_python.py
[2026-08-04T14:45:02.036+0000] {processor.py:914} INFO - Processing file /opt/airflow/dags/bash_python.py for tasks to queue
[2026-08-04T14:45:02.041+0000] {logging_mixin.py:190} INFO - [2026-08-04T14:45:02.040+0000] {dagbag.py:588} INFO - Filling up the DagBag from /opt/airflow/dags/bash_python.py
[2026-08-04T14:45:02.069+0000] {processor.py:925} INFO - DAG(s) 'download_rocket_launches' retrieved from /opt/airflow/dags/bash_python.py
[2026-08-04T14:45:02.102+0000] {logging_mixin.py:190} INFO - [2026-08-04T14:45:02.102+0000] {dag.py:3239} INFO - Sync 1 DAGs
[2026-08-04T14:45:02.118+0000] {logging_mixin.py:190} INFO - [2026-08-04T14:45:02.118+0000] {dag.py:4180} INFO - Setting next_dagrun for download_rocket_launches to None, run_after=None
[2026-08-04T14:45:02.135+0000] {processor.py:208} INFO - Processing /opt/airflow/dags/bash_python.py took 0.133 seconds
[2026-08-04T14:45:32.213+0000] {processor.py:186} INFO - Started process (PID=550) to work on /opt/airflow/dags/bash_python.py
[2026-08-04T14:45:32.215+0000] {processor.py:914} INFO - Processing file /opt/airflow/dags/bash_python.py for tasks to queue
[2026-08-04T14:45:32.218+0000] {logging_mixin.py:190} INFO - [2026-08-04T14:45:32.218+0000] {dagbag.py:588} INFO - Filling up the DagBag from /opt/airflow/dags/bash_python.py
[2026-08-04T14:45:32.238+0000] {processor.py:925} INFO - DAG(s) 'download_rocket_launches' retrieved from /opt/airflow/dags/bash_python.py
[2026-08-04T14:45:32.277+0000] {logging_mixin.py:190} INFO - [2026-08-04T14:45:32.276+0000] {dag.py:3239} INFO - Sync 1 DAGs
[2026-08-04T14:45:32.296+0000] {logging_mixin.py:190} INFO - [2026-08-04T14:45:32.295+0000] {dag.py:4180} INFO - Setting next_dagrun for download_rocket_launches to None, run_after=None
[2026-08-04T14:45:32.337+0000] {processor.py:208} INFO - Processing /opt/airflow/dags/bash_python.py took 0.132 seconds
[2026-08-04T14:46:02.543+0000] {processor.py:186} INFO - Started process (PID=555) to work on /opt/airflow/dags/bash_python.py
[2026-08-04T14:46:02.545+0000] {processor.py:914} INFO - Processing file /opt/airflow/dags/bash_python.py for tasks to queue
[2026-08-04T14:46:02.547+0000] {logging_mixin.py:190} INFO - [2026-08-04T14:46:02.547+0000] {dagbag.py:588} INFO - Filling up the DagBag from /opt/airflow/dags/bash_python.py
[2026-08-04T14:46:02.567+0000] {processor.py:925} INFO - DAG(s) 'download_rocket_launches' retrieved from /opt/airflow/dags/bash_python.py
[2026-08-04T14:46:02.593+0000] {logging_mixin.py:190} INFO - [2026-08-04T14:46:02.592+0000] {dag.py:3239} INFO - Sync 1 DAGs
[2026-08-04T14:46:02.605+0000] {logging_mixin.py:190} INFO - [2026-08-04T14:46:02.605+0000] {dag.py:4180} INFO - Setting next_dagrun for download_rocket_launches to None, run_after=None
[2026-08-04T14:46:02.622+0000] {processor.py:208} INFO - Processing /opt/airflow/dags/bash_python.py took 0.084 seconds
[2026-08-04T14:46:32.757+0000] {processor.py:186} INFO - Started process (PID=560) to work on /opt/airflow/dags/bash_python.py
[2026-08-04T14:46:32.758+0000] {processor.py:914} INFO - Processing file /opt/airflow/dags/bash_python.py for tasks to queue
[2026-08-04T14:46:32.761+0000] {logging_mixin.py:190} INFO - [2026-08-04T14:46:32.760+0000] {dagbag.py:588} INFO - Filling up the DagBag from /opt/airflow/dags/bash_python.py
[2026-08-04T14:46:32.779+0000] {processor.py:925} INFO - DAG(s) 'download_rocket_launches' retrieved from /opt/airflow/dags/bash_python.py
[2026-08-04T14:46:32.804+0000] {logging_mixin.py:190} INFO - [2026-08-04T14:46:32.804+0000] {dag.py:3239} INFO - Sync 1 DAGs
[2026-08-04T14:46:32.816+0000] {logging_mixin.py:190} INFO - [2026-08-04T14:46:32.816+0000] {dag.py:4180} INFO - Setting next_dagrun for download_rocket_launches to None, run_after=None
[2026-08-04T14:46:32.845+0000] {processor.py:208} INFO - Processing /opt/airflow/dags/bash_python.py took 0.095 seconds
[2026-08-04T17:10:45.217+0000] {processor.py:186} INFO - Started process (PID=565) to work on /opt/airflow/dags/bash_python.py
[2026-08-04T17:10:45.218+0000] {processor.py:914} INFO - Processing file /opt/airflow/dags/bash_python.py for tasks to queue
[2026-08-04T17:10:45.222+0000] {logging_mixin.py:190} INFO - [2026-08-04T17:10:45.222+0000] {dagbag.py:588} INFO - Filling up the DagBag from /opt/airflow/dags/bash_python.py
[2026-08-04T17:10:45.244+0000] {processor.py:925} INFO - DAG(s) 'download_rocket_launches' retrieved from /opt/airflow/dags/bash_python.py
[2026-08-04T17:10:45.288+0000] {logging_mixin.py:190} INFO - [2026-08-04T17:10:45.288+0000] {dag.py:3239} INFO - Sync 1 DAGs
[2026-08-04T17:10:45.329+0000] {logging_mixin.py:190} INFO - [2026-08-04T17:10:45.329+0000] {dag.py:4180} INFO - Setting next_dagrun for download_rocket_launches to None, run_after=None
[2026-08-04T17:10:45.361+0000] {processor.py:208} INFO - Processing /opt/airflow/dags/bash_python.py took 0.153 seconds
