[2026-08-17T12:57:59.878+0000] {processor.py:186} INFO - Started process (PID=1868) to work on /opt/airflow/dags/bash_python.py
[2026-08-17T12:57:59.880+0000] {processor.py:914} INFO - Processing file /opt/airflow/dags/bash_python.py for tasks to queue
[2026-08-17T12:57:59.885+0000] {logging_mixin.py:190} INFO - [2026-08-17T12:57:59.884+0000] {dagbag.py:588} INFO - Filling up the DagBag from /opt/airflow/dags/bash_python.py
[2026-08-17T12:57:59.908+0000] {processor.py:925} INFO - DAG(s) 'download_rocket_launches' retrieved from /opt/airflow/dags/bash_python.py
[2026-08-17T12:58:00.321+0000] {logging_mixin.py:190} INFO - [2026-08-17T12:58:00.319+0000] {dag.py:3239} INFO - Sync 1 DAGs
[2026-08-17T12:58:00.350+0000] {logging_mixin.py:190} INFO - [2026-08-17T12:58:00.349+0000] {dag.py:4180} INFO - Setting next_dagrun for download_rocket_launches to None, run_after=None
[2026-08-17T12:58:02.246+0000] {processor.py:208} INFO - Processing /opt/airflow/dags/bash_python.py took 2.379 seconds
[2026-08-17T12:58:32.322+0000] {processor.py:186} INFO - Started process (PID=1880) to work on /opt/airflow/dags/bash_python.py
[2026-08-17T12:58:32.323+0000] {processor.py:914} INFO - Processing file /opt/airflow/dags/bash_python.py for tasks to queue
[2026-08-17T12:58:32.327+0000] {logging_mixin.py:190} INFO - [2026-08-17T12:58:32.326+0000] {dagbag.py:588} INFO - Filling up the DagBag from /opt/airflow/dags/bash_python.py
[2026-08-17T12:58:32.346+0000] {processor.py:925} INFO - DAG(s) 'download_rocket_launches' retrieved from /opt/airflow/dags/bash_python.py
[2026-08-17T12:58:32.378+0000] {logging_mixin.py:190} INFO - [2026-08-17T12:58:32.378+0000] {dag.py:3239} INFO - Sync 1 DAGs
[2026-08-17T12:58:32.396+0000] {logging_mixin.py:190} INFO - [2026-08-17T12:58:32.396+0000] {dag.py:4180} INFO - Setting next_dagrun for download_rocket_launches to None, run_after=None
[2026-08-17T12:58:32.422+0000] {processor.py:208} INFO - Processing /opt/airflow/dags/bash_python.py took 0.109 seconds
[2026-08-17T12:59:02.731+0000] {processor.py:186} INFO - Started process (PID=1890) to work on /opt/airflow/dags/bash_python.py
[2026-08-17T12:59:02.732+0000] {processor.py:914} INFO - Processing file /opt/airflow/dags/bash_python.py for tasks to queue
[2026-08-17T12:59:02.736+0000] {logging_mixin.py:190} INFO - [2026-08-17T12:59:02.736+0000] {dagbag.py:588} INFO - Filling up the DagBag from /opt/airflow/dags/bash_python.py
[2026-08-17T12:59:02.753+0000] {processor.py:925} INFO - DAG(s) 'download_rocket_launches' retrieved from /opt/airflow/dags/bash_python.py
[2026-08-17T12:59:02.783+0000] {logging_mixin.py:190} INFO - [2026-08-17T12:59:02.783+0000] {dag.py:3239} INFO - Sync 1 DAGs
[2026-08-17T12:59:02.797+0000] {logging_mixin.py:190} INFO - [2026-08-17T12:59:02.797+0000] {dag.py:4180} INFO - Setting next_dagrun for download_rocket_launches to None, run_after=None
[2026-08-17T12:59:02.815+0000] {processor.py:208} INFO - Processing /opt/airflow/dags/bash_python.py took 0.090 seconds
[2026-08-17T12:59:32.897+0000] {processor.py:186} INFO - Started process (PID=1965) to work on /opt/airflow/dags/bash_python.py
[2026-08-17T12:59:32.899+0000] {processor.py:914} INFO - Processing file /opt/airflow/dags/bash_python.py for tasks to queue
[2026-08-17T12:59:32.902+0000] {logging_mixin.py:190} INFO - [2026-08-17T12:59:32.902+0000] {dagbag.py:588} INFO - Filling up the DagBag from /opt/airflow/dags/bash_python.py
[2026-08-17T12:59:32.923+0000] {processor.py:925} INFO - DAG(s) 'download_rocket_launches' retrieved from /opt/airflow/dags/bash_python.py
[2026-08-17T12:59:32.955+0000] {logging_mixin.py:190} INFO - [2026-08-17T12:59:32.955+0000] {dag.py:3239} INFO - Sync 1 DAGs
[2026-08-17T12:59:32.971+0000] {logging_mixin.py:190} INFO - [2026-08-17T12:59:32.970+0000] {dag.py:4180} INFO - Setting next_dagrun for download_rocket_launches to None, run_after=None
[2026-08-17T12:59:32.996+0000] {processor.py:208} INFO - Processing /opt/airflow/dags/bash_python.py took 0.109 seconds
[2026-08-17T13:00:03.638+0000] {processor.py:186} INFO - Started process (PID=1975) to work on /opt/airflow/dags/bash_python.py
[2026-08-17T13:00:03.640+0000] {processor.py:914} INFO - Processing file /opt/airflow/dags/bash_python.py for tasks to queue
[2026-08-17T13:00:03.644+0000] {logging_mixin.py:190} INFO - [2026-08-17T13:00:03.644+0000] {dagbag.py:588} INFO - Filling up the DagBag from /opt/airflow/dags/bash_python.py
[2026-08-17T13:00:03.671+0000] {processor.py:925} INFO - DAG(s) 'download_rocket_launches' retrieved from /opt/airflow/dags/bash_python.py
[2026-08-17T13:00:03.717+0000] {logging_mixin.py:190} INFO - [2026-08-17T13:00:03.716+0000] {dag.py:3239} INFO - Sync 1 DAGs
[2026-08-17T13:00:03.738+0000] {logging_mixin.py:190} INFO - [2026-08-17T13:00:03.737+0000] {dag.py:4180} INFO - Setting next_dagrun for download_rocket_launches to None, run_after=None
[2026-08-17T13:00:03.767+0000] {processor.py:208} INFO - Processing /opt/airflow/dags/bash_python.py took 0.139 seconds
[2026-08-17T13:00:34.157+0000] {processor.py:186} INFO - Started process (PID=1985) to work on /opt/airflow/dags/bash_python.py
[2026-08-17T13:00:34.159+0000] {processor.py:914} INFO - Processing file /opt/airflow/dags/bash_python.py for tasks to queue
[2026-08-17T13:00:34.164+0000] {logging_mixin.py:190} INFO - [2026-08-17T13:00:34.163+0000] {dagbag.py:588} INFO - Filling up the DagBag from /opt/airflow/dags/bash_python.py
[2026-08-17T13:00:34.186+0000] {processor.py:925} INFO - DAG(s) 'download_rocket_launches' retrieved from /opt/airflow/dags/bash_python.py
[2026-08-17T13:00:34.221+0000] {logging_mixin.py:190} INFO - [2026-08-17T13:00:34.220+0000] {dag.py:3239} INFO - Sync 1 DAGs
[2026-08-17T13:00:34.239+0000] {logging_mixin.py:190} INFO - [2026-08-17T13:00:34.238+0000] {dag.py:4180} INFO - Setting next_dagrun for download_rocket_launches to None, run_after=None
[2026-08-17T13:00:34.268+0000] {processor.py:208} INFO - Processing /opt/airflow/dags/bash_python.py took 0.116 seconds
[2026-08-17T13:01:04.460+0000] {processor.py:186} INFO - Started process (PID=1995) to work on /opt/airflow/dags/bash_python.py
[2026-08-17T13:01:04.461+0000] {processor.py:914} INFO - Processing file /opt/airflow/dags/bash_python.py for tasks to queue
[2026-08-17T13:01:04.464+0000] {logging_mixin.py:190} INFO - [2026-08-17T13:01:04.464+0000] {dagbag.py:588} INFO - Filling up the DagBag from /opt/airflow/dags/bash_python.py
[2026-08-17T13:01:04.481+0000] {processor.py:925} INFO - DAG(s) 'download_rocket_launches' retrieved from /opt/airflow/dags/bash_python.py
[2026-08-17T13:01:04.512+0000] {logging_mixin.py:190} INFO - [2026-08-17T13:01:04.511+0000] {dag.py:3239} INFO - Sync 1 DAGs
[2026-08-17T13:01:04.525+0000] {logging_mixin.py:190} INFO - [2026-08-17T13:01:04.525+0000] {dag.py:4180} INFO - Setting next_dagrun for download_rocket_launches to None, run_after=None
[2026-08-17T13:01:04.542+0000] {processor.py:208} INFO - Processing /opt/airflow/dags/bash_python.py took 0.090 seconds
[2026-08-17T13:01:34.822+0000] {processor.py:186} INFO - Started process (PID=2005) to work on /opt/airflow/dags/bash_python.py
[2026-08-17T13:01:34.824+0000] {processor.py:914} INFO - Processing file /opt/airflow/dags/bash_python.py for tasks to queue
[2026-08-17T13:01:34.827+0000] {logging_mixin.py:190} INFO - [2026-08-17T13:01:34.826+0000] {dagbag.py:588} INFO - Filling up the DagBag from /opt/airflow/dags/bash_python.py
[2026-08-17T13:01:34.846+0000] {processor.py:925} INFO - DAG(s) 'download_rocket_launches' retrieved from /opt/airflow/dags/bash_python.py
[2026-08-17T13:01:34.880+0000] {logging_mixin.py:190} INFO - [2026-08-17T13:01:34.880+0000] {dag.py:3239} INFO - Sync 1 DAGs
[2026-08-17T13:01:34.893+0000] {logging_mixin.py:190} INFO - [2026-08-17T13:01:34.893+0000] {dag.py:4180} INFO - Setting next_dagrun for download_rocket_launches to None, run_after=None
[2026-08-17T13:01:34.932+0000] {processor.py:208} INFO - Processing /opt/airflow/dags/bash_python.py took 0.116 seconds
[2026-08-17T13:02:05.228+0000] {processor.py:186} INFO - Started process (PID=2015) to work on /opt/airflow/dags/bash_python.py
[2026-08-17T13:02:05.229+0000] {processor.py:914} INFO - Processing file /opt/airflow/dags/bash_python.py for tasks to queue
[2026-08-17T13:02:05.232+0000] {logging_mixin.py:190} INFO - [2026-08-17T13:02:05.232+0000] {dagbag.py:588} INFO - Filling up the DagBag from /opt/airflow/dags/bash_python.py
[2026-08-17T13:02:05.248+0000] {processor.py:925} INFO - DAG(s) 'download_rocket_launches' retrieved from /opt/airflow/dags/bash_python.py
[2026-08-17T13:02:05.281+0000] {logging_mixin.py:190} INFO - [2026-08-17T13:02:05.281+0000] {dag.py:3239} INFO - Sync 1 DAGs
[2026-08-17T13:02:05.295+0000] {logging_mixin.py:190} INFO - [2026-08-17T13:02:05.295+0000] {dag.py:4180} INFO - Setting next_dagrun for download_rocket_launches to None, run_after=None
[2026-08-17T13:02:05.314+0000] {processor.py:208} INFO - Processing /opt/airflow/dags/bash_python.py took 0.091 seconds
[2026-08-17T13:02:35.491+0000] {processor.py:186} INFO - Started process (PID=2025) to work on /opt/airflow/dags/bash_python.py
[2026-08-17T13:02:35.492+0000] {processor.py:914} INFO - Processing file /opt/airflow/dags/bash_python.py for tasks to queue
[2026-08-17T13:02:35.494+0000] {logging_mixin.py:190} INFO - [2026-08-17T13:02:35.494+0000] {dagbag.py:588} INFO - Filling up the DagBag from /opt/airflow/dags/bash_python.py
[2026-08-17T13:02:35.512+0000] {processor.py:925} INFO - DAG(s) 'download_rocket_launches' retrieved from /opt/airflow/dags/bash_python.py
[2026-08-17T13:02:35.543+0000] {logging_mixin.py:190} INFO - [2026-08-17T13:02:35.542+0000] {dag.py:3239} INFO - Sync 1 DAGs
[2026-08-17T13:02:35.558+0000] {logging_mixin.py:190} INFO - [2026-08-17T13:02:35.557+0000] {dag.py:4180} INFO - Setting next_dagrun for download_rocket_launches to None, run_after=None
[2026-08-17T13:02:35.580+0000] {processor.py:208} INFO - Processing /opt/airflow/dags/bash_python.py took 0.094 seconds
[2026-08-17T13:12:26.905+0000] {processor.py:186} INFO - Started process (PID=2033) to work on /opt/airflow/dags/bash_python.py
[2026-08-17T13:12:26.907+0000] {processor.py:914} INFO - Processing file /opt/airflow/dags/bash_python.py for tasks to queue
[2026-08-17T13:12:26.913+0000] {logging_mixin.py:190} INFO - [2026-08-17T13:12:26.911+0000] {dagbag.py:588} INFO - Filling up the DagBag from /opt/airflow/dags/bash_python.py
[2026-08-17T13:12:26.954+0000] {processor.py:925} INFO - DAG(s) 'download_rocket_launches' retrieved from /opt/airflow/dags/bash_python.py
[2026-08-17T13:12:27.029+0000] {logging_mixin.py:190} INFO - [2026-08-17T13:12:27.028+0000] {dag.py:3239} INFO - Sync 1 DAGs
[2026-08-17T13:12:27.100+0000] {logging_mixin.py:190} INFO - [2026-08-17T13:12:27.100+0000] {dag.py:4180} INFO - Setting next_dagrun for download_rocket_launches to None, run_after=None
[2026-08-17T13:12:27.164+0000] {processor.py:208} INFO - Processing /opt/airflow/dags/bash_python.py took 0.272 seconds
[2026-08-17T13:14:46.279+0000] {processor.py:186} INFO - Started process (PID=2043) to work on /opt/airflow/dags/bash_python.py
[2026-08-17T13:14:46.281+0000] {processor.py:914} INFO - Processing file /opt/airflow/dags/bash_python.py for tasks to queue
[2026-08-17T13:14:46.285+0000] {logging_mixin.py:190} INFO - [2026-08-17T13:14:46.284+0000] {dagbag.py:588} INFO - Filling up the DagBag from /opt/airflow/dags/bash_python.py
[2026-08-17T13:14:46.308+0000] {processor.py:925} INFO - DAG(s) 'download_rocket_launches' retrieved from /opt/airflow/dags/bash_python.py
[2026-08-17T13:14:46.354+0000] {logging_mixin.py:190} INFO - [2026-08-17T13:14:46.354+0000] {dag.py:3239} INFO - Sync 1 DAGs
[2026-08-17T13:14:46.372+0000] {logging_mixin.py:190} INFO - [2026-08-17T13:14:46.372+0000] {dag.py:4180} INFO - Setting next_dagrun for download_rocket_launches to None, run_after=None
[2026-08-17T13:14:46.404+0000] {processor.py:208} INFO - Processing /opt/airflow/dags/bash_python.py took 0.132 seconds
[2026-08-17T13:15:16.676+0000] {processor.py:186} INFO - Started process (PID=2053) to work on /opt/airflow/dags/bash_python.py
[2026-08-17T13:15:16.678+0000] {processor.py:914} INFO - Processing file /opt/airflow/dags/bash_python.py for tasks to queue
[2026-08-17T13:15:16.681+0000] {logging_mixin.py:190} INFO - [2026-08-17T13:15:16.681+0000] {dagbag.py:588} INFO - Filling up the DagBag from /opt/airflow/dags/bash_python.py
[2026-08-17T13:15:16.702+0000] {processor.py:925} INFO - DAG(s) 'download_rocket_launches' retrieved from /opt/airflow/dags/bash_python.py
[2026-08-17T13:15:16.736+0000] {logging_mixin.py:190} INFO - [2026-08-17T13:15:16.736+0000] {dag.py:3239} INFO - Sync 1 DAGs
[2026-08-17T13:15:16.754+0000] {logging_mixin.py:190} INFO - [2026-08-17T13:15:16.754+0000] {dag.py:4180} INFO - Setting next_dagrun for download_rocket_launches to None, run_after=None
[2026-08-17T13:15:16.778+0000] {processor.py:208} INFO - Processing /opt/airflow/dags/bash_python.py took 0.109 seconds
[2026-08-17T13:15:47.059+0000] {processor.py:186} INFO - Started process (PID=2063) to work on /opt/airflow/dags/bash_python.py
[2026-08-17T13:15:47.060+0000] {processor.py:914} INFO - Processing file /opt/airflow/dags/bash_python.py for tasks to queue
[2026-08-17T13:15:47.063+0000] {logging_mixin.py:190} INFO - [2026-08-17T13:15:47.063+0000] {dagbag.py:588} INFO - Filling up the DagBag from /opt/airflow/dags/bash_python.py
[2026-08-17T13:15:47.086+0000] {processor.py:925} INFO - DAG(s) 'download_rocket_launches' retrieved from /opt/airflow/dags/bash_python.py
[2026-08-17T13:15:47.127+0000] {logging_mixin.py:190} INFO - [2026-08-17T13:15:47.127+0000] {dag.py:3239} INFO - Sync 1 DAGs
[2026-08-17T13:15:47.152+0000] {logging_mixin.py:190} INFO - [2026-08-17T13:15:47.152+0000] {dag.py:4180} INFO - Setting next_dagrun for download_rocket_launches to None, run_after=None
[2026-08-17T13:15:47.186+0000] {processor.py:208} INFO - Processing /opt/airflow/dags/bash_python.py took 0.134 seconds
[2026-08-17T13:16:17.464+0000] {processor.py:186} INFO - Started process (PID=2073) to work on /opt/airflow/dags/bash_python.py
[2026-08-17T13:16:17.466+0000] {processor.py:914} INFO - Processing file /opt/airflow/dags/bash_python.py for tasks to queue
[2026-08-17T13:16:17.470+0000] {logging_mixin.py:190} INFO - [2026-08-17T13:16:17.469+0000] {dagbag.py:588} INFO - Filling up the DagBag from /opt/airflow/dags/bash_python.py
[2026-08-17T13:16:17.492+0000] {processor.py:925} INFO - DAG(s) 'download_rocket_launches' retrieved from /opt/airflow/dags/bash_python.py
[2026-08-17T13:16:17.529+0000] {logging_mixin.py:190} INFO - [2026-08-17T13:16:17.529+0000] {dag.py:3239} INFO - Sync 1 DAGs
[2026-08-17T13:16:17.545+0000] {logging_mixin.py:190} INFO - [2026-08-17T13:16:17.545+0000] {dag.py:4180} INFO - Setting next_dagrun for download_rocket_launches to None, run_after=None
[2026-08-17T13:16:17.564+0000] {processor.py:208} INFO - Processing /opt/airflow/dags/bash_python.py took 0.110 seconds
[2026-08-17T13:16:47.865+0000] {processor.py:186} INFO - Started process (PID=2083) to work on /opt/airflow/dags/bash_python.py
[2026-08-17T13:16:47.867+0000] {processor.py:914} INFO - Processing file /opt/airflow/dags/bash_python.py for tasks to queue
[2026-08-17T13:16:47.871+0000] {logging_mixin.py:190} INFO - [2026-08-17T13:16:47.870+0000] {dagbag.py:588} INFO - Filling up the DagBag from /opt/airflow/dags/bash_python.py
[2026-08-17T13:16:47.892+0000] {processor.py:925} INFO - DAG(s) 'download_rocket_launches' retrieved from /opt/airflow/dags/bash_python.py
[2026-08-17T13:16:47.932+0000] {logging_mixin.py:190} INFO - [2026-08-17T13:16:47.932+0000] {dag.py:3239} INFO - Sync 1 DAGs
[2026-08-17T13:16:47.953+0000] {logging_mixin.py:190} INFO - [2026-08-17T13:16:47.952+0000] {dag.py:4180} INFO - Setting next_dagrun for download_rocket_launches to None, run_after=None
[2026-08-17T13:16:47.978+0000] {processor.py:208} INFO - Processing /opt/airflow/dags/bash_python.py took 0.121 seconds
[2026-08-17T13:17:18.333+0000] {processor.py:186} INFO - Started process (PID=2093) to work on /opt/airflow/dags/bash_python.py
[2026-08-17T13:17:18.335+0000] {processor.py:914} INFO - Processing file /opt/airflow/dags/bash_python.py for tasks to queue
[2026-08-17T13:17:18.342+0000] {logging_mixin.py:190} INFO - [2026-08-17T13:17:18.341+0000] {dagbag.py:588} INFO - Filling up the DagBag from /opt/airflow/dags/bash_python.py
[2026-08-17T13:17:18.380+0000] {processor.py:925} INFO - DAG(s) 'download_rocket_launches' retrieved from /opt/airflow/dags/bash_python.py
[2026-08-17T13:17:18.414+0000] {logging_mixin.py:190} INFO - [2026-08-17T13:17:18.413+0000] {dag.py:3239} INFO - Sync 1 DAGs
[2026-08-17T13:17:18.432+0000] {logging_mixin.py:190} INFO - [2026-08-17T13:17:18.432+0000] {dag.py:4180} INFO - Setting next_dagrun for download_rocket_launches to None, run_after=None
[2026-08-17T13:17:18.454+0000] {processor.py:208} INFO - Processing /opt/airflow/dags/bash_python.py took 0.133 seconds
[2026-08-17T13:17:48.772+0000] {processor.py:186} INFO - Started process (PID=2103) to work on /opt/airflow/dags/bash_python.py
[2026-08-17T13:17:48.773+0000] {processor.py:914} INFO - Processing file /opt/airflow/dags/bash_python.py for tasks to queue
[2026-08-17T13:17:48.777+0000] {logging_mixin.py:190} INFO - [2026-08-17T13:17:48.777+0000] {dagbag.py:588} INFO - Filling up the DagBag from /opt/airflow/dags/bash_python.py
[2026-08-17T13:17:48.798+0000] {processor.py:925} INFO - DAG(s) 'download_rocket_launches' retrieved from /opt/airflow/dags/bash_python.py
[2026-08-17T13:17:48.832+0000] {logging_mixin.py:190} INFO - [2026-08-17T13:17:48.831+0000] {dag.py:3239} INFO - Sync 1 DAGs
[2026-08-17T13:17:48.850+0000] {logging_mixin.py:190} INFO - [2026-08-17T13:17:48.849+0000] {dag.py:4180} INFO - Setting next_dagrun for download_rocket_launches to None, run_after=None
[2026-08-17T13:17:48.870+0000] {processor.py:208} INFO - Processing /opt/airflow/dags/bash_python.py took 0.104 seconds
[2026-08-17T13:18:19.138+0000] {processor.py:186} INFO - Started process (PID=2113) to work on /opt/airflow/dags/bash_python.py
[2026-08-17T13:18:19.139+0000] {processor.py:914} INFO - Processing file /opt/airflow/dags/bash_python.py for tasks to queue
[2026-08-17T13:18:19.141+0000] {logging_mixin.py:190} INFO - [2026-08-17T13:18:19.141+0000] {dagbag.py:588} INFO - Filling up the DagBag from /opt/airflow/dags/bash_python.py
[2026-08-17T13:18:19.157+0000] {processor.py:925} INFO - DAG(s) 'download_rocket_launches' retrieved from /opt/airflow/dags/bash_python.py
[2026-08-17T13:18:19.182+0000] {logging_mixin.py:190} INFO - [2026-08-17T13:18:19.182+0000] {dag.py:3239} INFO - Sync 1 DAGs
[2026-08-17T13:18:19.197+0000] {logging_mixin.py:190} INFO - [2026-08-17T13:18:19.197+0000] {dag.py:4180} INFO - Setting next_dagrun for download_rocket_launches to None, run_after=None
[2026-08-17T13:18:19.216+0000] {processor.py:208} INFO - Processing /opt/airflow/dags/bash_python.py took 0.084 seconds
[2026-08-17T13:18:49.482+0000] {processor.py:186} INFO - Started process (PID=2123) to work on /opt/airflow/dags/bash_python.py
[2026-08-17T13:18:49.483+0000] {processor.py:914} INFO - Processing file /opt/airflow/dags/bash_python.py for tasks to queue
[2026-08-17T13:18:49.486+0000] {logging_mixin.py:190} INFO - [2026-08-17T13:18:49.486+0000] {dagbag.py:588} INFO - Filling up the DagBag from /opt/airflow/dags/bash_python.py
[2026-08-17T13:18:49.505+0000] {processor.py:925} INFO - DAG(s) 'download_rocket_launches' retrieved from /opt/airflow/dags/bash_python.py
[2026-08-17T13:18:49.535+0000] {logging_mixin.py:190} INFO - [2026-08-17T13:18:49.535+0000] {dag.py:3239} INFO - Sync 1 DAGs
[2026-08-17T13:18:49.552+0000] {logging_mixin.py:190} INFO - [2026-08-17T13:18:49.551+0000] {dag.py:4180} INFO - Setting next_dagrun for download_rocket_launches to None, run_after=None
[2026-08-17T13:18:49.570+0000] {processor.py:208} INFO - Processing /opt/airflow/dags/bash_python.py took 0.093 seconds
[2026-08-17T13:19:19.862+0000] {processor.py:186} INFO - Started process (PID=2133) to work on /opt/airflow/dags/bash_python.py
[2026-08-17T13:19:19.865+0000] {processor.py:914} INFO - Processing file /opt/airflow/dags/bash_python.py for tasks to queue
[2026-08-17T13:19:19.867+0000] {logging_mixin.py:190} INFO - [2026-08-17T13:19:19.867+0000] {dagbag.py:588} INFO - Filling up the DagBag from /opt/airflow/dags/bash_python.py
[2026-08-17T13:19:19.891+0000] {processor.py:925} INFO - DAG(s) 'download_rocket_launches' retrieved from /opt/airflow/dags/bash_python.py
[2026-08-17T13:19:19.926+0000] {logging_mixin.py:190} INFO - [2026-08-17T13:19:19.926+0000] {dag.py:3239} INFO - Sync 1 DAGs
[2026-08-17T13:19:19.944+0000] {logging_mixin.py:190} INFO - [2026-08-17T13:19:19.944+0000] {dag.py:4180} INFO - Setting next_dagrun for download_rocket_launches to None, run_after=None
[2026-08-17T13:19:19.962+0000] {processor.py:208} INFO - Processing /opt/airflow/dags/bash_python.py took 0.109 seconds
[2026-08-17T13:19:50.204+0000] {processor.py:186} INFO - Started process (PID=2143) to work on /opt/airflow/dags/bash_python.py
[2026-08-17T13:19:50.205+0000] {processor.py:914} INFO - Processing file /opt/airflow/dags/bash_python.py for tasks to queue
[2026-08-17T13:19:50.208+0000] {logging_mixin.py:190} INFO - [2026-08-17T13:19:50.207+0000] {dagbag.py:588} INFO - Filling up the DagBag from /opt/airflow/dags/bash_python.py
[2026-08-17T13:19:50.227+0000] {processor.py:925} INFO - DAG(s) 'download_rocket_launches' retrieved from /opt/airflow/dags/bash_python.py
[2026-08-17T13:19:50.263+0000] {logging_mixin.py:190} INFO - [2026-08-17T13:19:50.262+0000] {dag.py:3239} INFO - Sync 1 DAGs
[2026-08-17T13:19:50.280+0000] {logging_mixin.py:190} INFO - [2026-08-17T13:19:50.280+0000] {dag.py:4180} INFO - Setting next_dagrun for download_rocket_launches to None, run_after=None
[2026-08-17T13:19:50.302+0000] {processor.py:208} INFO - Processing /opt/airflow/dags/bash_python.py took 0.105 seconds
[2026-08-17T13:20:20.570+0000] {processor.py:186} INFO - Started process (PID=2153) to work on /opt/airflow/dags/bash_python.py
[2026-08-17T13:20:20.572+0000] {processor.py:914} INFO - Processing file /opt/airflow/dags/bash_python.py for tasks to queue
[2026-08-17T13:20:20.577+0000] {logging_mixin.py:190} INFO - [2026-08-17T13:20:20.577+0000] {dagbag.py:588} INFO - Filling up the DagBag from /opt/airflow/dags/bash_python.py
[2026-08-17T13:20:20.778+0000] {processor.py:925} INFO - DAG(s) 'download_rocket_launches' retrieved from /opt/airflow/dags/bash_python.py
[2026-08-17T13:20:20.846+0000] {logging_mixin.py:190} INFO - [2026-08-17T13:20:20.842+0000] {dag.py:3239} INFO - Sync 1 DAGs
[2026-08-17T13:20:20.885+0000] {logging_mixin.py:190} INFO - [2026-08-17T13:20:20.884+0000] {dag.py:4180} INFO - Setting next_dagrun for download_rocket_launches to None, run_after=None
[2026-08-17T13:20:20.940+0000] {processor.py:208} INFO - Processing /opt/airflow/dags/bash_python.py took 0.378 seconds
[2026-08-17T13:20:51.086+0000] {processor.py:186} INFO - Started process (PID=2165) to work on /opt/airflow/dags/bash_python.py
[2026-08-17T13:20:51.088+0000] {processor.py:914} INFO - Processing file /opt/airflow/dags/bash_python.py for tasks to queue
[2026-08-17T13:20:51.090+0000] {logging_mixin.py:190} INFO - [2026-08-17T13:20:51.090+0000] {dagbag.py:588} INFO - Filling up the DagBag from /opt/airflow/dags/bash_python.py
[2026-08-17T13:20:51.105+0000] {processor.py:925} INFO - DAG(s) 'download_rocket_launches' retrieved from /opt/airflow/dags/bash_python.py
[2026-08-17T13:20:51.131+0000] {logging_mixin.py:190} INFO - [2026-08-17T13:20:51.131+0000] {dag.py:3239} INFO - Sync 1 DAGs
[2026-08-17T13:20:51.145+0000] {logging_mixin.py:190} INFO - [2026-08-17T13:20:51.144+0000] {dag.py:4180} INFO - Setting next_dagrun for download_rocket_launches to None, run_after=None
[2026-08-17T13:20:51.168+0000] {processor.py:208} INFO - Processing /opt/airflow/dags/bash_python.py took 0.086 seconds
[2026-08-17T13:21:21.336+0000] {processor.py:186} INFO - Started process (PID=2173) to work on /opt/airflow/dags/bash_python.py
[2026-08-17T13:21:21.337+0000] {processor.py:914} INFO - Processing file /opt/airflow/dags/bash_python.py for tasks to queue
[2026-08-17T13:21:21.340+0000] {logging_mixin.py:190} INFO - [2026-08-17T13:21:21.340+0000] {dagbag.py:588} INFO - Filling up the DagBag from /opt/airflow/dags/bash_python.py
[2026-08-17T13:21:21.363+0000] {processor.py:925} INFO - DAG(s) 'download_rocket_launches' retrieved from /opt/airflow/dags/bash_python.py
[2026-08-17T13:21:21.427+0000] {logging_mixin.py:190} INFO - [2026-08-17T13:21:21.427+0000] {dag.py:3239} INFO - Sync 1 DAGs
[2026-08-17T13:21:21.444+0000] {logging_mixin.py:190} INFO - [2026-08-17T13:21:21.444+0000] {dag.py:4180} INFO - Setting next_dagrun for download_rocket_launches to None, run_after=None
[2026-08-17T13:21:21.463+0000] {processor.py:208} INFO - Processing /opt/airflow/dags/bash_python.py took 0.132 seconds
[2026-08-17T13:21:51.699+0000] {processor.py:186} INFO - Started process (PID=2183) to work on /opt/airflow/dags/bash_python.py
[2026-08-17T13:21:51.700+0000] {processor.py:914} INFO - Processing file /opt/airflow/dags/bash_python.py for tasks to queue
[2026-08-17T13:21:51.703+0000] {logging_mixin.py:190} INFO - [2026-08-17T13:21:51.702+0000] {dagbag.py:588} INFO - Filling up the DagBag from /opt/airflow/dags/bash_python.py
[2026-08-17T13:21:51.718+0000] {processor.py:925} INFO - DAG(s) 'download_rocket_launches' retrieved from /opt/airflow/dags/bash_python.py
[2026-08-17T13:21:51.748+0000] {logging_mixin.py:190} INFO - [2026-08-17T13:21:51.747+0000] {dag.py:3239} INFO - Sync 1 DAGs
[2026-08-17T13:21:51.761+0000] {logging_mixin.py:190} INFO - [2026-08-17T13:21:51.761+0000] {dag.py:4180} INFO - Setting next_dagrun for download_rocket_launches to None, run_after=None
[2026-08-17T13:21:51.791+0000] {processor.py:208} INFO - Processing /opt/airflow/dags/bash_python.py took 0.098 seconds
[2026-08-17T13:22:22.028+0000] {processor.py:186} INFO - Started process (PID=2193) to work on /opt/airflow/dags/bash_python.py
[2026-08-17T13:22:22.030+0000] {processor.py:914} INFO - Processing file /opt/airflow/dags/bash_python.py for tasks to queue
[2026-08-17T13:22:22.034+0000] {logging_mixin.py:190} INFO - [2026-08-17T13:22:22.034+0000] {dagbag.py:588} INFO - Filling up the DagBag from /opt/airflow/dags/bash_python.py
[2026-08-17T13:22:22.069+0000] {processor.py:925} INFO - DAG(s) 'download_rocket_launches' retrieved from /opt/airflow/dags/bash_python.py
[2026-08-17T13:22:22.113+0000] {logging_mixin.py:190} INFO - [2026-08-17T13:22:22.112+0000] {dag.py:3239} INFO - Sync 1 DAGs
[2026-08-17T13:22:22.132+0000] {logging_mixin.py:190} INFO - [2026-08-17T13:22:22.131+0000] {dag.py:4180} INFO - Setting next_dagrun for download_rocket_launches to None, run_after=None
[2026-08-17T13:22:22.155+0000] {processor.py:208} INFO - Processing /opt/airflow/dags/bash_python.py took 0.136 seconds
[2026-08-17T13:22:52.439+0000] {processor.py:186} INFO - Started process (PID=2203) to work on /opt/airflow/dags/bash_python.py
[2026-08-17T13:22:52.441+0000] {processor.py:914} INFO - Processing file /opt/airflow/dags/bash_python.py for tasks to queue
[2026-08-17T13:22:52.445+0000] {logging_mixin.py:190} INFO - [2026-08-17T13:22:52.444+0000] {dagbag.py:588} INFO - Filling up the DagBag from /opt/airflow/dags/bash_python.py
[2026-08-17T13:22:52.468+0000] {processor.py:925} INFO - DAG(s) 'download_rocket_launches' retrieved from /opt/airflow/dags/bash_python.py
[2026-08-17T13:22:52.515+0000] {logging_mixin.py:190} INFO - [2026-08-17T13:22:52.514+0000] {dag.py:3239} INFO - Sync 1 DAGs
[2026-08-17T13:22:52.550+0000] {logging_mixin.py:190} INFO - [2026-08-17T13:22:52.549+0000] {dag.py:4180} INFO - Setting next_dagrun for download_rocket_launches to None, run_after=None
[2026-08-17T13:22:52.591+0000] {processor.py:208} INFO - Processing /opt/airflow/dags/bash_python.py took 0.159 seconds
[2026-08-17T13:23:22.861+0000] {processor.py:186} INFO - Started process (PID=2213) to work on /opt/airflow/dags/bash_python.py
[2026-08-17T13:23:22.865+0000] {processor.py:914} INFO - Processing file /opt/airflow/dags/bash_python.py for tasks to queue
[2026-08-17T13:23:22.871+0000] {logging_mixin.py:190} INFO - [2026-08-17T13:23:22.871+0000] {dagbag.py:588} INFO - Filling up the DagBag from /opt/airflow/dags/bash_python.py
[2026-08-17T13:23:22.895+0000] {processor.py:925} INFO - DAG(s) 'download_rocket_launches' retrieved from /opt/airflow/dags/bash_python.py
[2026-08-17T13:23:22.936+0000] {logging_mixin.py:190} INFO - [2026-08-17T13:23:22.936+0000] {dag.py:3239} INFO - Sync 1 DAGs
[2026-08-17T13:23:22.959+0000] {logging_mixin.py:190} INFO - [2026-08-17T13:23:22.959+0000] {dag.py:4180} INFO - Setting next_dagrun for download_rocket_launches to None, run_after=None
[2026-08-17T13:23:22.983+0000] {processor.py:208} INFO - Processing /opt/airflow/dags/bash_python.py took 0.133 seconds
[2026-08-17T13:23:53.215+0000] {processor.py:186} INFO - Started process (PID=2223) to work on /opt/airflow/dags/bash_python.py
[2026-08-17T13:23:53.216+0000] {processor.py:914} INFO - Processing file /opt/airflow/dags/bash_python.py for tasks to queue
[2026-08-17T13:23:53.219+0000] {logging_mixin.py:190} INFO - [2026-08-17T13:23:53.219+0000] {dagbag.py:588} INFO - Filling up the DagBag from /opt/airflow/dags/bash_python.py
[2026-08-17T13:23:53.249+0000] {processor.py:925} INFO - DAG(s) 'download_rocket_launches' retrieved from /opt/airflow/dags/bash_python.py
[2026-08-17T13:23:53.287+0000] {logging_mixin.py:190} INFO - [2026-08-17T13:23:53.286+0000] {dag.py:3239} INFO - Sync 1 DAGs
[2026-08-17T13:23:53.300+0000] {logging_mixin.py:190} INFO - [2026-08-17T13:23:53.300+0000] {dag.py:4180} INFO - Setting next_dagrun for download_rocket_launches to None, run_after=None
[2026-08-17T13:23:53.318+0000] {processor.py:208} INFO - Processing /opt/airflow/dags/bash_python.py took 0.109 seconds
[2026-08-17T13:24:23.718+0000] {processor.py:186} INFO - Started process (PID=2240) to work on /opt/airflow/dags/bash_python.py
[2026-08-17T13:24:23.720+0000] {processor.py:914} INFO - Processing file /opt/airflow/dags/bash_python.py for tasks to queue
[2026-08-17T13:24:23.724+0000] {logging_mixin.py:190} INFO - [2026-08-17T13:24:23.723+0000] {dagbag.py:588} INFO - Filling up the DagBag from /opt/airflow/dags/bash_python.py
[2026-08-17T13:24:23.746+0000] {processor.py:925} INFO - DAG(s) 'download_rocket_launches' retrieved from /opt/airflow/dags/bash_python.py
[2026-08-17T13:24:23.787+0000] {logging_mixin.py:190} INFO - [2026-08-17T13:24:23.787+0000] {dag.py:3239} INFO - Sync 1 DAGs
[2026-08-17T13:24:23.805+0000] {logging_mixin.py:190} INFO - [2026-08-17T13:24:23.805+0000] {dag.py:4180} INFO - Setting next_dagrun for download_rocket_launches to None, run_after=None
[2026-08-17T13:24:23.829+0000] {processor.py:208} INFO - Processing /opt/airflow/dags/bash_python.py took 0.118 seconds
[2026-08-17T13:24:54.110+0000] {processor.py:186} INFO - Started process (PID=2250) to work on /opt/airflow/dags/bash_python.py
[2026-08-17T13:24:54.112+0000] {processor.py:914} INFO - Processing file /opt/airflow/dags/bash_python.py for tasks to queue
[2026-08-17T13:24:54.115+0000] {logging_mixin.py:190} INFO - [2026-08-17T13:24:54.114+0000] {dagbag.py:588} INFO - Filling up the DagBag from /opt/airflow/dags/bash_python.py
[2026-08-17T13:24:54.164+0000] {processor.py:925} INFO - DAG(s) 'download_rocket_launches' retrieved from /opt/airflow/dags/bash_python.py
[2026-08-17T13:24:54.198+0000] {logging_mixin.py:190} INFO - [2026-08-17T13:24:54.198+0000] {dag.py:3239} INFO - Sync 1 DAGs
[2026-08-17T13:24:54.215+0000] {logging_mixin.py:190} INFO - [2026-08-17T13:24:54.215+0000] {dag.py:4180} INFO - Setting next_dagrun for download_rocket_launches to None, run_after=None
[2026-08-17T13:24:54.251+0000] {processor.py:208} INFO - Processing /opt/airflow/dags/bash_python.py took 0.147 seconds
[2026-08-17T13:25:24.570+0000] {processor.py:186} INFO - Started process (PID=2260) to work on /opt/airflow/dags/bash_python.py
[2026-08-17T13:25:24.572+0000] {processor.py:914} INFO - Processing file /opt/airflow/dags/bash_python.py for tasks to queue
[2026-08-17T13:25:24.575+0000] {logging_mixin.py:190} INFO - [2026-08-17T13:25:24.575+0000] {dagbag.py:588} INFO - Filling up the DagBag from /opt/airflow/dags/bash_python.py
[2026-08-17T13:25:24.600+0000] {processor.py:925} INFO - DAG(s) 'download_rocket_launches' retrieved from /opt/airflow/dags/bash_python.py
[2026-08-17T13:25:24.633+0000] {logging_mixin.py:190} INFO - [2026-08-17T13:25:24.633+0000] {dag.py:3239} INFO - Sync 1 DAGs
[2026-08-17T13:25:24.645+0000] {logging_mixin.py:190} INFO - [2026-08-17T13:25:24.645+0000] {dag.py:4180} INFO - Setting next_dagrun for download_rocket_launches to None, run_after=None
[2026-08-17T13:25:24.662+0000] {processor.py:208} INFO - Processing /opt/airflow/dags/bash_python.py took 0.122 seconds
[2026-08-17T13:25:54.964+0000] {processor.py:186} INFO - Started process (PID=2275) to work on /opt/airflow/dags/bash_python.py
[2026-08-17T13:25:54.966+0000] {processor.py:914} INFO - Processing file /opt/airflow/dags/bash_python.py for tasks to queue
[2026-08-17T13:25:54.971+0000] {logging_mixin.py:190} INFO - [2026-08-17T13:25:54.971+0000] {dagbag.py:588} INFO - Filling up the DagBag from /opt/airflow/dags/bash_python.py
[2026-08-17T13:25:54.996+0000] {processor.py:925} INFO - DAG(s) 'download_rocket_launches' retrieved from /opt/airflow/dags/bash_python.py
[2026-08-17T13:25:55.040+0000] {logging_mixin.py:190} INFO - [2026-08-17T13:25:55.039+0000] {dag.py:3239} INFO - Sync 1 DAGs
[2026-08-17T13:25:55.062+0000] {logging_mixin.py:190} INFO - [2026-08-17T13:25:55.061+0000] {dag.py:4180} INFO - Setting next_dagrun for download_rocket_launches to None, run_after=None
[2026-08-17T13:25:55.092+0000] {processor.py:208} INFO - Processing /opt/airflow/dags/bash_python.py took 0.138 seconds
[2026-08-17T13:26:25.401+0000] {processor.py:186} INFO - Started process (PID=2285) to work on /opt/airflow/dags/bash_python.py
[2026-08-17T13:26:25.403+0000] {processor.py:914} INFO - Processing file /opt/airflow/dags/bash_python.py for tasks to queue
[2026-08-17T13:26:25.405+0000] {logging_mixin.py:190} INFO - [2026-08-17T13:26:25.405+0000] {dagbag.py:588} INFO - Filling up the DagBag from /opt/airflow/dags/bash_python.py
[2026-08-17T13:26:25.422+0000] {processor.py:925} INFO - DAG(s) 'download_rocket_launches' retrieved from /opt/airflow/dags/bash_python.py
[2026-08-17T13:26:25.453+0000] {logging_mixin.py:190} INFO - [2026-08-17T13:26:25.453+0000] {dag.py:3239} INFO - Sync 1 DAGs
[2026-08-17T13:26:25.466+0000] {logging_mixin.py:190} INFO - [2026-08-17T13:26:25.466+0000] {dag.py:4180} INFO - Setting next_dagrun for download_rocket_launches to None, run_after=None
[2026-08-17T13:26:25.514+0000] {processor.py:208} INFO - Processing /opt/airflow/dags/bash_python.py took 0.118 seconds
[2026-08-17T13:26:55.884+0000] {processor.py:186} INFO - Started process (PID=2300) to work on /opt/airflow/dags/bash_python.py
[2026-08-17T13:26:55.886+0000] {processor.py:914} INFO - Processing file /opt/airflow/dags/bash_python.py for tasks to queue
[2026-08-17T13:26:55.890+0000] {logging_mixin.py:190} INFO - [2026-08-17T13:26:55.889+0000] {dagbag.py:588} INFO - Filling up the DagBag from /opt/airflow/dags/bash_python.py
[2026-08-17T13:26:55.919+0000] {processor.py:925} INFO - DAG(s) 'download_rocket_launches' retrieved from /opt/airflow/dags/bash_python.py
[2026-08-17T13:26:55.964+0000] {logging_mixin.py:190} INFO - [2026-08-17T13:26:55.963+0000] {dag.py:3239} INFO - Sync 1 DAGs
[2026-08-17T13:26:55.988+0000] {logging_mixin.py:190} INFO - [2026-08-17T13:26:55.988+0000] {dag.py:4180} INFO - Setting next_dagrun for download_rocket_launches to None, run_after=None
[2026-08-17T13:26:56.038+0000] {processor.py:208} INFO - Processing /opt/airflow/dags/bash_python.py took 0.163 seconds
[2026-08-17T13:27:26.425+0000] {processor.py:186} INFO - Started process (PID=2315) to work on /opt/airflow/dags/bash_python.py
[2026-08-17T13:27:26.426+0000] {processor.py:914} INFO - Processing file /opt/airflow/dags/bash_python.py for tasks to queue
[2026-08-17T13:27:26.428+0000] {logging_mixin.py:190} INFO - [2026-08-17T13:27:26.428+0000] {dagbag.py:588} INFO - Filling up the DagBag from /opt/airflow/dags/bash_python.py
[2026-08-17T13:27:26.446+0000] {processor.py:925} INFO - DAG(s) 'download_rocket_launches' retrieved from /opt/airflow/dags/bash_python.py
[2026-08-17T13:27:26.473+0000] {logging_mixin.py:190} INFO - [2026-08-17T13:27:26.473+0000] {dag.py:3239} INFO - Sync 1 DAGs
[2026-08-17T13:27:26.493+0000] {logging_mixin.py:190} INFO - [2026-08-17T13:27:26.493+0000] {dag.py:4180} INFO - Setting next_dagrun for download_rocket_launches to None, run_after=None
[2026-08-17T13:27:26.527+0000] {processor.py:208} INFO - Processing /opt/airflow/dags/bash_python.py took 0.107 seconds
[2026-08-17T13:27:56.911+0000] {processor.py:186} INFO - Started process (PID=2325) to work on /opt/airflow/dags/bash_python.py
[2026-08-17T13:27:56.912+0000] {processor.py:914} INFO - Processing file /opt/airflow/dags/bash_python.py for tasks to queue
[2026-08-17T13:27:56.916+0000] {logging_mixin.py:190} INFO - [2026-08-17T13:27:56.916+0000] {dagbag.py:588} INFO - Filling up the DagBag from /opt/airflow/dags/bash_python.py
[2026-08-17T13:27:56.936+0000] {processor.py:925} INFO - DAG(s) 'download_rocket_launches' retrieved from /opt/airflow/dags/bash_python.py
[2026-08-17T13:27:56.972+0000] {logging_mixin.py:190} INFO - [2026-08-17T13:27:56.971+0000] {dag.py:3239} INFO - Sync 1 DAGs
[2026-08-17T13:27:56.988+0000] {logging_mixin.py:190} INFO - [2026-08-17T13:27:56.987+0000] {dag.py:4180} INFO - Setting next_dagrun for download_rocket_launches to None, run_after=None
[2026-08-17T13:27:57.037+0000] {processor.py:208} INFO - Processing /opt/airflow/dags/bash_python.py took 0.134 seconds
[2026-08-17T13:28:27.288+0000] {processor.py:186} INFO - Started process (PID=2335) to work on /opt/airflow/dags/bash_python.py
[2026-08-17T13:28:27.292+0000] {processor.py:914} INFO - Processing file /opt/airflow/dags/bash_python.py for tasks to queue
[2026-08-17T13:28:27.296+0000] {logging_mixin.py:190} INFO - [2026-08-17T13:28:27.296+0000] {dagbag.py:588} INFO - Filling up the DagBag from /opt/airflow/dags/bash_python.py
[2026-08-17T13:28:27.319+0000] {processor.py:925} INFO - DAG(s) 'download_rocket_launches' retrieved from /opt/airflow/dags/bash_python.py
[2026-08-17T13:28:27.358+0000] {logging_mixin.py:190} INFO - [2026-08-17T13:28:27.358+0000] {dag.py:3239} INFO - Sync 1 DAGs
[2026-08-17T13:28:27.375+0000] {logging_mixin.py:190} INFO - [2026-08-17T13:28:27.374+0000] {dag.py:4180} INFO - Setting next_dagrun for download_rocket_launches to None, run_after=None
[2026-08-17T13:28:27.428+0000] {processor.py:208} INFO - Processing /opt/airflow/dags/bash_python.py took 0.150 seconds
[2026-08-17T13:28:57.618+0000] {processor.py:186} INFO - Started process (PID=2345) to work on /opt/airflow/dags/bash_python.py
[2026-08-17T13:28:57.620+0000] {processor.py:914} INFO - Processing file /opt/airflow/dags/bash_python.py for tasks to queue
[2026-08-17T13:28:57.623+0000] {logging_mixin.py:190} INFO - [2026-08-17T13:28:57.622+0000] {dagbag.py:588} INFO - Filling up the DagBag from /opt/airflow/dags/bash_python.py
[2026-08-17T13:28:57.642+0000] {processor.py:925} INFO - DAG(s) 'download_rocket_launches' retrieved from /opt/airflow/dags/bash_python.py
[2026-08-17T13:28:57.675+0000] {logging_mixin.py:190} INFO - [2026-08-17T13:28:57.675+0000] {dag.py:3239} INFO - Sync 1 DAGs
[2026-08-17T13:28:57.686+0000] {logging_mixin.py:190} INFO - [2026-08-17T13:28:57.686+0000] {dag.py:4180} INFO - Setting next_dagrun for download_rocket_launches to None, run_after=None
[2026-08-17T13:28:57.729+0000] {processor.py:208} INFO - Processing /opt/airflow/dags/bash_python.py took 0.118 seconds
[2026-08-17T13:29:28.055+0000] {processor.py:186} INFO - Started process (PID=2355) to work on /opt/airflow/dags/bash_python.py
[2026-08-17T13:29:28.056+0000] {processor.py:914} INFO - Processing file /opt/airflow/dags/bash_python.py for tasks to queue
[2026-08-17T13:29:28.059+0000] {logging_mixin.py:190} INFO - [2026-08-17T13:29:28.059+0000] {dagbag.py:588} INFO - Filling up the DagBag from /opt/airflow/dags/bash_python.py
[2026-08-17T13:29:28.077+0000] {processor.py:925} INFO - DAG(s) 'download_rocket_launches' retrieved from /opt/airflow/dags/bash_python.py
[2026-08-17T13:29:28.108+0000] {logging_mixin.py:190} INFO - [2026-08-17T13:29:28.108+0000] {dag.py:3239} INFO - Sync 1 DAGs
[2026-08-17T13:29:28.143+0000] {logging_mixin.py:190} INFO - [2026-08-17T13:29:28.143+0000] {dag.py:4180} INFO - Setting next_dagrun for download_rocket_launches to None, run_after=None
[2026-08-17T13:29:28.160+0000] {processor.py:208} INFO - Processing /opt/airflow/dags/bash_python.py took 0.112 seconds
[2026-08-17T13:29:58.360+0000] {processor.py:186} INFO - Started process (PID=2365) to work on /opt/airflow/dags/bash_python.py
[2026-08-17T13:29:58.362+0000] {processor.py:914} INFO - Processing file /opt/airflow/dags/bash_python.py for tasks to queue
[2026-08-17T13:29:58.365+0000] {logging_mixin.py:190} INFO - [2026-08-17T13:29:58.365+0000] {dagbag.py:588} INFO - Filling up the DagBag from /opt/airflow/dags/bash_python.py
[2026-08-17T13:29:58.392+0000] {processor.py:925} INFO - DAG(s) 'download_rocket_launches' retrieved from /opt/airflow/dags/bash_python.py
[2026-08-17T13:29:58.435+0000] {logging_mixin.py:190} INFO - [2026-08-17T13:29:58.434+0000] {dag.py:3239} INFO - Sync 1 DAGs
[2026-08-17T13:29:58.457+0000] {logging_mixin.py:190} INFO - [2026-08-17T13:29:58.456+0000] {dag.py:4180} INFO - Setting next_dagrun for download_rocket_launches to None, run_after=None
[2026-08-17T13:29:58.523+0000] {processor.py:208} INFO - Processing /opt/airflow/dags/bash_python.py took 0.175 seconds
[2026-08-17T13:30:28.682+0000] {processor.py:186} INFO - Started process (PID=2375) to work on /opt/airflow/dags/bash_python.py
[2026-08-17T13:30:28.684+0000] {processor.py:914} INFO - Processing file /opt/airflow/dags/bash_python.py for tasks to queue
[2026-08-17T13:30:28.687+0000] {logging_mixin.py:190} INFO - [2026-08-17T13:30:28.687+0000] {dagbag.py:588} INFO - Filling up the DagBag from /opt/airflow/dags/bash_python.py
[2026-08-17T13:30:28.709+0000] {processor.py:925} INFO - DAG(s) 'download_rocket_launches' retrieved from /opt/airflow/dags/bash_python.py
[2026-08-17T13:30:28.744+0000] {logging_mixin.py:190} INFO - [2026-08-17T13:30:28.744+0000] {dag.py:3239} INFO - Sync 1 DAGs
[2026-08-17T13:30:28.764+0000] {logging_mixin.py:190} INFO - [2026-08-17T13:30:28.763+0000] {dag.py:4180} INFO - Setting next_dagrun for download_rocket_launches to None, run_after=None
[2026-08-17T13:30:28.813+0000] {processor.py:208} INFO - Processing /opt/airflow/dags/bash_python.py took 0.139 seconds
[2026-08-17T13:30:59.151+0000] {processor.py:186} INFO - Started process (PID=2385) to work on /opt/airflow/dags/bash_python.py
[2026-08-17T13:30:59.152+0000] {processor.py:914} INFO - Processing file /opt/airflow/dags/bash_python.py for tasks to queue
[2026-08-17T13:30:59.155+0000] {logging_mixin.py:190} INFO - [2026-08-17T13:30:59.155+0000] {dagbag.py:588} INFO - Filling up the DagBag from /opt/airflow/dags/bash_python.py
[2026-08-17T13:30:59.173+0000] {processor.py:925} INFO - DAG(s) 'download_rocket_launches' retrieved from /opt/airflow/dags/bash_python.py
[2026-08-17T13:30:59.203+0000] {logging_mixin.py:190} INFO - [2026-08-17T13:30:59.203+0000] {dag.py:3239} INFO - Sync 1 DAGs
[2026-08-17T13:30:59.216+0000] {logging_mixin.py:190} INFO - [2026-08-17T13:30:59.216+0000] {dag.py:4180} INFO - Setting next_dagrun for download_rocket_launches to None, run_after=None
[2026-08-17T13:30:59.235+0000] {processor.py:208} INFO - Processing /opt/airflow/dags/bash_python.py took 0.089 seconds
[2026-08-17T13:31:29.443+0000] {processor.py:186} INFO - Started process (PID=2395) to work on /opt/airflow/dags/bash_python.py
[2026-08-17T13:31:29.473+0000] {processor.py:914} INFO - Processing file /opt/airflow/dags/bash_python.py for tasks to queue
[2026-08-17T13:31:29.478+0000] {logging_mixin.py:190} INFO - [2026-08-17T13:31:29.477+0000] {dagbag.py:588} INFO - Filling up the DagBag from /opt/airflow/dags/bash_python.py
[2026-08-17T13:31:29.506+0000] {processor.py:925} INFO - DAG(s) 'download_rocket_launches' retrieved from /opt/airflow/dags/bash_python.py
[2026-08-17T13:31:29.553+0000] {logging_mixin.py:190} INFO - [2026-08-17T13:31:29.553+0000] {dag.py:3239} INFO - Sync 1 DAGs
[2026-08-17T13:31:29.577+0000] {logging_mixin.py:190} INFO - [2026-08-17T13:31:29.576+0000] {dag.py:4180} INFO - Setting next_dagrun for download_rocket_launches to None, run_after=None
[2026-08-17T13:31:29.602+0000] {processor.py:208} INFO - Processing /opt/airflow/dags/bash_python.py took 0.166 seconds
[2026-08-17T13:31:59.839+0000] {processor.py:186} INFO - Started process (PID=2405) to work on /opt/airflow/dags/bash_python.py
[2026-08-17T13:31:59.842+0000] {processor.py:914} INFO - Processing file /opt/airflow/dags/bash_python.py for tasks to queue
[2026-08-17T13:31:59.847+0000] {logging_mixin.py:190} INFO - [2026-08-17T13:31:59.847+0000] {dagbag.py:588} INFO - Filling up the DagBag from /opt/airflow/dags/bash_python.py
[2026-08-17T13:31:59.880+0000] {processor.py:925} INFO - DAG(s) 'download_rocket_launches' retrieved from /opt/airflow/dags/bash_python.py
[2026-08-17T13:31:59.929+0000] {logging_mixin.py:190} INFO - [2026-08-17T13:31:59.929+0000] {dag.py:3239} INFO - Sync 1 DAGs
[2026-08-17T13:31:59.953+0000] {logging_mixin.py:190} INFO - [2026-08-17T13:31:59.952+0000] {dag.py:4180} INFO - Setting next_dagrun for download_rocket_launches to None, run_after=None
[2026-08-17T13:31:59.991+0000] {processor.py:208} INFO - Processing /opt/airflow/dags/bash_python.py took 0.164 seconds
[2026-08-17T13:32:30.270+0000] {processor.py:186} INFO - Started process (PID=2415) to work on /opt/airflow/dags/bash_python.py
[2026-08-17T13:32:30.294+0000] {processor.py:914} INFO - Processing file /opt/airflow/dags/bash_python.py for tasks to queue
[2026-08-17T13:32:30.297+0000] {logging_mixin.py:190} INFO - [2026-08-17T13:32:30.297+0000] {dagbag.py:588} INFO - Filling up the DagBag from /opt/airflow/dags/bash_python.py
[2026-08-17T13:32:30.317+0000] {processor.py:925} INFO - DAG(s) 'download_rocket_launches' retrieved from /opt/airflow/dags/bash_python.py
[2026-08-17T13:32:30.347+0000] {logging_mixin.py:190} INFO - [2026-08-17T13:32:30.347+0000] {dag.py:3239} INFO - Sync 1 DAGs
[2026-08-17T13:32:30.361+0000] {logging_mixin.py:190} INFO - [2026-08-17T13:32:30.361+0000] {dag.py:4180} INFO - Setting next_dagrun for download_rocket_launches to None, run_after=None
[2026-08-17T13:32:30.378+0000] {processor.py:208} INFO - Processing /opt/airflow/dags/bash_python.py took 0.113 seconds
[2026-08-17T13:33:00.581+0000] {processor.py:186} INFO - Started process (PID=2425) to work on /opt/airflow/dags/bash_python.py
[2026-08-17T13:33:00.584+0000] {processor.py:914} INFO - Processing file /opt/airflow/dags/bash_python.py for tasks to queue
[2026-08-17T13:33:00.588+0000] {logging_mixin.py:190} INFO - [2026-08-17T13:33:00.587+0000] {dagbag.py:588} INFO - Filling up the DagBag from /opt/airflow/dags/bash_python.py
[2026-08-17T13:33:00.617+0000] {processor.py:925} INFO - DAG(s) 'download_rocket_launches' retrieved from /opt/airflow/dags/bash_python.py
[2026-08-17T13:33:00.661+0000] {logging_mixin.py:190} INFO - [2026-08-17T13:33:00.661+0000] {dag.py:3239} INFO - Sync 1 DAGs
[2026-08-17T13:33:00.684+0000] {logging_mixin.py:190} INFO - [2026-08-17T13:33:00.684+0000] {dag.py:4180} INFO - Setting next_dagrun for download_rocket_launches to None, run_after=None
[2026-08-17T13:33:00.713+0000] {processor.py:208} INFO - Processing /opt/airflow/dags/bash_python.py took 0.141 seconds
[2026-08-17T13:33:30.949+0000] {processor.py:186} INFO - Started process (PID=2435) to work on /opt/airflow/dags/bash_python.py
[2026-08-17T13:33:30.951+0000] {processor.py:914} INFO - Processing file /opt/airflow/dags/bash_python.py for tasks to queue
[2026-08-17T13:33:30.956+0000] {logging_mixin.py:190} INFO - [2026-08-17T13:33:30.955+0000] {dagbag.py:588} INFO - Filling up the DagBag from /opt/airflow/dags/bash_python.py
[2026-08-17T13:33:30.980+0000] {processor.py:925} INFO - DAG(s) 'download_rocket_launches' retrieved from /opt/airflow/dags/bash_python.py
[2026-08-17T13:33:31.026+0000] {logging_mixin.py:190} INFO - [2026-08-17T13:33:31.025+0000] {dag.py:3239} INFO - Sync 1 DAGs
[2026-08-17T13:33:31.050+0000] {logging_mixin.py:190} INFO - [2026-08-17T13:33:31.050+0000] {dag.py:4180} INFO - Setting next_dagrun for download_rocket_launches to None, run_after=None
[2026-08-17T13:33:31.076+0000] {processor.py:208} INFO - Processing /opt/airflow/dags/bash_python.py took 0.135 seconds
[2026-08-17T13:34:01.294+0000] {processor.py:186} INFO - Started process (PID=2445) to work on /opt/airflow/dags/bash_python.py
[2026-08-17T13:34:01.295+0000] {processor.py:914} INFO - Processing file /opt/airflow/dags/bash_python.py for tasks to queue
[2026-08-17T13:34:01.298+0000] {logging_mixin.py:190} INFO - [2026-08-17T13:34:01.297+0000] {dagbag.py:588} INFO - Filling up the DagBag from /opt/airflow/dags/bash_python.py
[2026-08-17T13:34:01.315+0000] {processor.py:925} INFO - DAG(s) 'download_rocket_launches' retrieved from /opt/airflow/dags/bash_python.py
[2026-08-17T13:34:01.348+0000] {logging_mixin.py:190} INFO - [2026-08-17T13:34:01.347+0000] {dag.py:3239} INFO - Sync 1 DAGs
[2026-08-17T13:34:01.378+0000] {logging_mixin.py:190} INFO - [2026-08-17T13:34:01.378+0000] {dag.py:4180} INFO - Setting next_dagrun for download_rocket_launches to None, run_after=None
[2026-08-17T13:34:01.416+0000] {processor.py:208} INFO - Processing /opt/airflow/dags/bash_python.py took 0.127 seconds
[2026-08-17T13:34:31.609+0000] {processor.py:186} INFO - Started process (PID=2455) to work on /opt/airflow/dags/bash_python.py
[2026-08-17T13:34:31.611+0000] {processor.py:914} INFO - Processing file /opt/airflow/dags/bash_python.py for tasks to queue
[2026-08-17T13:34:31.614+0000] {logging_mixin.py:190} INFO - [2026-08-17T13:34:31.614+0000] {dagbag.py:588} INFO - Filling up the DagBag from /opt/airflow/dags/bash_python.py
[2026-08-17T13:34:31.634+0000] {processor.py:925} INFO - DAG(s) 'download_rocket_launches' retrieved from /opt/airflow/dags/bash_python.py
[2026-08-17T13:34:31.668+0000] {logging_mixin.py:190} INFO - [2026-08-17T13:34:31.667+0000] {dag.py:3239} INFO - Sync 1 DAGs
[2026-08-17T13:34:31.691+0000] {logging_mixin.py:190} INFO - [2026-08-17T13:34:31.691+0000] {dag.py:4180} INFO - Setting next_dagrun for download_rocket_launches to None, run_after=None
[2026-08-17T13:34:31.723+0000] {processor.py:208} INFO - Processing /opt/airflow/dags/bash_python.py took 0.121 seconds
[2026-08-17T13:35:01.924+0000] {processor.py:186} INFO - Started process (PID=2465) to work on /opt/airflow/dags/bash_python.py
[2026-08-17T13:35:01.925+0000] {processor.py:914} INFO - Processing file /opt/airflow/dags/bash_python.py for tasks to queue
[2026-08-17T13:35:01.927+0000] {logging_mixin.py:190} INFO - [2026-08-17T13:35:01.927+0000] {dagbag.py:588} INFO - Filling up the DagBag from /opt/airflow/dags/bash_python.py
[2026-08-17T13:35:01.946+0000] {processor.py:925} INFO - DAG(s) 'download_rocket_launches' retrieved from /opt/airflow/dags/bash_python.py
[2026-08-17T13:35:01.988+0000] {logging_mixin.py:190} INFO - [2026-08-17T13:35:01.987+0000] {dag.py:3239} INFO - Sync 1 DAGs
[2026-08-17T13:35:02.004+0000] {logging_mixin.py:190} INFO - [2026-08-17T13:35:02.004+0000] {dag.py:4180} INFO - Setting next_dagrun for download_rocket_launches to None, run_after=None
[2026-08-17T13:35:02.047+0000] {processor.py:208} INFO - Processing /opt/airflow/dags/bash_python.py took 0.129 seconds
[2026-08-17T13:35:32.361+0000] {processor.py:186} INFO - Started process (PID=2475) to work on /opt/airflow/dags/bash_python.py
[2026-08-17T13:35:32.375+0000] {processor.py:914} INFO - Processing file /opt/airflow/dags/bash_python.py for tasks to queue
[2026-08-17T13:35:32.379+0000] {logging_mixin.py:190} INFO - [2026-08-17T13:35:32.378+0000] {dagbag.py:588} INFO - Filling up the DagBag from /opt/airflow/dags/bash_python.py
[2026-08-17T13:35:32.400+0000] {processor.py:925} INFO - DAG(s) 'download_rocket_launches' retrieved from /opt/airflow/dags/bash_python.py
[2026-08-17T13:35:32.435+0000] {logging_mixin.py:190} INFO - [2026-08-17T13:35:32.435+0000] {dag.py:3239} INFO - Sync 1 DAGs
[2026-08-17T13:35:32.450+0000] {logging_mixin.py:190} INFO - [2026-08-17T13:35:32.450+0000] {dag.py:4180} INFO - Setting next_dagrun for download_rocket_launches to None, run_after=None
[2026-08-17T13:35:32.473+0000] {processor.py:208} INFO - Processing /opt/airflow/dags/bash_python.py took 0.118 seconds
[2026-08-17T13:36:02.688+0000] {processor.py:186} INFO - Started process (PID=2485) to work on /opt/airflow/dags/bash_python.py
[2026-08-17T13:36:02.690+0000] {processor.py:914} INFO - Processing file /opt/airflow/dags/bash_python.py for tasks to queue
[2026-08-17T13:36:02.696+0000] {logging_mixin.py:190} INFO - [2026-08-17T13:36:02.695+0000] {dagbag.py:588} INFO - Filling up the DagBag from /opt/airflow/dags/bash_python.py
[2026-08-17T13:36:02.727+0000] {processor.py:925} INFO - DAG(s) 'download_rocket_launches' retrieved from /opt/airflow/dags/bash_python.py
[2026-08-17T13:36:02.780+0000] {logging_mixin.py:190} INFO - [2026-08-17T13:36:02.780+0000] {dag.py:3239} INFO - Sync 1 DAGs
[2026-08-17T13:36:02.802+0000] {logging_mixin.py:190} INFO - [2026-08-17T13:36:02.801+0000] {dag.py:4180} INFO - Setting next_dagrun for download_rocket_launches to None, run_after=None
[2026-08-17T13:36:02.828+0000] {processor.py:208} INFO - Processing /opt/airflow/dags/bash_python.py took 0.151 seconds
[2026-08-17T13:36:33.146+0000] {processor.py:186} INFO - Started process (PID=2500) to work on /opt/airflow/dags/bash_python.py
[2026-08-17T13:36:33.148+0000] {processor.py:914} INFO - Processing file /opt/airflow/dags/bash_python.py for tasks to queue
[2026-08-17T13:36:33.155+0000] {logging_mixin.py:190} INFO - [2026-08-17T13:36:33.154+0000] {dagbag.py:588} INFO - Filling up the DagBag from /opt/airflow/dags/bash_python.py
[2026-08-17T13:36:33.182+0000] {processor.py:925} INFO - DAG(s) 'download_rocket_launches' retrieved from /opt/airflow/dags/bash_python.py
[2026-08-17T13:36:33.228+0000] {logging_mixin.py:190} INFO - [2026-08-17T13:36:33.227+0000] {dag.py:3239} INFO - Sync 1 DAGs
[2026-08-17T13:36:33.247+0000] {logging_mixin.py:190} INFO - [2026-08-17T13:36:33.247+0000] {dag.py:4180} INFO - Setting next_dagrun for download_rocket_launches to None, run_after=None
[2026-08-17T13:36:33.267+0000] {processor.py:208} INFO - Processing /opt/airflow/dags/bash_python.py took 0.131 seconds
[2026-08-17T13:37:03.469+0000] {processor.py:186} INFO - Started process (PID=2510) to work on /opt/airflow/dags/bash_python.py
[2026-08-17T13:37:03.471+0000] {processor.py:914} INFO - Processing file /opt/airflow/dags/bash_python.py for tasks to queue
[2026-08-17T13:37:03.474+0000] {logging_mixin.py:190} INFO - [2026-08-17T13:37:03.474+0000] {dagbag.py:588} INFO - Filling up the DagBag from /opt/airflow/dags/bash_python.py
[2026-08-17T13:37:03.506+0000] {processor.py:925} INFO - DAG(s) 'download_rocket_launches' retrieved from /opt/airflow/dags/bash_python.py
[2026-08-17T13:37:03.548+0000] {logging_mixin.py:190} INFO - [2026-08-17T13:37:03.548+0000] {dag.py:3239} INFO - Sync 1 DAGs
[2026-08-17T13:37:03.568+0000] {logging_mixin.py:190} INFO - [2026-08-17T13:37:03.568+0000] {dag.py:4180} INFO - Setting next_dagrun for download_rocket_launches to None, run_after=None
[2026-08-17T13:37:03.592+0000] {processor.py:208} INFO - Processing /opt/airflow/dags/bash_python.py took 0.129 seconds
[2026-08-17T13:37:33.991+0000] {processor.py:186} INFO - Started process (PID=2525) to work on /opt/airflow/dags/bash_python.py
[2026-08-17T13:37:33.993+0000] {processor.py:914} INFO - Processing file /opt/airflow/dags/bash_python.py for tasks to queue
[2026-08-17T13:37:33.995+0000] {logging_mixin.py:190} INFO - [2026-08-17T13:37:33.995+0000] {dagbag.py:588} INFO - Filling up the DagBag from /opt/airflow/dags/bash_python.py
[2026-08-17T13:37:34.015+0000] {processor.py:925} INFO - DAG(s) 'download_rocket_launches' retrieved from /opt/airflow/dags/bash_python.py
[2026-08-17T13:37:34.054+0000] {logging_mixin.py:190} INFO - [2026-08-17T13:37:34.054+0000] {dag.py:3239} INFO - Sync 1 DAGs
[2026-08-17T13:37:34.093+0000] {logging_mixin.py:190} INFO - [2026-08-17T13:37:34.093+0000] {dag.py:4180} INFO - Setting next_dagrun for download_rocket_launches to None, run_after=None
[2026-08-17T13:37:34.127+0000] {processor.py:208} INFO - Processing /opt/airflow/dags/bash_python.py took 0.140 seconds
[2026-08-17T13:38:04.308+0000] {processor.py:186} INFO - Started process (PID=2535) to work on /opt/airflow/dags/bash_python.py
[2026-08-17T13:38:04.313+0000] {processor.py:914} INFO - Processing file /opt/airflow/dags/bash_python.py for tasks to queue
[2026-08-17T13:38:04.315+0000] {logging_mixin.py:190} INFO - [2026-08-17T13:38:04.315+0000] {dagbag.py:588} INFO - Filling up the DagBag from /opt/airflow/dags/bash_python.py
[2026-08-17T13:38:04.338+0000] {processor.py:925} INFO - DAG(s) 'download_rocket_launches' retrieved from /opt/airflow/dags/bash_python.py
[2026-08-17T13:38:04.373+0000] {logging_mixin.py:190} INFO - [2026-08-17T13:38:04.373+0000] {dag.py:3239} INFO - Sync 1 DAGs
[2026-08-17T13:38:04.387+0000] {logging_mixin.py:190} INFO - [2026-08-17T13:38:04.387+0000] {dag.py:4180} INFO - Setting next_dagrun for download_rocket_launches to None, run_after=None
[2026-08-17T13:38:04.406+0000] {processor.py:208} INFO - Processing /opt/airflow/dags/bash_python.py took 0.109 seconds
[2026-08-17T13:38:34.730+0000] {processor.py:186} INFO - Started process (PID=2545) to work on /opt/airflow/dags/bash_python.py
[2026-08-17T13:38:34.732+0000] {processor.py:914} INFO - Processing file /opt/airflow/dags/bash_python.py for tasks to queue
[2026-08-17T13:38:34.739+0000] {logging_mixin.py:190} INFO - [2026-08-17T13:38:34.738+0000] {dagbag.py:588} INFO - Filling up the DagBag from /opt/airflow/dags/bash_python.py
[2026-08-17T13:38:34.763+0000] {processor.py:925} INFO - DAG(s) 'download_rocket_launches' retrieved from /opt/airflow/dags/bash_python.py
[2026-08-17T13:38:34.801+0000] {logging_mixin.py:190} INFO - [2026-08-17T13:38:34.801+0000] {dag.py:3239} INFO - Sync 1 DAGs
[2026-08-17T13:38:34.817+0000] {logging_mixin.py:190} INFO - [2026-08-17T13:38:34.817+0000] {dag.py:4180} INFO - Setting next_dagrun for download_rocket_launches to None, run_after=None
[2026-08-17T13:38:34.841+0000] {processor.py:208} INFO - Processing /opt/airflow/dags/bash_python.py took 0.121 seconds
[2026-08-17T13:39:05.069+0000] {processor.py:186} INFO - Started process (PID=2555) to work on /opt/airflow/dags/bash_python.py
[2026-08-17T13:39:05.552+0000] {processor.py:914} INFO - Processing file /opt/airflow/dags/bash_python.py for tasks to queue
[2026-08-17T13:39:05.557+0000] {logging_mixin.py:190} INFO - [2026-08-17T13:39:05.556+0000] {dagbag.py:588} INFO - Filling up the DagBag from /opt/airflow/dags/bash_python.py
[2026-08-17T13:39:05.579+0000] {processor.py:925} INFO - DAG(s) 'download_rocket_launches' retrieved from /opt/airflow/dags/bash_python.py
[2026-08-17T13:39:05.609+0000] {logging_mixin.py:190} INFO - [2026-08-17T13:39:05.609+0000] {dag.py:3239} INFO - Sync 1 DAGs
[2026-08-17T13:39:05.622+0000] {logging_mixin.py:190} INFO - [2026-08-17T13:39:05.622+0000] {dag.py:4180} INFO - Setting next_dagrun for download_rocket_launches to None, run_after=None
[2026-08-17T13:39:05.639+0000] {processor.py:208} INFO - Processing /opt/airflow/dags/bash_python.py took 0.581 seconds
[2026-08-17T13:39:36.005+0000] {processor.py:186} INFO - Started process (PID=2570) to work on /opt/airflow/dags/bash_python.py
[2026-08-17T13:39:36.006+0000] {processor.py:914} INFO - Processing file /opt/airflow/dags/bash_python.py for tasks to queue
[2026-08-17T13:39:36.010+0000] {logging_mixin.py:190} INFO - [2026-08-17T13:39:36.010+0000] {dagbag.py:588} INFO - Filling up the DagBag from /opt/airflow/dags/bash_python.py
[2026-08-17T13:39:36.033+0000] {processor.py:925} INFO - DAG(s) 'download_rocket_launches' retrieved from /opt/airflow/dags/bash_python.py
[2026-08-17T13:39:36.072+0000] {logging_mixin.py:190} INFO - [2026-08-17T13:39:36.072+0000] {dag.py:3239} INFO - Sync 1 DAGs
[2026-08-17T13:39:36.092+0000] {logging_mixin.py:190} INFO - [2026-08-17T13:39:36.092+0000] {dag.py:4180} INFO - Setting next_dagrun for download_rocket_launches to None, run_after=None
[2026-08-17T13:39:36.117+0000] {processor.py:208} INFO - Processing /opt/airflow/dags/bash_python.py took 0.120 seconds
[2026-08-17T13:40:06.571+0000] {processor.py:186} INFO - Started process (PID=2590) to work on /opt/airflow/dags/bash_python.py
[2026-08-17T13:40:06.572+0000] {processor.py:914} INFO - Processing file /opt/airflow/dags/bash_python.py for tasks to queue
[2026-08-17T13:40:06.576+0000] {logging_mixin.py:190} INFO - [2026-08-17T13:40:06.576+0000] {dagbag.py:588} INFO - Filling up the DagBag from /opt/airflow/dags/bash_python.py
[2026-08-17T13:40:06.596+0000] {processor.py:925} INFO - DAG(s) 'download_rocket_launches' retrieved from /opt/airflow/dags/bash_python.py
[2026-08-17T13:40:06.629+0000] {logging_mixin.py:190} INFO - [2026-08-17T13:40:06.629+0000] {dag.py:3239} INFO - Sync 1 DAGs
[2026-08-17T13:40:06.645+0000] {logging_mixin.py:190} INFO - [2026-08-17T13:40:06.645+0000] {dag.py:4180} INFO - Setting next_dagrun for download_rocket_launches to None, run_after=None
[2026-08-17T13:40:06.674+0000] {processor.py:208} INFO - Processing /opt/airflow/dags/bash_python.py took 0.111 seconds
[2026-08-17T13:40:37.037+0000] {processor.py:186} INFO - Started process (PID=2605) to work on /opt/airflow/dags/bash_python.py
[2026-08-17T13:40:37.038+0000] {processor.py:914} INFO - Processing file /opt/airflow/dags/bash_python.py for tasks to queue
[2026-08-17T13:40:37.041+0000] {logging_mixin.py:190} INFO - [2026-08-17T13:40:37.040+0000] {dagbag.py:588} INFO - Filling up the DagBag from /opt/airflow/dags/bash_python.py
[2026-08-17T13:40:37.060+0000] {processor.py:925} INFO - DAG(s) 'download_rocket_launches' retrieved from /opt/airflow/dags/bash_python.py
[2026-08-17T13:40:37.090+0000] {logging_mixin.py:190} INFO - [2026-08-17T13:40:37.089+0000] {dag.py:3239} INFO - Sync 1 DAGs
[2026-08-17T13:40:37.105+0000] {logging_mixin.py:190} INFO - [2026-08-17T13:40:37.104+0000] {dag.py:4180} INFO - Setting next_dagrun for download_rocket_launches to None, run_after=None
[2026-08-17T13:40:37.149+0000] {processor.py:208} INFO - Processing /opt/airflow/dags/bash_python.py took 0.118 seconds
[2026-08-17T13:41:07.445+0000] {processor.py:186} INFO - Started process (PID=2615) to work on /opt/airflow/dags/bash_python.py
[2026-08-17T13:41:07.448+0000] {processor.py:914} INFO - Processing file /opt/airflow/dags/bash_python.py for tasks to queue
[2026-08-17T13:41:07.454+0000] {logging_mixin.py:190} INFO - [2026-08-17T13:41:07.453+0000] {dagbag.py:588} INFO - Filling up the DagBag from /opt/airflow/dags/bash_python.py
[2026-08-17T13:41:07.475+0000] {processor.py:925} INFO - DAG(s) 'download_rocket_launches' retrieved from /opt/airflow/dags/bash_python.py
[2026-08-17T13:41:07.515+0000] {logging_mixin.py:190} INFO - [2026-08-17T13:41:07.515+0000] {dag.py:3239} INFO - Sync 1 DAGs
[2026-08-17T13:41:07.533+0000] {logging_mixin.py:190} INFO - [2026-08-17T13:41:07.533+0000] {dag.py:4180} INFO - Setting next_dagrun for download_rocket_launches to None, run_after=None
[2026-08-17T13:41:07.549+0000] {processor.py:208} INFO - Processing /opt/airflow/dags/bash_python.py took 0.112 seconds
[2026-08-17T13:41:37.874+0000] {processor.py:186} INFO - Started process (PID=2625) to work on /opt/airflow/dags/bash_python.py
[2026-08-17T13:41:37.876+0000] {processor.py:914} INFO - Processing file /opt/airflow/dags/bash_python.py for tasks to queue
[2026-08-17T13:41:37.881+0000] {logging_mixin.py:190} INFO - [2026-08-17T13:41:37.880+0000] {dagbag.py:588} INFO - Filling up the DagBag from /opt/airflow/dags/bash_python.py
[2026-08-17T13:41:37.907+0000] {processor.py:925} INFO - DAG(s) 'download_rocket_launches' retrieved from /opt/airflow/dags/bash_python.py
[2026-08-17T13:41:37.947+0000] {logging_mixin.py:190} INFO - [2026-08-17T13:41:37.946+0000] {dag.py:3239} INFO - Sync 1 DAGs
[2026-08-17T13:41:37.969+0000] {logging_mixin.py:190} INFO - [2026-08-17T13:41:37.968+0000] {dag.py:4180} INFO - Setting next_dagrun for download_rocket_launches to None, run_after=None
[2026-08-17T13:41:37.998+0000] {processor.py:208} INFO - Processing /opt/airflow/dags/bash_python.py took 0.136 seconds
[2026-08-17T13:42:08.193+0000] {processor.py:186} INFO - Started process (PID=2635) to work on /opt/airflow/dags/bash_python.py
[2026-08-17T13:42:08.195+0000] {processor.py:914} INFO - Processing file /opt/airflow/dags/bash_python.py for tasks to queue
[2026-08-17T13:42:08.198+0000] {logging_mixin.py:190} INFO - [2026-08-17T13:42:08.198+0000] {dagbag.py:588} INFO - Filling up the DagBag from /opt/airflow/dags/bash_python.py
[2026-08-17T13:42:08.218+0000] {processor.py:925} INFO - DAG(s) 'download_rocket_launches' retrieved from /opt/airflow/dags/bash_python.py
[2026-08-17T13:42:08.247+0000] {logging_mixin.py:190} INFO - [2026-08-17T13:42:08.247+0000] {dag.py:3239} INFO - Sync 1 DAGs
[2026-08-17T13:42:08.265+0000] {logging_mixin.py:190} INFO - [2026-08-17T13:42:08.265+0000] {dag.py:4180} INFO - Setting next_dagrun for download_rocket_launches to None, run_after=None
[2026-08-17T13:42:08.324+0000] {processor.py:208} INFO - Processing /opt/airflow/dags/bash_python.py took 0.138 seconds
[2026-08-17T13:42:38.704+0000] {processor.py:186} INFO - Started process (PID=2645) to work on /opt/airflow/dags/bash_python.py
[2026-08-17T13:42:38.706+0000] {processor.py:914} INFO - Processing file /opt/airflow/dags/bash_python.py for tasks to queue
[2026-08-17T13:42:38.710+0000] {logging_mixin.py:190} INFO - [2026-08-17T13:42:38.709+0000] {dagbag.py:588} INFO - Filling up the DagBag from /opt/airflow/dags/bash_python.py
[2026-08-17T13:42:38.731+0000] {processor.py:925} INFO - DAG(s) 'download_rocket_launches' retrieved from /opt/airflow/dags/bash_python.py
[2026-08-17T13:42:38.768+0000] {logging_mixin.py:190} INFO - [2026-08-17T13:42:38.768+0000] {dag.py:3239} INFO - Sync 1 DAGs
[2026-08-17T13:42:38.786+0000] {logging_mixin.py:190} INFO - [2026-08-17T13:42:38.785+0000] {dag.py:4180} INFO - Setting next_dagrun for download_rocket_launches to None, run_after=None
[2026-08-17T13:42:38.820+0000] {processor.py:208} INFO - Processing /opt/airflow/dags/bash_python.py took 0.125 seconds
[2026-08-17T13:43:09.010+0000] {processor.py:186} INFO - Started process (PID=2655) to work on /opt/airflow/dags/bash_python.py
[2026-08-17T13:43:09.012+0000] {processor.py:914} INFO - Processing file /opt/airflow/dags/bash_python.py for tasks to queue
[2026-08-17T13:43:09.014+0000] {logging_mixin.py:190} INFO - [2026-08-17T13:43:09.014+0000] {dagbag.py:588} INFO - Filling up the DagBag from /opt/airflow/dags/bash_python.py
[2026-08-17T13:43:09.034+0000] {processor.py:925} INFO - DAG(s) 'download_rocket_launches' retrieved from /opt/airflow/dags/bash_python.py
[2026-08-17T13:43:09.061+0000] {logging_mixin.py:190} INFO - [2026-08-17T13:43:09.061+0000] {dag.py:3239} INFO - Sync 1 DAGs
[2026-08-17T13:43:09.088+0000] {logging_mixin.py:190} INFO - [2026-08-17T13:43:09.087+0000] {dag.py:4180} INFO - Setting next_dagrun for download_rocket_launches to None, run_after=None
[2026-08-17T13:43:09.122+0000] {processor.py:208} INFO - Processing /opt/airflow/dags/bash_python.py took 0.118 seconds
[2026-08-17T13:43:39.482+0000] {processor.py:186} INFO - Started process (PID=2670) to work on /opt/airflow/dags/bash_python.py
[2026-08-17T13:43:39.484+0000] {processor.py:914} INFO - Processing file /opt/airflow/dags/bash_python.py for tasks to queue
[2026-08-17T13:43:39.488+0000] {logging_mixin.py:190} INFO - [2026-08-17T13:43:39.487+0000] {dagbag.py:588} INFO - Filling up the DagBag from /opt/airflow/dags/bash_python.py
[2026-08-17T13:43:39.510+0000] {processor.py:925} INFO - DAG(s) 'download_rocket_launches' retrieved from /opt/airflow/dags/bash_python.py
[2026-08-17T13:43:39.552+0000] {logging_mixin.py:190} INFO - [2026-08-17T13:43:39.551+0000] {dag.py:3239} INFO - Sync 1 DAGs
[2026-08-17T13:43:39.574+0000] {logging_mixin.py:190} INFO - [2026-08-17T13:43:39.573+0000] {dag.py:4180} INFO - Setting next_dagrun for download_rocket_launches to None, run_after=None
[2026-08-17T13:43:39.624+0000] {processor.py:208} INFO - Processing /opt/airflow/dags/bash_python.py took 0.150 seconds
[2026-08-17T13:44:09.844+0000] {processor.py:186} INFO - Started process (PID=2680) to work on /opt/airflow/dags/bash_python.py
[2026-08-17T13:44:09.846+0000] {processor.py:914} INFO - Processing file /opt/airflow/dags/bash_python.py for tasks to queue
[2026-08-17T13:44:09.851+0000] {logging_mixin.py:190} INFO - [2026-08-17T13:44:09.851+0000] {dagbag.py:588} INFO - Filling up the DagBag from /opt/airflow/dags/bash_python.py
[2026-08-17T13:44:09.877+0000] {processor.py:925} INFO - DAG(s) 'download_rocket_launches' retrieved from /opt/airflow/dags/bash_python.py
[2026-08-17T13:44:09.915+0000] {logging_mixin.py:190} INFO - [2026-08-17T13:44:09.914+0000] {dag.py:3239} INFO - Sync 1 DAGs
[2026-08-17T13:44:09.932+0000] {logging_mixin.py:190} INFO - [2026-08-17T13:44:09.932+0000] {dag.py:4180} INFO - Setting next_dagrun for download_rocket_launches to None, run_after=None
[2026-08-17T13:44:09.976+0000] {processor.py:208} INFO - Processing /opt/airflow/dags/bash_python.py took 0.140 seconds
[2026-08-17T13:44:40.314+0000] {processor.py:186} INFO - Started process (PID=2700) to work on /opt/airflow/dags/bash_python.py
[2026-08-17T13:44:40.315+0000] {processor.py:914} INFO - Processing file /opt/airflow/dags/bash_python.py for tasks to queue
[2026-08-17T13:44:40.318+0000] {logging_mixin.py:190} INFO - [2026-08-17T13:44:40.317+0000] {dagbag.py:588} INFO - Filling up the DagBag from /opt/airflow/dags/bash_python.py
[2026-08-17T13:44:40.334+0000] {processor.py:925} INFO - DAG(s) 'download_rocket_launches' retrieved from /opt/airflow/dags/bash_python.py
[2026-08-17T13:44:40.361+0000] {logging_mixin.py:190} INFO - [2026-08-17T13:44:40.360+0000] {dag.py:3239} INFO - Sync 1 DAGs
[2026-08-17T13:44:40.372+0000] {logging_mixin.py:190} INFO - [2026-08-17T13:44:40.372+0000] {dag.py:4180} INFO - Setting next_dagrun for download_rocket_launches to None, run_after=None
[2026-08-17T13:44:40.412+0000] {processor.py:208} INFO - Processing /opt/airflow/dags/bash_python.py took 0.103 seconds
[2026-08-17T13:45:10.714+0000] {processor.py:186} INFO - Started process (PID=2710) to work on /opt/airflow/dags/bash_python.py
[2026-08-17T13:45:10.715+0000] {processor.py:914} INFO - Processing file /opt/airflow/dags/bash_python.py for tasks to queue
[2026-08-17T13:45:10.717+0000] {logging_mixin.py:190} INFO - [2026-08-17T13:45:10.717+0000] {dagbag.py:588} INFO - Filling up the DagBag from /opt/airflow/dags/bash_python.py
[2026-08-17T13:45:10.735+0000] {processor.py:925} INFO - DAG(s) 'download_rocket_launches' retrieved from /opt/airflow/dags/bash_python.py
[2026-08-17T13:45:10.762+0000] {logging_mixin.py:190} INFO - [2026-08-17T13:45:10.761+0000] {dag.py:3239} INFO - Sync 1 DAGs
[2026-08-17T13:45:10.778+0000] {logging_mixin.py:190} INFO - [2026-08-17T13:45:10.778+0000] {dag.py:4180} INFO - Setting next_dagrun for download_rocket_launches to None, run_after=None
[2026-08-17T13:45:10.831+0000] {processor.py:208} INFO - Processing /opt/airflow/dags/bash_python.py took 0.123 seconds
[2026-08-17T13:45:41.020+0000] {processor.py:186} INFO - Started process (PID=2720) to work on /opt/airflow/dags/bash_python.py
[2026-08-17T13:45:41.021+0000] {processor.py:914} INFO - Processing file /opt/airflow/dags/bash_python.py for tasks to queue
[2026-08-17T13:45:41.025+0000] {logging_mixin.py:190} INFO - [2026-08-17T13:45:41.024+0000] {dagbag.py:588} INFO - Filling up the DagBag from /opt/airflow/dags/bash_python.py
[2026-08-17T13:45:41.048+0000] {processor.py:925} INFO - DAG(s) 'download_rocket_launches' retrieved from /opt/airflow/dags/bash_python.py
[2026-08-17T13:45:41.092+0000] {logging_mixin.py:190} INFO - [2026-08-17T13:45:41.092+0000] {dag.py:3239} INFO - Sync 1 DAGs
[2026-08-17T13:45:41.111+0000] {logging_mixin.py:190} INFO - [2026-08-17T13:45:41.110+0000] {dag.py:4180} INFO - Setting next_dagrun for download_rocket_launches to None, run_after=None
[2026-08-17T13:45:41.135+0000] {processor.py:208} INFO - Processing /opt/airflow/dags/bash_python.py took 0.123 seconds
[2026-08-17T13:46:11.525+0000] {processor.py:186} INFO - Started process (PID=2730) to work on /opt/airflow/dags/bash_python.py
[2026-08-17T13:46:11.526+0000] {processor.py:914} INFO - Processing file /opt/airflow/dags/bash_python.py for tasks to queue
[2026-08-17T13:46:11.528+0000] {logging_mixin.py:190} INFO - [2026-08-17T13:46:11.528+0000] {dagbag.py:588} INFO - Filling up the DagBag from /opt/airflow/dags/bash_python.py
[2026-08-17T13:46:11.547+0000] {processor.py:925} INFO - DAG(s) 'download_rocket_launches' retrieved from /opt/airflow/dags/bash_python.py
[2026-08-17T13:46:11.574+0000] {logging_mixin.py:190} INFO - [2026-08-17T13:46:11.574+0000] {dag.py:3239} INFO - Sync 1 DAGs
[2026-08-17T13:46:11.586+0000] {logging_mixin.py:190} INFO - [2026-08-17T13:46:11.586+0000] {dag.py:4180} INFO - Setting next_dagrun for download_rocket_launches to None, run_after=None
[2026-08-17T13:46:11.627+0000] {processor.py:208} INFO - Processing /opt/airflow/dags/bash_python.py took 0.108 seconds
[2026-08-17T13:46:41.810+0000] {processor.py:186} INFO - Started process (PID=2740) to work on /opt/airflow/dags/bash_python.py
[2026-08-17T13:46:41.811+0000] {processor.py:914} INFO - Processing file /opt/airflow/dags/bash_python.py for tasks to queue
[2026-08-17T13:46:41.814+0000] {logging_mixin.py:190} INFO - [2026-08-17T13:46:41.814+0000] {dagbag.py:588} INFO - Filling up the DagBag from /opt/airflow/dags/bash_python.py
[2026-08-17T13:46:41.834+0000] {processor.py:925} INFO - DAG(s) 'download_rocket_launches' retrieved from /opt/airflow/dags/bash_python.py
[2026-08-17T13:46:41.867+0000] {logging_mixin.py:190} INFO - [2026-08-17T13:46:41.866+0000] {dag.py:3239} INFO - Sync 1 DAGs
[2026-08-17T13:46:41.917+0000] {logging_mixin.py:190} INFO - [2026-08-17T13:46:41.916+0000] {dag.py:4180} INFO - Setting next_dagrun for download_rocket_launches to None, run_after=None
[2026-08-17T13:46:41.948+0000] {processor.py:208} INFO - Processing /opt/airflow/dags/bash_python.py took 0.144 seconds
[2026-08-17T13:47:12.250+0000] {processor.py:186} INFO - Started process (PID=2750) to work on /opt/airflow/dags/bash_python.py
[2026-08-17T13:47:12.251+0000] {processor.py:914} INFO - Processing file /opt/airflow/dags/bash_python.py for tasks to queue
[2026-08-17T13:47:12.255+0000] {logging_mixin.py:190} INFO - [2026-08-17T13:47:12.254+0000] {dagbag.py:588} INFO - Filling up the DagBag from /opt/airflow/dags/bash_python.py
[2026-08-17T13:47:12.272+0000] {processor.py:925} INFO - DAG(s) 'download_rocket_launches' retrieved from /opt/airflow/dags/bash_python.py
[2026-08-17T13:47:12.297+0000] {logging_mixin.py:190} INFO - [2026-08-17T13:47:12.297+0000] {dag.py:3239} INFO - Sync 1 DAGs
[2026-08-17T13:47:12.309+0000] {logging_mixin.py:190} INFO - [2026-08-17T13:47:12.309+0000] {dag.py:4180} INFO - Setting next_dagrun for download_rocket_launches to None, run_after=None
[2026-08-17T13:47:12.347+0000] {processor.py:208} INFO - Processing /opt/airflow/dags/bash_python.py took 0.105 seconds
[2026-08-17T13:47:42.621+0000] {processor.py:186} INFO - Started process (PID=2760) to work on /opt/airflow/dags/bash_python.py
[2026-08-17T13:47:42.622+0000] {processor.py:914} INFO - Processing file /opt/airflow/dags/bash_python.py for tasks to queue
[2026-08-17T13:47:42.626+0000] {logging_mixin.py:190} INFO - [2026-08-17T13:47:42.625+0000] {dagbag.py:588} INFO - Filling up the DagBag from /opt/airflow/dags/bash_python.py
[2026-08-17T13:47:42.644+0000] {processor.py:925} INFO - DAG(s) 'download_rocket_launches' retrieved from /opt/airflow/dags/bash_python.py
[2026-08-17T13:47:42.671+0000] {logging_mixin.py:190} INFO - [2026-08-17T13:47:42.670+0000] {dag.py:3239} INFO - Sync 1 DAGs
[2026-08-17T13:47:42.683+0000] {logging_mixin.py:190} INFO - [2026-08-17T13:47:42.682+0000] {dag.py:4180} INFO - Setting next_dagrun for download_rocket_launches to None, run_after=None
[2026-08-17T13:47:42.699+0000] {processor.py:208} INFO - Processing /opt/airflow/dags/bash_python.py took 0.084 seconds
[2026-08-17T13:48:12.978+0000] {processor.py:186} INFO - Started process (PID=2775) to work on /opt/airflow/dags/bash_python.py
[2026-08-17T13:48:12.980+0000] {processor.py:914} INFO - Processing file /opt/airflow/dags/bash_python.py for tasks to queue
[2026-08-17T13:48:12.983+0000] {logging_mixin.py:190} INFO - [2026-08-17T13:48:12.983+0000] {dagbag.py:588} INFO - Filling up the DagBag from /opt/airflow/dags/bash_python.py
[2026-08-17T13:48:13.000+0000] {processor.py:925} INFO - DAG(s) 'download_rocket_launches' retrieved from /opt/airflow/dags/bash_python.py
[2026-08-17T13:48:13.025+0000] {logging_mixin.py:190} INFO - [2026-08-17T13:48:13.025+0000] {dag.py:3239} INFO - Sync 1 DAGs
[2026-08-17T13:48:13.038+0000] {logging_mixin.py:190} INFO - [2026-08-17T13:48:13.038+0000] {dag.py:4180} INFO - Setting next_dagrun for download_rocket_launches to None, run_after=None
[2026-08-17T13:48:13.081+0000] {processor.py:208} INFO - Processing /opt/airflow/dags/bash_python.py took 0.109 seconds
[2026-08-17T13:48:43.405+0000] {processor.py:186} INFO - Started process (PID=2785) to work on /opt/airflow/dags/bash_python.py
[2026-08-17T13:48:43.406+0000] {processor.py:914} INFO - Processing file /opt/airflow/dags/bash_python.py for tasks to queue
[2026-08-17T13:48:43.410+0000] {logging_mixin.py:190} INFO - [2026-08-17T13:48:43.409+0000] {dagbag.py:588} INFO - Filling up the DagBag from /opt/airflow/dags/bash_python.py
[2026-08-17T13:48:43.434+0000] {processor.py:925} INFO - DAG(s) 'download_rocket_launches' retrieved from /opt/airflow/dags/bash_python.py
[2026-08-17T13:48:43.472+0000] {logging_mixin.py:190} INFO - [2026-08-17T13:48:43.472+0000] {dag.py:3239} INFO - Sync 1 DAGs
[2026-08-17T13:48:43.489+0000] {logging_mixin.py:190} INFO - [2026-08-17T13:48:43.489+0000] {dag.py:4180} INFO - Setting next_dagrun for download_rocket_launches to None, run_after=None
[2026-08-17T13:48:43.508+0000] {processor.py:208} INFO - Processing /opt/airflow/dags/bash_python.py took 0.110 seconds
[2026-08-17T13:49:13.721+0000] {processor.py:186} INFO - Started process (PID=2795) to work on /opt/airflow/dags/bash_python.py
[2026-08-17T13:49:13.723+0000] {processor.py:914} INFO - Processing file /opt/airflow/dags/bash_python.py for tasks to queue
[2026-08-17T13:49:13.725+0000] {logging_mixin.py:190} INFO - [2026-08-17T13:49:13.725+0000] {dagbag.py:588} INFO - Filling up the DagBag from /opt/airflow/dags/bash_python.py
[2026-08-17T13:49:13.815+0000] {processor.py:925} INFO - DAG(s) 'download_rocket_launches' retrieved from /opt/airflow/dags/bash_python.py
[2026-08-17T13:49:13.872+0000] {logging_mixin.py:190} INFO - [2026-08-17T13:49:13.872+0000] {dag.py:3239} INFO - Sync 1 DAGs
[2026-08-17T13:49:13.892+0000] {logging_mixin.py:190} INFO - [2026-08-17T13:49:13.892+0000] {dag.py:4180} INFO - Setting next_dagrun for download_rocket_launches to None, run_after=None
[2026-08-17T13:49:13.910+0000] {processor.py:208} INFO - Processing /opt/airflow/dags/bash_python.py took 0.217 seconds
[2026-08-17T13:49:44.270+0000] {processor.py:186} INFO - Started process (PID=2811) to work on /opt/airflow/dags/bash_python.py
[2026-08-17T13:49:44.271+0000] {processor.py:914} INFO - Processing file /opt/airflow/dags/bash_python.py for tasks to queue
[2026-08-17T13:49:44.274+0000] {logging_mixin.py:190} INFO - [2026-08-17T13:49:44.273+0000] {dagbag.py:588} INFO - Filling up the DagBag from /opt/airflow/dags/bash_python.py
[2026-08-17T13:49:44.290+0000] {processor.py:925} INFO - DAG(s) 'download_rocket_launches' retrieved from /opt/airflow/dags/bash_python.py
[2026-08-17T13:49:44.322+0000] {logging_mixin.py:190} INFO - [2026-08-17T13:49:44.322+0000] {dag.py:3239} INFO - Sync 1 DAGs
[2026-08-17T13:49:44.358+0000] {logging_mixin.py:190} INFO - [2026-08-17T13:49:44.358+0000] {dag.py:4180} INFO - Setting next_dagrun for download_rocket_launches to None, run_after=None
[2026-08-17T13:49:44.376+0000] {processor.py:208} INFO - Processing /opt/airflow/dags/bash_python.py took 0.112 seconds
[2026-08-17T13:50:14.683+0000] {processor.py:186} INFO - Started process (PID=2822) to work on /opt/airflow/dags/bash_python.py
[2026-08-17T13:50:14.684+0000] {processor.py:914} INFO - Processing file /opt/airflow/dags/bash_python.py for tasks to queue
[2026-08-17T13:50:14.686+0000] {logging_mixin.py:190} INFO - [2026-08-17T13:50:14.686+0000] {dagbag.py:588} INFO - Filling up the DagBag from /opt/airflow/dags/bash_python.py
[2026-08-17T13:50:14.706+0000] {processor.py:925} INFO - DAG(s) 'download_rocket_launches' retrieved from /opt/airflow/dags/bash_python.py
[2026-08-17T13:50:14.739+0000] {logging_mixin.py:190} INFO - [2026-08-17T13:50:14.739+0000] {dag.py:3239} INFO - Sync 1 DAGs
[2026-08-17T13:50:14.760+0000] {logging_mixin.py:190} INFO - [2026-08-17T13:50:14.759+0000] {dag.py:4180} INFO - Setting next_dagrun for download_rocket_launches to None, run_after=None
[2026-08-17T13:50:14.791+0000] {processor.py:208} INFO - Processing /opt/airflow/dags/bash_python.py took 0.136 seconds
[2026-08-17T13:50:45.711+0000] {processor.py:186} INFO - Started process (PID=2839) to work on /opt/airflow/dags/bash_python.py
[2026-08-17T13:50:45.713+0000] {processor.py:914} INFO - Processing file /opt/airflow/dags/bash_python.py for tasks to queue
[2026-08-17T13:50:45.717+0000] {logging_mixin.py:190} INFO - [2026-08-17T13:50:45.716+0000] {dagbag.py:588} INFO - Filling up the DagBag from /opt/airflow/dags/bash_python.py
[2026-08-17T13:50:45.738+0000] {processor.py:925} INFO - DAG(s) 'download_rocket_launches' retrieved from /opt/airflow/dags/bash_python.py
[2026-08-17T13:50:45.775+0000] {logging_mixin.py:190} INFO - [2026-08-17T13:50:45.775+0000] {dag.py:3239} INFO - Sync 1 DAGs
[2026-08-17T13:50:45.795+0000] {logging_mixin.py:190} INFO - [2026-08-17T13:50:45.795+0000] {dag.py:4180} INFO - Setting next_dagrun for download_rocket_launches to None, run_after=None
[2026-08-17T13:50:45.826+0000] {processor.py:208} INFO - Processing /opt/airflow/dags/bash_python.py took 0.122 seconds
[2026-08-17T13:51:16.145+0000] {processor.py:186} INFO - Started process (PID=2850) to work on /opt/airflow/dags/bash_python.py
[2026-08-17T13:51:16.147+0000] {processor.py:914} INFO - Processing file /opt/airflow/dags/bash_python.py for tasks to queue
[2026-08-17T13:51:16.149+0000] {logging_mixin.py:190} INFO - [2026-08-17T13:51:16.149+0000] {dagbag.py:588} INFO - Filling up the DagBag from /opt/airflow/dags/bash_python.py
[2026-08-17T13:51:16.168+0000] {processor.py:925} INFO - DAG(s) 'download_rocket_launches' retrieved from /opt/airflow/dags/bash_python.py
[2026-08-17T13:51:16.194+0000] {logging_mixin.py:190} INFO - [2026-08-17T13:51:16.194+0000] {dag.py:3239} INFO - Sync 1 DAGs
[2026-08-17T13:51:16.206+0000] {logging_mixin.py:190} INFO - [2026-08-17T13:51:16.206+0000] {dag.py:4180} INFO - Setting next_dagrun for download_rocket_launches to None, run_after=None
[2026-08-17T13:51:16.244+0000] {processor.py:208} INFO - Processing /opt/airflow/dags/bash_python.py took 0.104 seconds
[2026-08-17T13:51:46.531+0000] {processor.py:186} INFO - Started process (PID=2861) to work on /opt/airflow/dags/bash_python.py
[2026-08-17T13:51:46.533+0000] {processor.py:914} INFO - Processing file /opt/airflow/dags/bash_python.py for tasks to queue
[2026-08-17T13:51:46.536+0000] {logging_mixin.py:190} INFO - [2026-08-17T13:51:46.536+0000] {dagbag.py:588} INFO - Filling up the DagBag from /opt/airflow/dags/bash_python.py
[2026-08-17T13:51:46.585+0000] {processor.py:925} INFO - DAG(s) 'download_rocket_launches' retrieved from /opt/airflow/dags/bash_python.py
[2026-08-17T13:51:46.631+0000] {logging_mixin.py:190} INFO - [2026-08-17T13:51:46.630+0000] {dag.py:3239} INFO - Sync 1 DAGs
[2026-08-17T13:51:46.652+0000] {logging_mixin.py:190} INFO - [2026-08-17T13:51:46.651+0000] {dag.py:4180} INFO - Setting next_dagrun for download_rocket_launches to None, run_after=None
[2026-08-17T13:51:46.681+0000] {processor.py:208} INFO - Processing /opt/airflow/dags/bash_python.py took 0.157 seconds
[2026-08-17T13:52:16.983+0000] {processor.py:186} INFO - Started process (PID=2872) to work on /opt/airflow/dags/bash_python.py
[2026-08-17T13:52:16.985+0000] {processor.py:914} INFO - Processing file /opt/airflow/dags/bash_python.py for tasks to queue
[2026-08-17T13:52:16.989+0000] {logging_mixin.py:190} INFO - [2026-08-17T13:52:16.988+0000] {dagbag.py:588} INFO - Filling up the DagBag from /opt/airflow/dags/bash_python.py
[2026-08-17T13:52:17.011+0000] {processor.py:925} INFO - DAG(s) 'download_rocket_launches' retrieved from /opt/airflow/dags/bash_python.py
[2026-08-17T13:52:17.051+0000] {logging_mixin.py:190} INFO - [2026-08-17T13:52:17.051+0000] {dag.py:3239} INFO - Sync 1 DAGs
[2026-08-17T13:52:17.066+0000] {logging_mixin.py:190} INFO - [2026-08-17T13:52:17.065+0000] {dag.py:4180} INFO - Setting next_dagrun for download_rocket_launches to None, run_after=None
[2026-08-17T13:52:17.115+0000] {processor.py:208} INFO - Processing /opt/airflow/dags/bash_python.py took 0.140 seconds
[2026-08-17T13:52:47.233+0000] {processor.py:186} INFO - Started process (PID=2895) to work on /opt/airflow/dags/bash_python.py
[2026-08-17T13:52:47.234+0000] {processor.py:914} INFO - Processing file /opt/airflow/dags/bash_python.py for tasks to queue
[2026-08-17T13:52:47.236+0000] {logging_mixin.py:190} INFO - [2026-08-17T13:52:47.236+0000] {dagbag.py:588} INFO - Filling up the DagBag from /opt/airflow/dags/bash_python.py
[2026-08-17T13:52:47.253+0000] {processor.py:925} INFO - DAG(s) 'download_rocket_launches' retrieved from /opt/airflow/dags/bash_python.py
[2026-08-17T13:52:47.283+0000] {logging_mixin.py:190} INFO - [2026-08-17T13:52:47.283+0000] {dag.py:3239} INFO - Sync 1 DAGs
[2026-08-17T13:52:47.296+0000] {logging_mixin.py:190} INFO - [2026-08-17T13:52:47.296+0000] {dag.py:4180} INFO - Setting next_dagrun for download_rocket_launches to None, run_after=None
[2026-08-17T13:52:47.336+0000] {processor.py:208} INFO - Processing /opt/airflow/dags/bash_python.py took 0.108 seconds
[2026-08-17T13:53:17.615+0000] {processor.py:186} INFO - Started process (PID=2906) to work on /opt/airflow/dags/bash_python.py
[2026-08-17T13:53:17.617+0000] {processor.py:914} INFO - Processing file /opt/airflow/dags/bash_python.py for tasks to queue
[2026-08-17T13:53:17.619+0000] {logging_mixin.py:190} INFO - [2026-08-17T13:53:17.619+0000] {dagbag.py:588} INFO - Filling up the DagBag from /opt/airflow/dags/bash_python.py
[2026-08-17T13:53:17.637+0000] {processor.py:925} INFO - DAG(s) 'download_rocket_launches' retrieved from /opt/airflow/dags/bash_python.py
[2026-08-17T13:53:17.664+0000] {logging_mixin.py:190} INFO - [2026-08-17T13:53:17.664+0000] {dag.py:3239} INFO - Sync 1 DAGs
[2026-08-17T13:53:17.675+0000] {logging_mixin.py:190} INFO - [2026-08-17T13:53:17.675+0000] {dag.py:4180} INFO - Setting next_dagrun for download_rocket_launches to None, run_after=None
[2026-08-17T13:53:17.714+0000] {processor.py:208} INFO - Processing /opt/airflow/dags/bash_python.py took 0.104 seconds
[2026-08-17T13:53:48.013+0000] {processor.py:186} INFO - Started process (PID=2923) to work on /opt/airflow/dags/bash_python.py
[2026-08-17T13:53:48.015+0000] {processor.py:914} INFO - Processing file /opt/airflow/dags/bash_python.py for tasks to queue
[2026-08-17T13:53:48.018+0000] {logging_mixin.py:190} INFO - [2026-08-17T13:53:48.018+0000] {dagbag.py:588} INFO - Filling up the DagBag from /opt/airflow/dags/bash_python.py
[2026-08-17T13:53:48.041+0000] {processor.py:925} INFO - DAG(s) 'download_rocket_launches' retrieved from /opt/airflow/dags/bash_python.py
[2026-08-17T13:53:48.087+0000] {logging_mixin.py:190} INFO - [2026-08-17T13:53:48.086+0000] {dag.py:3239} INFO - Sync 1 DAGs
[2026-08-17T13:53:48.109+0000] {logging_mixin.py:190} INFO - [2026-08-17T13:53:48.109+0000] {dag.py:4180} INFO - Setting next_dagrun for download_rocket_launches to None, run_after=None
[2026-08-17T13:53:48.166+0000] {processor.py:208} INFO - Processing /opt/airflow/dags/bash_python.py took 0.160 seconds
[2026-08-17T13:54:18.483+0000] {processor.py:186} INFO - Started process (PID=2940) to work on /opt/airflow/dags/bash_python.py
[2026-08-17T13:54:18.485+0000] {processor.py:914} INFO - Processing file /opt/airflow/dags/bash_python.py for tasks to queue
[2026-08-17T13:54:18.488+0000] {logging_mixin.py:190} INFO - [2026-08-17T13:54:18.488+0000] {dagbag.py:588} INFO - Filling up the DagBag from /opt/airflow/dags/bash_python.py
[2026-08-17T13:54:18.509+0000] {processor.py:925} INFO - DAG(s) 'download_rocket_launches' retrieved from /opt/airflow/dags/bash_python.py
[2026-08-17T13:54:18.542+0000] {logging_mixin.py:190} INFO - [2026-08-17T13:54:18.542+0000] {dag.py:3239} INFO - Sync 1 DAGs
[2026-08-17T13:54:18.554+0000] {logging_mixin.py:190} INFO - [2026-08-17T13:54:18.554+0000] {dag.py:4180} INFO - Setting next_dagrun for download_rocket_launches to None, run_after=None
[2026-08-17T13:54:18.597+0000] {processor.py:208} INFO - Processing /opt/airflow/dags/bash_python.py took 0.121 seconds
[2026-08-17T13:54:48.775+0000] {processor.py:186} INFO - Started process (PID=2957) to work on /opt/airflow/dags/bash_python.py
[2026-08-17T13:54:48.778+0000] {processor.py:914} INFO - Processing file /opt/airflow/dags/bash_python.py for tasks to queue
[2026-08-17T13:54:48.785+0000] {logging_mixin.py:190} INFO - [2026-08-17T13:54:48.784+0000] {dagbag.py:588} INFO - Filling up the DagBag from /opt/airflow/dags/bash_python.py
[2026-08-17T13:54:48.818+0000] {processor.py:925} INFO - DAG(s) 'download_rocket_launches' retrieved from /opt/airflow/dags/bash_python.py
[2026-08-17T13:54:48.864+0000] {logging_mixin.py:190} INFO - [2026-08-17T13:54:48.864+0000] {dag.py:3239} INFO - Sync 1 DAGs
[2026-08-17T13:54:48.886+0000] {logging_mixin.py:190} INFO - [2026-08-17T13:54:48.885+0000] {dag.py:4180} INFO - Setting next_dagrun for download_rocket_launches to None, run_after=None
[2026-08-17T13:54:48.936+0000] {processor.py:208} INFO - Processing /opt/airflow/dags/bash_python.py took 0.171 seconds
[2026-08-17T13:55:19.227+0000] {processor.py:186} INFO - Started process (PID=2968) to work on /opt/airflow/dags/bash_python.py
[2026-08-17T13:55:19.228+0000] {processor.py:914} INFO - Processing file /opt/airflow/dags/bash_python.py for tasks to queue
[2026-08-17T13:55:19.232+0000] {logging_mixin.py:190} INFO - [2026-08-17T13:55:19.231+0000] {dagbag.py:588} INFO - Filling up the DagBag from /opt/airflow/dags/bash_python.py
[2026-08-17T13:55:19.251+0000] {processor.py:925} INFO - DAG(s) 'download_rocket_launches' retrieved from /opt/airflow/dags/bash_python.py
[2026-08-17T13:55:19.285+0000] {logging_mixin.py:190} INFO - [2026-08-17T13:55:19.284+0000] {dag.py:3239} INFO - Sync 1 DAGs
[2026-08-17T13:55:19.299+0000] {logging_mixin.py:190} INFO - [2026-08-17T13:55:19.299+0000] {dag.py:4180} INFO - Setting next_dagrun for download_rocket_launches to None, run_after=None
[2026-08-17T13:55:19.344+0000] {processor.py:208} INFO - Processing /opt/airflow/dags/bash_python.py took 0.124 seconds
[2026-08-17T13:55:49.630+0000] {processor.py:186} INFO - Started process (PID=2979) to work on /opt/airflow/dags/bash_python.py
[2026-08-17T13:55:49.632+0000] {processor.py:914} INFO - Processing file /opt/airflow/dags/bash_python.py for tasks to queue
[2026-08-17T13:55:49.635+0000] {logging_mixin.py:190} INFO - [2026-08-17T13:55:49.634+0000] {dagbag.py:588} INFO - Filling up the DagBag from /opt/airflow/dags/bash_python.py
[2026-08-17T13:55:49.651+0000] {processor.py:925} INFO - DAG(s) 'download_rocket_launches' retrieved from /opt/airflow/dags/bash_python.py
[2026-08-17T13:55:49.676+0000] {logging_mixin.py:190} INFO - [2026-08-17T13:55:49.676+0000] {dag.py:3239} INFO - Sync 1 DAGs
[2026-08-17T13:55:49.688+0000] {logging_mixin.py:190} INFO - [2026-08-17T13:55:49.687+0000] {dag.py:4180} INFO - Setting next_dagrun for download_rocket_launches to None, run_after=None
[2026-08-17T13:55:49.725+0000] {processor.py:208} INFO - Processing /opt/airflow/dags/bash_python.py took 0.102 seconds
[2026-08-17T13:56:20.007+0000] {processor.py:186} INFO - Started process (PID=2989) to work on /opt/airflow/dags/bash_python.py
[2026-08-17T13:56:20.008+0000] {processor.py:914} INFO - Processing file /opt/airflow/dags/bash_python.py for tasks to queue
[2026-08-17T13:56:20.011+0000] {logging_mixin.py:190} INFO - [2026-08-17T13:56:20.010+0000] {dagbag.py:588} INFO - Filling up the DagBag from /opt/airflow/dags/bash_python.py
[2026-08-17T13:56:20.034+0000] {processor.py:925} INFO - DAG(s) 'download_rocket_launches' retrieved from /opt/airflow/dags/bash_python.py
[2026-08-17T13:56:20.072+0000] {logging_mixin.py:190} INFO - [2026-08-17T13:56:20.071+0000] {dag.py:3239} INFO - Sync 1 DAGs
[2026-08-17T13:56:20.092+0000] {logging_mixin.py:190} INFO - [2026-08-17T13:56:20.092+0000] {dag.py:4180} INFO - Setting next_dagrun for download_rocket_launches to None, run_after=None
[2026-08-17T13:56:20.119+0000] {processor.py:208} INFO - Processing /opt/airflow/dags/bash_python.py took 0.117 seconds
[2026-08-17T13:56:50.267+0000] {processor.py:186} INFO - Started process (PID=2999) to work on /opt/airflow/dags/bash_python.py
[2026-08-17T13:56:50.268+0000] {processor.py:914} INFO - Processing file /opt/airflow/dags/bash_python.py for tasks to queue
[2026-08-17T13:56:50.270+0000] {logging_mixin.py:190} INFO - [2026-08-17T13:56:50.270+0000] {dagbag.py:588} INFO - Filling up the DagBag from /opt/airflow/dags/bash_python.py
[2026-08-17T13:56:50.287+0000] {processor.py:925} INFO - DAG(s) 'download_rocket_launches' retrieved from /opt/airflow/dags/bash_python.py
[2026-08-17T13:56:50.316+0000] {logging_mixin.py:190} INFO - [2026-08-17T13:56:50.316+0000] {dag.py:3239} INFO - Sync 1 DAGs
[2026-08-17T13:56:50.329+0000] {logging_mixin.py:190} INFO - [2026-08-17T13:56:50.328+0000] {dag.py:4180} INFO - Setting next_dagrun for download_rocket_launches to None, run_after=None
[2026-08-17T13:56:50.367+0000] {processor.py:208} INFO - Processing /opt/airflow/dags/bash_python.py took 0.105 seconds
[2026-08-17T13:57:20.654+0000] {processor.py:186} INFO - Started process (PID=3009) to work on /opt/airflow/dags/bash_python.py
[2026-08-17T13:57:20.655+0000] {processor.py:914} INFO - Processing file /opt/airflow/dags/bash_python.py for tasks to queue
[2026-08-17T13:57:20.658+0000] {logging_mixin.py:190} INFO - [2026-08-17T13:57:20.657+0000] {dagbag.py:588} INFO - Filling up the DagBag from /opt/airflow/dags/bash_python.py
[2026-08-17T13:57:20.680+0000] {processor.py:925} INFO - DAG(s) 'download_rocket_launches' retrieved from /opt/airflow/dags/bash_python.py
[2026-08-17T13:57:20.712+0000] {logging_mixin.py:190} INFO - [2026-08-17T13:57:20.712+0000] {dag.py:3239} INFO - Sync 1 DAGs
[2026-08-17T13:57:20.726+0000] {logging_mixin.py:190} INFO - [2026-08-17T13:57:20.725+0000] {dag.py:4180} INFO - Setting next_dagrun for download_rocket_launches to None, run_after=None
[2026-08-17T13:57:20.744+0000] {processor.py:208} INFO - Processing /opt/airflow/dags/bash_python.py took 0.097 seconds
[2026-08-17T13:57:51.003+0000] {processor.py:186} INFO - Started process (PID=3024) to work on /opt/airflow/dags/bash_python.py
[2026-08-17T13:57:51.005+0000] {processor.py:914} INFO - Processing file /opt/airflow/dags/bash_python.py for tasks to queue
[2026-08-17T13:57:51.008+0000] {logging_mixin.py:190} INFO - [2026-08-17T13:57:51.008+0000] {dagbag.py:588} INFO - Filling up the DagBag from /opt/airflow/dags/bash_python.py
[2026-08-17T13:57:51.028+0000] {processor.py:925} INFO - DAG(s) 'download_rocket_launches' retrieved from /opt/airflow/dags/bash_python.py
[2026-08-17T13:57:51.060+0000] {logging_mixin.py:190} INFO - [2026-08-17T13:57:51.060+0000] {dag.py:3239} INFO - Sync 1 DAGs
[2026-08-17T13:57:51.076+0000] {logging_mixin.py:190} INFO - [2026-08-17T13:57:51.075+0000] {dag.py:4180} INFO - Setting next_dagrun for download_rocket_launches to None, run_after=None
[2026-08-17T13:57:51.097+0000] {processor.py:208} INFO - Processing /opt/airflow/dags/bash_python.py took 0.101 seconds
[2026-08-17T13:58:21.430+0000] {processor.py:186} INFO - Started process (PID=3039) to work on /opt/airflow/dags/bash_python.py
[2026-08-17T13:58:21.432+0000] {processor.py:914} INFO - Processing file /opt/airflow/dags/bash_python.py for tasks to queue
[2026-08-17T13:58:21.438+0000] {logging_mixin.py:190} INFO - [2026-08-17T13:58:21.437+0000] {dagbag.py:588} INFO - Filling up the DagBag from /opt/airflow/dags/bash_python.py
[2026-08-17T13:58:21.467+0000] {processor.py:925} INFO - DAG(s) 'download_rocket_launches' retrieved from /opt/airflow/dags/bash_python.py
[2026-08-17T13:58:21.517+0000] {logging_mixin.py:190} INFO - [2026-08-17T13:58:21.516+0000] {dag.py:3239} INFO - Sync 1 DAGs
[2026-08-17T13:58:21.548+0000] {logging_mixin.py:190} INFO - [2026-08-17T13:58:21.548+0000] {dag.py:4180} INFO - Setting next_dagrun for download_rocket_launches to None, run_after=None
[2026-08-17T13:58:21.608+0000] {processor.py:208} INFO - Processing /opt/airflow/dags/bash_python.py took 0.189 seconds
[2026-08-17T13:58:51.924+0000] {processor.py:186} INFO - Started process (PID=3050) to work on /opt/airflow/dags/bash_python.py
[2026-08-17T13:58:51.925+0000] {processor.py:914} INFO - Processing file /opt/airflow/dags/bash_python.py for tasks to queue
[2026-08-17T13:58:51.929+0000] {logging_mixin.py:190} INFO - [2026-08-17T13:58:51.929+0000] {dagbag.py:588} INFO - Filling up the DagBag from /opt/airflow/dags/bash_python.py
[2026-08-17T13:58:51.947+0000] {processor.py:925} INFO - DAG(s) 'download_rocket_launches' retrieved from /opt/airflow/dags/bash_python.py
[2026-08-17T13:58:51.977+0000] {logging_mixin.py:190} INFO - [2026-08-17T13:58:51.977+0000] {dag.py:3239} INFO - Sync 1 DAGs
[2026-08-17T13:58:51.991+0000] {logging_mixin.py:190} INFO - [2026-08-17T13:58:51.991+0000] {dag.py:4180} INFO - Setting next_dagrun for download_rocket_launches to None, run_after=None
[2026-08-17T13:58:52.012+0000] {processor.py:208} INFO - Processing /opt/airflow/dags/bash_python.py took 0.094 seconds
[2026-08-17T13:59:22.264+0000] {processor.py:186} INFO - Started process (PID=3061) to work on /opt/airflow/dags/bash_python.py
[2026-08-17T13:59:22.265+0000] {processor.py:914} INFO - Processing file /opt/airflow/dags/bash_python.py for tasks to queue
[2026-08-17T13:59:22.268+0000] {logging_mixin.py:190} INFO - [2026-08-17T13:59:22.268+0000] {dagbag.py:588} INFO - Filling up the DagBag from /opt/airflow/dags/bash_python.py
[2026-08-17T13:59:22.286+0000] {processor.py:925} INFO - DAG(s) 'download_rocket_launches' retrieved from /opt/airflow/dags/bash_python.py
[2026-08-17T13:59:22.315+0000] {logging_mixin.py:190} INFO - [2026-08-17T13:59:22.315+0000] {dag.py:3239} INFO - Sync 1 DAGs
[2026-08-17T13:59:22.328+0000] {logging_mixin.py:190} INFO - [2026-08-17T13:59:22.328+0000] {dag.py:4180} INFO - Setting next_dagrun for download_rocket_launches to None, run_after=None
[2026-08-17T13:59:22.350+0000] {processor.py:208} INFO - Processing /opt/airflow/dags/bash_python.py took 0.093 seconds
[2026-08-17T13:59:52.599+0000] {processor.py:186} INFO - Started process (PID=3072) to work on /opt/airflow/dags/bash_python.py
[2026-08-17T13:59:52.601+0000] {processor.py:914} INFO - Processing file /opt/airflow/dags/bash_python.py for tasks to queue
[2026-08-17T13:59:52.604+0000] {logging_mixin.py:190} INFO - [2026-08-17T13:59:52.603+0000] {dagbag.py:588} INFO - Filling up the DagBag from /opt/airflow/dags/bash_python.py
[2026-08-17T13:59:52.622+0000] {processor.py:925} INFO - DAG(s) 'download_rocket_launches' retrieved from /opt/airflow/dags/bash_python.py
[2026-08-17T13:59:52.654+0000] {logging_mixin.py:190} INFO - [2026-08-17T13:59:52.654+0000] {dag.py:3239} INFO - Sync 1 DAGs
[2026-08-17T13:59:52.666+0000] {logging_mixin.py:190} INFO - [2026-08-17T13:59:52.665+0000] {dag.py:4180} INFO - Setting next_dagrun for download_rocket_launches to None, run_after=None
[2026-08-17T13:59:52.685+0000] {processor.py:208} INFO - Processing /opt/airflow/dags/bash_python.py took 0.092 seconds
[2026-08-17T14:00:22.943+0000] {processor.py:186} INFO - Started process (PID=3083) to work on /opt/airflow/dags/bash_python.py
[2026-08-17T14:00:22.945+0000] {processor.py:914} INFO - Processing file /opt/airflow/dags/bash_python.py for tasks to queue
[2026-08-17T14:00:22.948+0000] {logging_mixin.py:190} INFO - [2026-08-17T14:00:22.948+0000] {dagbag.py:588} INFO - Filling up the DagBag from /opt/airflow/dags/bash_python.py
[2026-08-17T14:00:22.967+0000] {processor.py:925} INFO - DAG(s) 'download_rocket_launches' retrieved from /opt/airflow/dags/bash_python.py
[2026-08-17T14:00:22.995+0000] {logging_mixin.py:190} INFO - [2026-08-17T14:00:22.995+0000] {dag.py:3239} INFO - Sync 1 DAGs
[2026-08-17T14:00:23.009+0000] {logging_mixin.py:190} INFO - [2026-08-17T14:00:23.009+0000] {dag.py:4180} INFO - Setting next_dagrun for download_rocket_launches to None, run_after=None
[2026-08-17T14:00:23.030+0000] {processor.py:208} INFO - Processing /opt/airflow/dags/bash_python.py took 0.093 seconds
[2026-08-17T14:00:53.302+0000] {processor.py:186} INFO - Started process (PID=3094) to work on /opt/airflow/dags/bash_python.py
[2026-08-17T14:00:53.303+0000] {processor.py:914} INFO - Processing file /opt/airflow/dags/bash_python.py for tasks to queue
[2026-08-17T14:00:53.306+0000] {logging_mixin.py:190} INFO - [2026-08-17T14:00:53.305+0000] {dagbag.py:588} INFO - Filling up the DagBag from /opt/airflow/dags/bash_python.py
[2026-08-17T14:00:53.325+0000] {processor.py:925} INFO - DAG(s) 'download_rocket_launches' retrieved from /opt/airflow/dags/bash_python.py
[2026-08-17T14:00:53.354+0000] {logging_mixin.py:190} INFO - [2026-08-17T14:00:53.354+0000] {dag.py:3239} INFO - Sync 1 DAGs
[2026-08-17T14:00:53.367+0000] {logging_mixin.py:190} INFO - [2026-08-17T14:00:53.367+0000] {dag.py:4180} INFO - Setting next_dagrun for download_rocket_launches to None, run_after=None
[2026-08-17T14:00:53.386+0000] {processor.py:208} INFO - Processing /opt/airflow/dags/bash_python.py took 0.091 seconds
[2026-08-17T14:01:23.661+0000] {processor.py:186} INFO - Started process (PID=3105) to work on /opt/airflow/dags/bash_python.py
[2026-08-17T14:01:23.662+0000] {processor.py:914} INFO - Processing file /opt/airflow/dags/bash_python.py for tasks to queue
[2026-08-17T14:01:23.666+0000] {logging_mixin.py:190} INFO - [2026-08-17T14:01:23.665+0000] {dagbag.py:588} INFO - Filling up the DagBag from /opt/airflow/dags/bash_python.py
[2026-08-17T14:01:23.686+0000] {processor.py:925} INFO - DAG(s) 'download_rocket_launches' retrieved from /opt/airflow/dags/bash_python.py
[2026-08-17T14:01:23.715+0000] {logging_mixin.py:190} INFO - [2026-08-17T14:01:23.714+0000] {dag.py:3239} INFO - Sync 1 DAGs
[2026-08-17T14:01:23.729+0000] {logging_mixin.py:190} INFO - [2026-08-17T14:01:23.728+0000] {dag.py:4180} INFO - Setting next_dagrun for download_rocket_launches to None, run_after=None
[2026-08-17T14:01:23.752+0000] {processor.py:208} INFO - Processing /opt/airflow/dags/bash_python.py took 0.096 seconds
[2026-08-17T14:01:54.034+0000] {processor.py:186} INFO - Started process (PID=3116) to work on /opt/airflow/dags/bash_python.py
[2026-08-17T14:01:54.036+0000] {processor.py:914} INFO - Processing file /opt/airflow/dags/bash_python.py for tasks to queue
[2026-08-17T14:01:54.038+0000] {logging_mixin.py:190} INFO - [2026-08-17T14:01:54.038+0000] {dagbag.py:588} INFO - Filling up the DagBag from /opt/airflow/dags/bash_python.py
[2026-08-17T14:01:54.057+0000] {processor.py:925} INFO - DAG(s) 'download_rocket_launches' retrieved from /opt/airflow/dags/bash_python.py
[2026-08-17T14:01:54.087+0000] {logging_mixin.py:190} INFO - [2026-08-17T14:01:54.086+0000] {dag.py:3239} INFO - Sync 1 DAGs
[2026-08-17T14:01:54.101+0000] {logging_mixin.py:190} INFO - [2026-08-17T14:01:54.101+0000] {dag.py:4180} INFO - Setting next_dagrun for download_rocket_launches to None, run_after=None
[2026-08-17T14:01:54.122+0000] {processor.py:208} INFO - Processing /opt/airflow/dags/bash_python.py took 0.096 seconds
[2026-08-17T14:02:24.411+0000] {processor.py:186} INFO - Started process (PID=3127) to work on /opt/airflow/dags/bash_python.py
[2026-08-17T14:02:24.412+0000] {processor.py:914} INFO - Processing file /opt/airflow/dags/bash_python.py for tasks to queue
[2026-08-17T14:02:24.414+0000] {logging_mixin.py:190} INFO - [2026-08-17T14:02:24.414+0000] {dagbag.py:588} INFO - Filling up the DagBag from /opt/airflow/dags/bash_python.py
[2026-08-17T14:02:24.434+0000] {processor.py:925} INFO - DAG(s) 'download_rocket_launches' retrieved from /opt/airflow/dags/bash_python.py
[2026-08-17T14:02:24.464+0000] {logging_mixin.py:190} INFO - [2026-08-17T14:02:24.463+0000] {dag.py:3239} INFO - Sync 1 DAGs
[2026-08-17T14:02:24.480+0000] {logging_mixin.py:190} INFO - [2026-08-17T14:02:24.479+0000] {dag.py:4180} INFO - Setting next_dagrun for download_rocket_launches to None, run_after=None
[2026-08-17T14:02:24.501+0000] {processor.py:208} INFO - Processing /opt/airflow/dags/bash_python.py took 0.096 seconds
[2026-08-17T14:02:54.717+0000] {processor.py:186} INFO - Started process (PID=3143) to work on /opt/airflow/dags/bash_python.py
[2026-08-17T14:02:54.719+0000] {processor.py:914} INFO - Processing file /opt/airflow/dags/bash_python.py for tasks to queue
[2026-08-17T14:02:54.722+0000] {logging_mixin.py:190} INFO - [2026-08-17T14:02:54.721+0000] {dagbag.py:588} INFO - Filling up the DagBag from /opt/airflow/dags/bash_python.py
[2026-08-17T14:02:54.739+0000] {processor.py:925} INFO - DAG(s) 'download_rocket_launches' retrieved from /opt/airflow/dags/bash_python.py
[2026-08-17T14:02:54.765+0000] {logging_mixin.py:190} INFO - [2026-08-17T14:02:54.765+0000] {dag.py:3239} INFO - Sync 1 DAGs
[2026-08-17T14:02:54.780+0000] {logging_mixin.py:190} INFO - [2026-08-17T14:02:54.779+0000] {dag.py:4180} INFO - Setting next_dagrun for download_rocket_launches to None, run_after=None
[2026-08-17T14:02:54.797+0000] {processor.py:208} INFO - Processing /opt/airflow/dags/bash_python.py took 0.088 seconds
[2026-08-17T14:03:25.078+0000] {processor.py:186} INFO - Started process (PID=3151) to work on /opt/airflow/dags/bash_python.py
[2026-08-17T14:03:25.079+0000] {processor.py:914} INFO - Processing file /opt/airflow/dags/bash_python.py for tasks to queue
[2026-08-17T14:03:25.081+0000] {logging_mixin.py:190} INFO - [2026-08-17T14:03:25.081+0000] {dagbag.py:588} INFO - Filling up the DagBag from /opt/airflow/dags/bash_python.py
[2026-08-17T14:03:25.099+0000] {processor.py:925} INFO - DAG(s) 'download_rocket_launches' retrieved from /opt/airflow/dags/bash_python.py
[2026-08-17T14:03:25.127+0000] {logging_mixin.py:190} INFO - [2026-08-17T14:03:25.127+0000] {dag.py:3239} INFO - Sync 1 DAGs
[2026-08-17T14:03:25.140+0000] {logging_mixin.py:190} INFO - [2026-08-17T14:03:25.140+0000] {dag.py:4180} INFO - Setting next_dagrun for download_rocket_launches to None, run_after=None
[2026-08-17T14:03:25.160+0000] {processor.py:208} INFO - Processing /opt/airflow/dags/bash_python.py took 0.088 seconds
[2026-08-17T14:03:55.438+0000] {processor.py:186} INFO - Started process (PID=3162) to work on /opt/airflow/dags/bash_python.py
[2026-08-17T14:03:55.440+0000] {processor.py:914} INFO - Processing file /opt/airflow/dags/bash_python.py for tasks to queue
[2026-08-17T14:03:55.442+0000] {logging_mixin.py:190} INFO - [2026-08-17T14:03:55.442+0000] {dagbag.py:588} INFO - Filling up the DagBag from /opt/airflow/dags/bash_python.py
[2026-08-17T14:03:55.461+0000] {processor.py:925} INFO - DAG(s) 'download_rocket_launches' retrieved from /opt/airflow/dags/bash_python.py
[2026-08-17T14:03:55.488+0000] {logging_mixin.py:190} INFO - [2026-08-17T14:03:55.488+0000] {dag.py:3239} INFO - Sync 1 DAGs
[2026-08-17T14:03:55.499+0000] {logging_mixin.py:190} INFO - [2026-08-17T14:03:55.499+0000] {dag.py:4180} INFO - Setting next_dagrun for download_rocket_launches to None, run_after=None
[2026-08-17T14:03:55.517+0000] {processor.py:208} INFO - Processing /opt/airflow/dags/bash_python.py took 0.085 seconds
[2026-08-17T14:04:25.814+0000] {processor.py:186} INFO - Started process (PID=3173) to work on /opt/airflow/dags/bash_python.py
[2026-08-17T14:04:25.815+0000] {processor.py:914} INFO - Processing file /opt/airflow/dags/bash_python.py for tasks to queue
[2026-08-17T14:04:25.817+0000] {logging_mixin.py:190} INFO - [2026-08-17T14:04:25.817+0000] {dagbag.py:588} INFO - Filling up the DagBag from /opt/airflow/dags/bash_python.py
[2026-08-17T14:04:25.836+0000] {processor.py:925} INFO - DAG(s) 'download_rocket_launches' retrieved from /opt/airflow/dags/bash_python.py
[2026-08-17T14:04:25.868+0000] {logging_mixin.py:190} INFO - [2026-08-17T14:04:25.868+0000] {dag.py:3239} INFO - Sync 1 DAGs
[2026-08-17T14:04:25.881+0000] {logging_mixin.py:190} INFO - [2026-08-17T14:04:25.881+0000] {dag.py:4180} INFO - Setting next_dagrun for download_rocket_launches to None, run_after=None
[2026-08-17T14:04:25.900+0000] {processor.py:208} INFO - Processing /opt/airflow/dags/bash_python.py took 0.091 seconds
[2026-08-17T14:04:56.193+0000] {processor.py:186} INFO - Started process (PID=3184) to work on /opt/airflow/dags/bash_python.py
[2026-08-17T14:04:56.194+0000] {processor.py:914} INFO - Processing file /opt/airflow/dags/bash_python.py for tasks to queue
[2026-08-17T14:04:56.197+0000] {logging_mixin.py:190} INFO - [2026-08-17T14:04:56.197+0000] {dagbag.py:588} INFO - Filling up the DagBag from /opt/airflow/dags/bash_python.py
[2026-08-17T14:04:56.217+0000] {processor.py:925} INFO - DAG(s) 'download_rocket_launches' retrieved from /opt/airflow/dags/bash_python.py
[2026-08-17T14:04:56.252+0000] {logging_mixin.py:190} INFO - [2026-08-17T14:04:56.252+0000] {dag.py:3239} INFO - Sync 1 DAGs
[2026-08-17T14:04:56.268+0000] {logging_mixin.py:190} INFO - [2026-08-17T14:04:56.267+0000] {dag.py:4180} INFO - Setting next_dagrun for download_rocket_launches to None, run_after=None
[2026-08-17T14:04:56.292+0000] {processor.py:208} INFO - Processing /opt/airflow/dags/bash_python.py took 0.105 seconds
[2026-08-17T14:05:26.580+0000] {processor.py:186} INFO - Started process (PID=3195) to work on /opt/airflow/dags/bash_python.py
[2026-08-17T14:05:26.582+0000] {processor.py:914} INFO - Processing file /opt/airflow/dags/bash_python.py for tasks to queue
[2026-08-17T14:05:26.585+0000] {logging_mixin.py:190} INFO - [2026-08-17T14:05:26.585+0000] {dagbag.py:588} INFO - Filling up the DagBag from /opt/airflow/dags/bash_python.py
[2026-08-17T14:05:26.604+0000] {processor.py:925} INFO - DAG(s) 'download_rocket_launches' retrieved from /opt/airflow/dags/bash_python.py
[2026-08-17T14:05:26.636+0000] {logging_mixin.py:190} INFO - [2026-08-17T14:05:26.636+0000] {dag.py:3239} INFO - Sync 1 DAGs
[2026-08-17T14:05:26.652+0000] {logging_mixin.py:190} INFO - [2026-08-17T14:05:26.651+0000] {dag.py:4180} INFO - Setting next_dagrun for download_rocket_launches to None, run_after=None
[2026-08-17T14:05:26.678+0000] {processor.py:208} INFO - Processing /opt/airflow/dags/bash_python.py took 0.104 seconds
[2026-08-17T14:05:56.969+0000] {processor.py:186} INFO - Started process (PID=3206) to work on /opt/airflow/dags/bash_python.py
[2026-08-17T14:05:56.971+0000] {processor.py:914} INFO - Processing file /opt/airflow/dags/bash_python.py for tasks to queue
[2026-08-17T14:05:56.974+0000] {logging_mixin.py:190} INFO - [2026-08-17T14:05:56.973+0000] {dagbag.py:588} INFO - Filling up the DagBag from /opt/airflow/dags/bash_python.py
[2026-08-17T14:05:56.994+0000] {processor.py:925} INFO - DAG(s) 'download_rocket_launches' retrieved from /opt/airflow/dags/bash_python.py
[2026-08-17T14:05:57.027+0000] {logging_mixin.py:190} INFO - [2026-08-17T14:05:57.027+0000] {dag.py:3239} INFO - Sync 1 DAGs
[2026-08-17T14:05:57.043+0000] {logging_mixin.py:190} INFO - [2026-08-17T14:05:57.043+0000] {dag.py:4180} INFO - Setting next_dagrun for download_rocket_launches to None, run_after=None
[2026-08-17T14:05:57.063+0000] {processor.py:208} INFO - Processing /opt/airflow/dags/bash_python.py took 0.100 seconds
[2026-08-17T14:06:27.363+0000] {processor.py:186} INFO - Started process (PID=3217) to work on /opt/airflow/dags/bash_python.py
[2026-08-17T14:06:27.365+0000] {processor.py:914} INFO - Processing file /opt/airflow/dags/bash_python.py for tasks to queue
[2026-08-17T14:06:27.369+0000] {logging_mixin.py:190} INFO - [2026-08-17T14:06:27.368+0000] {dagbag.py:588} INFO - Filling up the DagBag from /opt/airflow/dags/bash_python.py
[2026-08-17T14:06:27.390+0000] {processor.py:925} INFO - DAG(s) 'download_rocket_launches' retrieved from /opt/airflow/dags/bash_python.py
[2026-08-17T14:06:27.428+0000] {logging_mixin.py:190} INFO - [2026-08-17T14:06:27.427+0000] {dag.py:3239} INFO - Sync 1 DAGs
[2026-08-17T14:06:27.446+0000] {logging_mixin.py:190} INFO - [2026-08-17T14:06:27.445+0000] {dag.py:4180} INFO - Setting next_dagrun for download_rocket_launches to None, run_after=None
[2026-08-17T14:06:27.473+0000] {processor.py:208} INFO - Processing /opt/airflow/dags/bash_python.py took 0.118 seconds
[2026-08-17T14:06:57.764+0000] {processor.py:186} INFO - Started process (PID=3228) to work on /opt/airflow/dags/bash_python.py
[2026-08-17T14:06:57.766+0000] {processor.py:914} INFO - Processing file /opt/airflow/dags/bash_python.py for tasks to queue
[2026-08-17T14:06:57.768+0000] {logging_mixin.py:190} INFO - [2026-08-17T14:06:57.768+0000] {dagbag.py:588} INFO - Filling up the DagBag from /opt/airflow/dags/bash_python.py
[2026-08-17T14:06:57.787+0000] {processor.py:925} INFO - DAG(s) 'download_rocket_launches' retrieved from /opt/airflow/dags/bash_python.py
[2026-08-17T14:06:57.817+0000] {logging_mixin.py:190} INFO - [2026-08-17T14:06:57.817+0000] {dag.py:3239} INFO - Sync 1 DAGs
[2026-08-17T14:06:57.830+0000] {logging_mixin.py:190} INFO - [2026-08-17T14:06:57.830+0000] {dag.py:4180} INFO - Setting next_dagrun for download_rocket_launches to None, run_after=None
[2026-08-17T14:06:57.849+0000] {processor.py:208} INFO - Processing /opt/airflow/dags/bash_python.py took 0.090 seconds
[2026-08-17T14:07:28.124+0000] {processor.py:186} INFO - Started process (PID=3239) to work on /opt/airflow/dags/bash_python.py
[2026-08-17T14:07:28.125+0000] {processor.py:914} INFO - Processing file /opt/airflow/dags/bash_python.py for tasks to queue
[2026-08-17T14:07:28.127+0000] {logging_mixin.py:190} INFO - [2026-08-17T14:07:28.127+0000] {dagbag.py:588} INFO - Filling up the DagBag from /opt/airflow/dags/bash_python.py
[2026-08-17T14:07:28.145+0000] {processor.py:925} INFO - DAG(s) 'download_rocket_launches' retrieved from /opt/airflow/dags/bash_python.py
[2026-08-17T14:07:28.172+0000] {logging_mixin.py:190} INFO - [2026-08-17T14:07:28.172+0000] {dag.py:3239} INFO - Sync 1 DAGs
[2026-08-17T14:07:28.185+0000] {logging_mixin.py:190} INFO - [2026-08-17T14:07:28.184+0000] {dag.py:4180} INFO - Setting next_dagrun for download_rocket_launches to None, run_after=None
[2026-08-17T14:07:28.205+0000] {processor.py:208} INFO - Processing /opt/airflow/dags/bash_python.py took 0.088 seconds
[2026-08-17T14:07:58.482+0000] {processor.py:186} INFO - Started process (PID=3258) to work on /opt/airflow/dags/bash_python.py
[2026-08-17T14:07:58.484+0000] {processor.py:914} INFO - Processing file /opt/airflow/dags/bash_python.py for tasks to queue
[2026-08-17T14:07:58.487+0000] {logging_mixin.py:190} INFO - [2026-08-17T14:07:58.487+0000] {dagbag.py:588} INFO - Filling up the DagBag from /opt/airflow/dags/bash_python.py
[2026-08-17T14:07:58.505+0000] {processor.py:925} INFO - DAG(s) 'download_rocket_launches' retrieved from /opt/airflow/dags/bash_python.py
[2026-08-17T14:07:58.530+0000] {logging_mixin.py:190} INFO - [2026-08-17T14:07:58.529+0000] {dag.py:3239} INFO - Sync 1 DAGs
[2026-08-17T14:07:58.546+0000] {logging_mixin.py:190} INFO - [2026-08-17T14:07:58.546+0000] {dag.py:4180} INFO - Setting next_dagrun for download_rocket_launches to None, run_after=None
[2026-08-17T14:07:58.563+0000] {processor.py:208} INFO - Processing /opt/airflow/dags/bash_python.py took 0.086 seconds
[2026-08-17T14:08:28.807+0000] {processor.py:186} INFO - Started process (PID=3269) to work on /opt/airflow/dags/bash_python.py
[2026-08-17T14:08:28.808+0000] {processor.py:914} INFO - Processing file /opt/airflow/dags/bash_python.py for tasks to queue
[2026-08-17T14:08:28.811+0000] {logging_mixin.py:190} INFO - [2026-08-17T14:08:28.810+0000] {dagbag.py:588} INFO - Filling up the DagBag from /opt/airflow/dags/bash_python.py
[2026-08-17T14:08:28.828+0000] {processor.py:925} INFO - DAG(s) 'download_rocket_launches' retrieved from /opt/airflow/dags/bash_python.py
[2026-08-17T14:08:28.857+0000] {logging_mixin.py:190} INFO - [2026-08-17T14:08:28.856+0000] {dag.py:3239} INFO - Sync 1 DAGs
[2026-08-17T14:08:28.871+0000] {logging_mixin.py:190} INFO - [2026-08-17T14:08:28.871+0000] {dag.py:4180} INFO - Setting next_dagrun for download_rocket_launches to None, run_after=None
[2026-08-17T14:08:28.892+0000] {processor.py:208} INFO - Processing /opt/airflow/dags/bash_python.py took 0.092 seconds
[2026-08-17T14:08:59.156+0000] {processor.py:186} INFO - Started process (PID=3280) to work on /opt/airflow/dags/bash_python.py
[2026-08-17T14:08:59.158+0000] {processor.py:914} INFO - Processing file /opt/airflow/dags/bash_python.py for tasks to queue
[2026-08-17T14:08:59.160+0000] {logging_mixin.py:190} INFO - [2026-08-17T14:08:59.160+0000] {dagbag.py:588} INFO - Filling up the DagBag from /opt/airflow/dags/bash_python.py
[2026-08-17T14:08:59.179+0000] {processor.py:925} INFO - DAG(s) 'download_rocket_launches' retrieved from /opt/airflow/dags/bash_python.py
[2026-08-17T14:08:59.208+0000] {logging_mixin.py:190} INFO - [2026-08-17T14:08:59.207+0000] {dag.py:3239} INFO - Sync 1 DAGs
[2026-08-17T14:08:59.219+0000] {logging_mixin.py:190} INFO - [2026-08-17T14:08:59.219+0000] {dag.py:4180} INFO - Setting next_dagrun for download_rocket_launches to None, run_after=None
[2026-08-17T14:08:59.237+0000] {processor.py:208} INFO - Processing /opt/airflow/dags/bash_python.py took 0.086 seconds
[2026-08-17T14:09:29.485+0000] {processor.py:186} INFO - Started process (PID=3291) to work on /opt/airflow/dags/bash_python.py
[2026-08-17T14:09:29.487+0000] {processor.py:914} INFO - Processing file /opt/airflow/dags/bash_python.py for tasks to queue
[2026-08-17T14:09:29.489+0000] {logging_mixin.py:190} INFO - [2026-08-17T14:09:29.489+0000] {dagbag.py:588} INFO - Filling up the DagBag from /opt/airflow/dags/bash_python.py
[2026-08-17T14:09:29.505+0000] {processor.py:925} INFO - DAG(s) 'download_rocket_launches' retrieved from /opt/airflow/dags/bash_python.py
[2026-08-17T14:09:29.529+0000] {logging_mixin.py:190} INFO - [2026-08-17T14:09:29.529+0000] {dag.py:3239} INFO - Sync 1 DAGs
[2026-08-17T14:09:29.543+0000] {logging_mixin.py:190} INFO - [2026-08-17T14:09:29.542+0000] {dag.py:4180} INFO - Setting next_dagrun for download_rocket_launches to None, run_after=None
[2026-08-17T14:09:29.559+0000] {processor.py:208} INFO - Processing /opt/airflow/dags/bash_python.py took 0.079 seconds
[2026-08-17T14:16:55.073+0000] {processor.py:186} INFO - Started process (PID=3305) to work on /opt/airflow/dags/bash_python.py
[2026-08-17T14:16:55.075+0000] {processor.py:914} INFO - Processing file /opt/airflow/dags/bash_python.py for tasks to queue
[2026-08-17T14:16:55.079+0000] {logging_mixin.py:190} INFO - [2026-08-17T14:16:55.079+0000] {dagbag.py:588} INFO - Filling up the DagBag from /opt/airflow/dags/bash_python.py
[2026-08-17T14:16:55.107+0000] {processor.py:925} INFO - DAG(s) 'download_rocket_launches' retrieved from /opt/airflow/dags/bash_python.py
[2026-08-17T14:16:55.169+0000] {logging_mixin.py:190} INFO - [2026-08-17T14:16:55.169+0000] {dag.py:3239} INFO - Sync 1 DAGs
[2026-08-17T14:16:55.200+0000] {logging_mixin.py:190} INFO - [2026-08-17T14:16:55.199+0000] {dag.py:4180} INFO - Setting next_dagrun for download_rocket_launches to None, run_after=None
[2026-08-17T14:16:55.237+0000] {processor.py:208} INFO - Processing /opt/airflow/dags/bash_python.py took 0.175 seconds
[2026-08-17T14:30:39.685+0000] {processor.py:186} INFO - Started process (PID=3316) to work on /opt/airflow/dags/bash_python.py
[2026-08-17T14:30:39.686+0000] {processor.py:914} INFO - Processing file /opt/airflow/dags/bash_python.py for tasks to queue
[2026-08-17T14:30:39.690+0000] {logging_mixin.py:190} INFO - [2026-08-17T14:30:39.690+0000] {dagbag.py:588} INFO - Filling up the DagBag from /opt/airflow/dags/bash_python.py
[2026-08-17T14:30:39.720+0000] {processor.py:925} INFO - DAG(s) 'download_rocket_launches' retrieved from /opt/airflow/dags/bash_python.py
[2026-08-17T14:30:39.817+0000] {logging_mixin.py:190} INFO - [2026-08-17T14:30:39.816+0000] {dag.py:3239} INFO - Sync 1 DAGs
[2026-08-17T14:30:39.854+0000] {logging_mixin.py:190} INFO - [2026-08-17T14:30:39.854+0000] {dag.py:4180} INFO - Setting next_dagrun for download_rocket_launches to None, run_after=None
[2026-08-17T14:30:39.885+0000] {processor.py:208} INFO - Processing /opt/airflow/dags/bash_python.py took 0.209 seconds
