[2026-08-03T08:15:37.893+0000] {manager.py:483} INFO - Processing files using up to 2 processes at a time 
[2026-08-03T08:15:37.896+0000] {manager.py:484} INFO - Process each file at most once every 30 seconds
[2026-08-03T08:15:37.897+0000] {manager.py:485} INFO - Checking for new files in /opt/airflow/dags every 300 seconds
[2026-08-03T08:15:37.898+0000] {manager.py:821} INFO - Searching for files in /opt/airflow/dags
[2026-08-03T08:15:37.903+0000] {manager.py:824} INFO - There are 0 files in /opt/airflow/dags
[2026-08-03T08:17:38.487+0000] {manager.py:465} INFO - Exiting gracefully upon receiving signal 15
[2026-08-03T08:19:27.098+0000] {manager.py:483} INFO - Processing files using up to 2 processes at a time 
[2026-08-03T08:19:27.100+0000] {manager.py:484} INFO - Process each file at most once every 30 seconds
[2026-08-03T08:19:27.100+0000] {manager.py:485} INFO - Checking for new files in /opt/airflow/dags every 300 seconds
[2026-08-03T08:19:27.101+0000] {manager.py:821} INFO - Searching for files in /opt/airflow/dags
[2026-08-03T08:19:27.106+0000] {manager.py:824} INFO - There are 0 files in /opt/airflow/dags
[2026-08-03T08:24:27.931+0000] {manager.py:821} INFO - Searching for files in /opt/airflow/dags
[2026-08-03T08:24:27.937+0000] {manager.py:824} INFO - There are 0 files in /opt/airflow/dags
[2026-08-03T08:29:28.692+0000] {manager.py:821} INFO - Searching for files in /opt/airflow/dags
[2026-08-03T08:29:28.719+0000] {manager.py:824} INFO - There are 0 files in /opt/airflow/dags
[2026-08-03T08:34:29.443+0000] {manager.py:821} INFO - Searching for files in /opt/airflow/dags
[2026-08-03T08:34:29.476+0000] {manager.py:824} INFO - There are 0 files in /opt/airflow/dags
[2026-08-03T08:39:30.209+0000] {manager.py:821} INFO - Searching for files in /opt/airflow/dags
[2026-08-03T08:39:30.238+0000] {manager.py:824} INFO - There are 0 files in /opt/airflow/dags
[2026-08-03T08:44:30.981+0000] {manager.py:821} INFO - Searching for files in /opt/airflow/dags
[2026-08-03T08:44:30.986+0000] {manager.py:824} INFO - There are 0 files in /opt/airflow/dags
[2026-08-03T08:47:54.482+0000] {manager.py:465} INFO - Exiting gracefully upon receiving signal 15
[2026-08-03T13:07:21.588+0000] {manager.py:483} INFO - Processing files using up to 2 processes at a time 
[2026-08-03T13:07:21.590+0000] {manager.py:484} INFO - Process each file at most once every 30 seconds
[2026-08-03T13:07:21.591+0000] {manager.py:485} INFO - Checking for new files in /opt/airflow/dags every 300 seconds
[2026-08-03T13:07:21.593+0000] {manager.py:821} INFO - Searching for files in /opt/airflow/dags
[2026-08-03T13:07:21.598+0000] {manager.py:824} INFO - There are 0 files in /opt/airflow/dags
[2026-08-03T13:12:22.416+0000] {manager.py:821} INFO - Searching for files in /opt/airflow/dags
[2026-08-03T13:12:22.438+0000] {manager.py:824} INFO - There are 1 files in /opt/airflow/dags
[2026-08-03T13:12:23.542+0000] {manager.py:997} INFO - 
================================================================================
DAG File Processing Stats

File Path                         PID    Runtime      # DAGs    # Errors  Last Runtime    Last Run               Last # of DB Queries
--------------------------------  -----  ---------  --------  ----------  --------------  -------------------  ----------------------
/opt/airflow/dags/bash_python.py                           0           1  0.22s           2026-08-03T13:12:22                       3
================================================================================
[2026-08-03T13:12:53.763+0000] {manager.py:997} INFO - 
================================================================================
DAG File Processing Stats

File Path                         PID    Runtime      # DAGs    # Errors  Last Runtime    Last Run               Last # of DB Queries
--------------------------------  -----  ---------  --------  ----------  --------------  -------------------  ----------------------
/opt/airflow/dags/bash_python.py                           0           1  0.11s           2026-08-03T13:12:49                       5
================================================================================
[2026-08-03T13:13:24.099+0000] {manager.py:997} INFO - 
================================================================================
DAG File Processing Stats

File Path                         PID    Runtime      # DAGs    # Errors  Last Runtime    Last Run               Last # of DB Queries
--------------------------------  -----  ---------  --------  ----------  --------------  -------------------  ----------------------
/opt/airflow/dags/bash_python.py                           0           1  0.12s           2026-08-03T13:13:20                       5
================================================================================
[2026-08-03T13:13:54.339+0000] {manager.py:997} INFO - 
================================================================================
DAG File Processing Stats

File Path                         PID    Runtime      # DAGs    # Errors  Last Runtime    Last Run               Last # of DB Queries
--------------------------------  -----  ---------  --------  ----------  --------------  -------------------  ----------------------
/opt/airflow/dags/bash_python.py                           0           1  0.15s           2026-08-03T13:13:37                       5
================================================================================
[2026-08-03T13:14:24.583+0000] {manager.py:997} INFO - 
================================================================================
DAG File Processing Stats

File Path                         PID    Runtime      # DAGs    # Errors  Last Runtime    Last Run               Last # of DB Queries
--------------------------------  -----  ---------  --------  ----------  --------------  -------------------  ----------------------
/opt/airflow/dags/bash_python.py                           0           1  0.10s           2026-08-03T13:13:56                       5
================================================================================
[2026-08-03T13:14:54.866+0000] {manager.py:997} INFO - 
================================================================================
DAG File Processing Stats

File Path                         PID    Runtime      # DAGs    # Errors  Last Runtime    Last Run               Last # of DB Queries
--------------------------------  -----  ---------  --------  ----------  --------------  -------------------  ----------------------
/opt/airflow/dags/bash_python.py                           0           1  0.12s           2026-08-03T13:14:26                       5
================================================================================
[2026-08-03T13:15:25.184+0000] {manager.py:997} INFO - 
================================================================================
DAG File Processing Stats

File Path                         PID    Runtime      # DAGs    # Errors  Last Runtime    Last Run               Last # of DB Queries
--------------------------------  -----  ---------  --------  ----------  --------------  -------------------  ----------------------
/opt/airflow/dags/bash_python.py                           0           1  0.14s           2026-08-03T13:14:57                       5
================================================================================
[2026-08-03T13:15:55.479+0000] {manager.py:997} INFO - 
================================================================================
DAG File Processing Stats

File Path                         PID    Runtime      # DAGs    # Errors  Last Runtime    Last Run               Last # of DB Queries
--------------------------------  -----  ---------  --------  ----------  --------------  -------------------  ----------------------
/opt/airflow/dags/bash_python.py                           0           1  0.11s           2026-08-03T13:15:27                       5
================================================================================
[2026-08-03T13:16:25.779+0000] {manager.py:997} INFO - 
================================================================================
DAG File Processing Stats

File Path                         PID    Runtime      # DAGs    # Errors  Last Runtime    Last Run               Last # of DB Queries
--------------------------------  -----  ---------  --------  ----------  --------------  -------------------  ----------------------
/opt/airflow/dags/bash_python.py                           0           1  0.12s           2026-08-03T13:15:57                       5
================================================================================
[2026-08-03T14:07:44.528+0000] {manager.py:821} INFO - Searching for files in /opt/airflow/dags
[2026-08-03T14:07:44.626+0000] {manager.py:824} INFO - There are 1 files in /opt/airflow/dags
[2026-08-03T14:08:03.844+0000] {manager.py:997} INFO - 
================================================================================
DAG File Processing Stats

File Path                         PID    Runtime      # DAGs    # Errors  Last Runtime    Last Run               Last # of DB Queries
--------------------------------  -----  ---------  --------  ----------  --------------  -------------------  ----------------------
/opt/airflow/dags/bash_python.py                           0           1  0.14s           2026-08-03T14:07:44                       5
================================================================================
[2026-08-03T14:08:34.118+0000] {manager.py:997} INFO - 
================================================================================
DAG File Processing Stats

File Path                         PID    Runtime      # DAGs    # Errors  Last Runtime    Last Run               Last # of DB Queries
--------------------------------  -----  ---------  --------  ----------  --------------  -------------------  ----------------------
/opt/airflow/dags/bash_python.py                           0           1  0.11s           2026-08-03T14:08:15                       5
================================================================================
[2026-08-03T14:09:04.328+0000] {manager.py:997} INFO - 
================================================================================
DAG File Processing Stats

File Path                         PID    Runtime      # DAGs    # Errors  Last Runtime    Last Run               Last # of DB Queries
--------------------------------  -----  ---------  --------  ----------  --------------  -------------------  ----------------------
/opt/airflow/dags/bash_python.py                           0           1  0.07s           2026-08-03T14:08:45                       5
================================================================================
[2026-08-03T14:09:34.591+0000] {manager.py:997} INFO - 
================================================================================
DAG File Processing Stats

File Path                         PID    Runtime      # DAGs    # Errors  Last Runtime    Last Run               Last # of DB Queries
--------------------------------  -----  ---------  --------  ----------  --------------  -------------------  ----------------------
/opt/airflow/dags/bash_python.py                           0           1  0.18s           2026-08-03T14:09:15                       5
================================================================================
[2026-08-03T14:10:04.878+0000] {manager.py:997} INFO - 
================================================================================
DAG File Processing Stats

File Path                         PID    Runtime      # DAGs    # Errors  Last Runtime    Last Run               Last # of DB Queries
--------------------------------  -----  ---------  --------  ----------  --------------  -------------------  ----------------------
/opt/airflow/dags/bash_python.py                           0           1  0.12s           2026-08-03T14:09:45                       5
================================================================================
[2026-08-03T14:10:35.079+0000] {manager.py:997} INFO - 
================================================================================
DAG File Processing Stats

File Path                         PID    Runtime      # DAGs    # Errors  Last Runtime    Last Run               Last # of DB Queries
--------------------------------  -----  ---------  --------  ----------  --------------  -------------------  ----------------------
/opt/airflow/dags/bash_python.py                           0           1  0.07s           2026-08-03T14:10:16                       5
================================================================================
[2026-08-03T14:11:05.307+0000] {manager.py:997} INFO - 
================================================================================
DAG File Processing Stats

File Path                         PID    Runtime      # DAGs    # Errors  Last Runtime    Last Run               Last # of DB Queries
--------------------------------  -----  ---------  --------  ----------  --------------  -------------------  ----------------------
/opt/airflow/dags/bash_python.py                           0           1  0.09s           2026-08-03T14:10:46                       5
================================================================================
[2026-08-03T14:11:35.542+0000] {manager.py:997} INFO - 
================================================================================
DAG File Processing Stats

File Path                         PID    Runtime      # DAGs    # Errors  Last Runtime    Last Run               Last # of DB Queries
--------------------------------  -----  ---------  --------  ----------  --------------  -------------------  ----------------------
/opt/airflow/dags/bash_python.py                           0           1  0.09s           2026-08-03T14:11:16                       5
================================================================================
[2026-08-03T14:12:05.750+0000] {manager.py:997} INFO - 
================================================================================
DAG File Processing Stats

File Path                         PID    Runtime      # DAGs    # Errors  Last Runtime    Last Run               Last # of DB Queries
--------------------------------  -----  ---------  --------  ----------  --------------  -------------------  ----------------------
/opt/airflow/dags/bash_python.py                           0           1  0.07s           2026-08-03T14:11:46                       5
================================================================================
[2026-08-03T14:12:35.950+0000] {manager.py:997} INFO - 
================================================================================
DAG File Processing Stats

File Path                         PID    Runtime      # DAGs    # Errors  Last Runtime    Last Run               Last # of DB Queries
--------------------------------  -----  ---------  --------  ----------  --------------  -------------------  ----------------------
/opt/airflow/dags/bash_python.py                           0           1  0.07s           2026-08-03T14:12:16                       5
================================================================================
[2026-08-03T14:12:45.005+0000] {manager.py:821} INFO - Searching for files in /opt/airflow/dags
[2026-08-03T14:12:45.020+0000] {manager.py:824} INFO - There are 1 files in /opt/airflow/dags
[2026-08-03T14:13:06.310+0000] {manager.py:997} INFO - 
================================================================================
DAG File Processing Stats

File Path                         PID    Runtime      # DAGs    # Errors  Last Runtime    Last Run               Last # of DB Queries
--------------------------------  -----  ---------  --------  ----------  --------------  -------------------  ----------------------
/opt/airflow/dags/bash_python.py                           0           1  0.07s           2026-08-03T14:12:47                       5
================================================================================
[2026-08-03T14:13:37.348+0000] {manager.py:997} INFO - 
================================================================================
DAG File Processing Stats

File Path                         PID    Runtime      # DAGs    # Errors  Last Runtime    Last Run               Last # of DB Queries
--------------------------------  -----  ---------  --------  ----------  --------------  -------------------  ----------------------
/opt/airflow/dags/bash_python.py                           0           1  0.09s           2026-08-03T14:13:17                       5
================================================================================
[2026-08-03T14:18:01.162+0000] {manager.py:821} INFO - Searching for files in /opt/airflow/dags
[2026-08-03T14:18:01.180+0000] {manager.py:824} INFO - There are 1 files in /opt/airflow/dags
[2026-08-03T14:19:01.603+0000] {manager.py:997} INFO - 
================================================================================
DAG File Processing Stats

File Path                         PID    Runtime      # DAGs    # Errors  Last Runtime    Last Run               Last # of DB Queries
--------------------------------  -----  ---------  --------  ----------  --------------  -------------------  ----------------------
/opt/airflow/dags/bash_python.py                           0           1  0.08s           2026-08-03T14:18:51                       5
================================================================================
[2026-08-03T14:19:31.807+0000] {manager.py:997} INFO - 
================================================================================
DAG File Processing Stats

File Path                         PID    Runtime      # DAGs    # Errors  Last Runtime    Last Run               Last # of DB Queries
--------------------------------  -----  ---------  --------  ----------  --------------  -------------------  ----------------------
/opt/airflow/dags/bash_python.py                           0           1  0.06s           2026-08-03T14:19:21                       5
================================================================================
[2026-08-03T14:20:02.030+0000] {manager.py:997} INFO - 
================================================================================
DAG File Processing Stats

File Path                         PID    Runtime      # DAGs    # Errors  Last Runtime    Last Run               Last # of DB Queries
--------------------------------  -----  ---------  --------  ----------  --------------  -------------------  ----------------------
/opt/airflow/dags/bash_python.py                           0           1  0.08s           2026-08-03T14:19:52                       5
================================================================================
[2026-08-03T14:20:32.262+0000] {manager.py:997} INFO - 
================================================================================
DAG File Processing Stats

File Path                         PID    Runtime      # DAGs    # Errors  Last Runtime    Last Run               Last # of DB Queries
--------------------------------  -----  ---------  --------  ----------  --------------  -------------------  ----------------------
/opt/airflow/dags/bash_python.py                           0           1  0.07s           2026-08-03T14:20:22                       5
================================================================================
[2026-08-03T14:21:02.468+0000] {manager.py:997} INFO - 
================================================================================
DAG File Processing Stats

File Path                         PID    Runtime      # DAGs    # Errors  Last Runtime    Last Run               Last # of DB Queries
--------------------------------  -----  ---------  --------  ----------  --------------  -------------------  ----------------------
/opt/airflow/dags/bash_python.py                           0           1  0.06s           2026-08-03T14:20:52                       5
================================================================================
[2026-08-03T14:21:32.686+0000] {manager.py:997} INFO - 
================================================================================
DAG File Processing Stats

File Path                         PID    Runtime      # DAGs    # Errors  Last Runtime    Last Run               Last # of DB Queries
--------------------------------  -----  ---------  --------  ----------  --------------  -------------------  ----------------------
/opt/airflow/dags/bash_python.py                           0           1  0.07s           2026-08-03T14:21:22                       5
================================================================================
[2026-08-03T14:22:02.898+0000] {manager.py:997} INFO - 
================================================================================
DAG File Processing Stats

File Path                         PID    Runtime      # DAGs    # Errors  Last Runtime    Last Run               Last # of DB Queries
--------------------------------  -----  ---------  --------  ----------  --------------  -------------------  ----------------------
/opt/airflow/dags/bash_python.py                           0           1  0.08s           2026-08-03T14:21:52                       5
================================================================================
[2026-08-03T14:22:33.115+0000] {manager.py:997} INFO - 
================================================================================
DAG File Processing Stats

File Path                         PID    Runtime      # DAGs    # Errors  Last Runtime    Last Run               Last # of DB Queries
--------------------------------  -----  ---------  --------  ----------  --------------  -------------------  ----------------------
/opt/airflow/dags/bash_python.py                           0           1  0.08s           2026-08-03T14:22:23                       5
================================================================================
[2026-08-03T14:23:01.314+0000] {manager.py:821} INFO - Searching for files in /opt/airflow/dags
[2026-08-03T14:23:01.330+0000] {manager.py:824} INFO - There are 1 files in /opt/airflow/dags
[2026-08-03T14:23:03.355+0000] {manager.py:997} INFO - 
================================================================================
DAG File Processing Stats

File Path                         PID    Runtime      # DAGs    # Errors  Last Runtime    Last Run               Last # of DB Queries
--------------------------------  -----  ---------  --------  ----------  --------------  -------------------  ----------------------
/opt/airflow/dags/bash_python.py                           0           1  0.08s           2026-08-03T14:22:53                       5
================================================================================
[2026-08-03T14:23:33.560+0000] {manager.py:997} INFO - 
================================================================================
DAG File Processing Stats

File Path                         PID    Runtime      # DAGs    # Errors  Last Runtime    Last Run               Last # of DB Queries
--------------------------------  -----  ---------  --------  ----------  --------------  -------------------  ----------------------
/opt/airflow/dags/bash_python.py                           0           1  0.08s           2026-08-03T14:23:23                       5
================================================================================
[2026-08-03T14:24:03.792+0000] {manager.py:997} INFO - 
================================================================================
DAG File Processing Stats

File Path                         PID    Runtime      # DAGs    # Errors  Last Runtime    Last Run               Last # of DB Queries
--------------------------------  -----  ---------  --------  ----------  --------------  -------------------  ----------------------
/opt/airflow/dags/bash_python.py                           0           1  0.07s           2026-08-03T14:23:53                       5
================================================================================
[2026-08-03T14:24:33.994+0000] {manager.py:997} INFO - 
================================================================================
DAG File Processing Stats

File Path                         PID    Runtime      # DAGs    # Errors  Last Runtime    Last Run               Last # of DB Queries
--------------------------------  -----  ---------  --------  ----------  --------------  -------------------  ----------------------
/opt/airflow/dags/bash_python.py                           0           1  0.07s           2026-08-03T14:24:23                       5
================================================================================
[2026-08-03T14:25:04.194+0000] {manager.py:997} INFO - 
================================================================================
DAG File Processing Stats

File Path                         PID    Runtime      # DAGs    # Errors  Last Runtime    Last Run               Last # of DB Queries
--------------------------------  -----  ---------  --------  ----------  --------------  -------------------  ----------------------
/opt/airflow/dags/bash_python.py                           0           1  0.07s           2026-08-03T14:24:54                       5
================================================================================
[2026-08-03T14:25:34.405+0000] {manager.py:997} INFO - 
================================================================================
DAG File Processing Stats

File Path                         PID    Runtime      # DAGs    # Errors  Last Runtime    Last Run               Last # of DB Queries
--------------------------------  -----  ---------  --------  ----------  --------------  -------------------  ----------------------
/opt/airflow/dags/bash_python.py                           0           1  0.08s           2026-08-03T14:25:24                       5
================================================================================
[2026-08-03T14:26:04.608+0000] {manager.py:997} INFO - 
================================================================================
DAG File Processing Stats

File Path                         PID    Runtime      # DAGs    # Errors  Last Runtime    Last Run               Last # of DB Queries
--------------------------------  -----  ---------  --------  ----------  --------------  -------------------  ----------------------
/opt/airflow/dags/bash_python.py                           0           1  0.07s           2026-08-03T14:25:54                       5
================================================================================
[2026-08-03T14:26:34.818+0000] {manager.py:997} INFO - 
================================================================================
DAG File Processing Stats

File Path                         PID    Runtime      # DAGs    # Errors  Last Runtime    Last Run               Last # of DB Queries
--------------------------------  -----  ---------  --------  ----------  --------------  -------------------  ----------------------
/opt/airflow/dags/bash_python.py                           0           1  0.07s           2026-08-03T14:26:24                       5
================================================================================
[2026-08-03T14:27:05.023+0000] {manager.py:997} INFO - 
================================================================================
DAG File Processing Stats

File Path                         PID    Runtime      # DAGs    # Errors  Last Runtime    Last Run               Last # of DB Queries
--------------------------------  -----  ---------  --------  ----------  --------------  -------------------  ----------------------
/opt/airflow/dags/bash_python.py                           0           1  0.07s           2026-08-03T14:26:55                       5
================================================================================
[2026-08-03T14:27:35.233+0000] {manager.py:997} INFO - 
================================================================================
DAG File Processing Stats

File Path                         PID    Runtime      # DAGs    # Errors  Last Runtime    Last Run               Last # of DB Queries
--------------------------------  -----  ---------  --------  ----------  --------------  -------------------  ----------------------
/opt/airflow/dags/bash_python.py                           0           1  0.07s           2026-08-03T14:27:25                       5
================================================================================
[2026-08-03T14:28:01.418+0000] {manager.py:821} INFO - Searching for files in /opt/airflow/dags
[2026-08-03T14:28:01.432+0000] {manager.py:824} INFO - There are 1 files in /opt/airflow/dags
[2026-08-03T14:28:05.470+0000] {manager.py:997} INFO - 
================================================================================
DAG File Processing Stats

File Path                         PID    Runtime      # DAGs    # Errors  Last Runtime    Last Run               Last # of DB Queries
--------------------------------  -----  ---------  --------  ----------  --------------  -------------------  ----------------------
/opt/airflow/dags/bash_python.py                           0           1  0.07s           2026-08-03T14:27:55                       5
================================================================================
[2026-08-03T14:28:35.673+0000] {manager.py:997} INFO - 
================================================================================
DAG File Processing Stats

File Path                         PID    Runtime      # DAGs    # Errors  Last Runtime    Last Run               Last # of DB Queries
--------------------------------  -----  ---------  --------  ----------  --------------  -------------------  ----------------------
/opt/airflow/dags/bash_python.py                           0           1  0.06s           2026-08-03T14:28:25                       5
================================================================================
[2026-08-03T14:29:05.868+0000] {manager.py:997} INFO - 
================================================================================
DAG File Processing Stats

File Path                         PID    Runtime      # DAGs    # Errors  Last Runtime    Last Run               Last # of DB Queries
--------------------------------  -----  ---------  --------  ----------  --------------  -------------------  ----------------------
/opt/airflow/dags/bash_python.py                           0           1  0.07s           2026-08-03T14:28:55                       5
================================================================================
[2026-08-03T14:45:43.544+0000] {manager.py:821} INFO - Searching for files in /opt/airflow/dags
[2026-08-03T14:45:43.585+0000] {manager.py:824} INFO - There are 1 files in /opt/airflow/dags
[2026-08-04T08:55:37.449+0000] {manager.py:821} INFO - Searching for files in /opt/airflow/dags
[2026-08-04T08:55:37.470+0000] {manager.py:824} INFO - There are 1 files in /opt/airflow/dags
[2026-08-04T08:55:37.500+0000] {manager.py:997} INFO - 
================================================================================
DAG File Processing Stats

File Path                           PID  Runtime      # DAGs    # Errors  Last Runtime    Last Run               Last # of DB Queries
--------------------------------  -----  ---------  --------  ----------  --------------  -------------------  ----------------------
/opt/airflow/dags/bash_python.py    415  0.01s             0           1  0.56s           2026-08-03T14:49:41                       5
================================================================================
[2026-08-04T08:56:07.741+0000] {manager.py:997} INFO - 
================================================================================
DAG File Processing Stats

File Path                           PID  Runtime      # DAGs    # Errors  Last Runtime    Last Run               Last # of DB Queries
--------------------------------  -----  ---------  --------  ----------  --------------  -------------------  ----------------------
/opt/airflow/dags/bash_python.py    420  0.01s             0           1  0.10s           2026-08-04T08:55:37                       5
================================================================================
[2026-08-04T08:56:38.023+0000] {manager.py:997} INFO - 
================================================================================
DAG File Processing Stats

File Path                           PID  Runtime      # DAGs    # Errors  Last Runtime    Last Run               Last # of DB Queries
--------------------------------  -----  ---------  --------  ----------  --------------  -------------------  ----------------------
/opt/airflow/dags/bash_python.py    425  0.01s             0           1  0.10s           2026-08-04T08:56:07                       5
================================================================================
[2026-08-04T08:57:08.259+0000] {manager.py:997} INFO - 
================================================================================
DAG File Processing Stats

File Path                           PID  Runtime      # DAGs    # Errors  Last Runtime    Last Run               Last # of DB Queries
--------------------------------  -----  ---------  --------  ----------  --------------  -------------------  ----------------------
/opt/airflow/dags/bash_python.py    430  0.01s             0           1  0.08s           2026-08-04T08:56:38                       5
================================================================================
[2026-08-04T08:57:38.550+0000] {manager.py:997} INFO - 
================================================================================
DAG File Processing Stats

File Path                           PID  Runtime      # DAGs    # Errors  Last Runtime    Last Run               Last # of DB Queries
--------------------------------  -----  ---------  --------  ----------  --------------  -------------------  ----------------------
/opt/airflow/dags/bash_python.py    435  0.03s             0           1  0.16s           2026-08-04T08:57:08                       5
================================================================================
[2026-08-04T08:58:08.830+0000] {manager.py:997} INFO - 
================================================================================
DAG File Processing Stats

File Path                           PID  Runtime      # DAGs    # Errors  Last Runtime    Last Run               Last # of DB Queries
--------------------------------  -----  ---------  --------  ----------  --------------  -------------------  ----------------------
/opt/airflow/dags/bash_python.py    440  0.01s             0           1  0.10s           2026-08-04T08:57:38                       5
================================================================================
[2026-08-04T08:58:39.088+0000] {manager.py:997} INFO - 
================================================================================
DAG File Processing Stats

File Path                           PID  Runtime      # DAGs    # Errors  Last Runtime    Last Run               Last # of DB Queries
--------------------------------  -----  ---------  --------  ----------  --------------  -------------------  ----------------------
/opt/airflow/dags/bash_python.py    445  0.01s             0           1  0.12s           2026-08-04T08:58:08                       5
================================================================================
[2026-08-04T08:59:09.409+0000] {manager.py:997} INFO - 
================================================================================
DAG File Processing Stats

File Path                           PID  Runtime      # DAGs    # Errors  Last Runtime    Last Run               Last # of DB Queries
--------------------------------  -----  ---------  --------  ----------  --------------  -------------------  ----------------------
/opt/airflow/dags/bash_python.py    450  0.01s             0           1  0.11s           2026-08-04T08:58:39                       5
================================================================================
[2026-08-04T08:59:39.659+0000] {manager.py:997} INFO - 
================================================================================
DAG File Processing Stats

File Path                           PID  Runtime      # DAGs    # Errors  Last Runtime    Last Run               Last # of DB Queries
--------------------------------  -----  ---------  --------  ----------  --------------  -------------------  ----------------------
/opt/airflow/dags/bash_python.py    455  0.01s             0           1  0.14s           2026-08-04T08:59:09                       5
================================================================================
[2026-08-04T09:34:19.426+0000] {manager.py:821} INFO - Searching for files in /opt/airflow/dags
[2026-08-04T09:34:19.467+0000] {manager.py:824} INFO - There are 1 files in /opt/airflow/dags
[2026-08-04T09:34:48.715+0000] {manager.py:997} INFO - 
================================================================================
DAG File Processing Stats

File Path                         PID    Runtime      # DAGs    # Errors  Last Runtime    Last Run               Last # of DB Queries
--------------------------------  -----  ---------  --------  ----------  --------------  -------------------  ----------------------
/opt/airflow/dags/bash_python.py                           0           1  0.09s           2026-08-04T09:34:19                       5
================================================================================
[2026-08-04T09:35:18.948+0000] {manager.py:997} INFO - 
================================================================================
DAG File Processing Stats

File Path                         PID    Runtime      # DAGs    # Errors  Last Runtime    Last Run               Last # of DB Queries
--------------------------------  -----  ---------  --------  ----------  --------------  -------------------  ----------------------
/opt/airflow/dags/bash_python.py                           0           1  0.10s           2026-08-04T09:34:49                       5
================================================================================
[2026-08-04T09:35:49.206+0000] {manager.py:997} INFO - 
================================================================================
DAG File Processing Stats

File Path                         PID    Runtime      # DAGs    # Errors  Last Runtime    Last Run               Last # of DB Queries
--------------------------------  -----  ---------  --------  ----------  --------------  -------------------  ----------------------
/opt/airflow/dags/bash_python.py                           0           1  0.10s           2026-08-04T09:35:20                       5
================================================================================
[2026-08-04T09:36:19.510+0000] {manager.py:997} INFO - 
================================================================================
DAG File Processing Stats

File Path                         PID    Runtime      # DAGs    # Errors  Last Runtime    Last Run               Last # of DB Queries
--------------------------------  -----  ---------  --------  ----------  --------------  -------------------  ----------------------
/opt/airflow/dags/bash_python.py                           0           1  0.11s           2026-08-04T09:35:50                       5
================================================================================
[2026-08-04T09:36:49.767+0000] {manager.py:997} INFO - 
================================================================================
DAG File Processing Stats

File Path                         PID    Runtime      # DAGs    # Errors  Last Runtime    Last Run               Last # of DB Queries
--------------------------------  -----  ---------  --------  ----------  --------------  -------------------  ----------------------
/opt/airflow/dags/bash_python.py                           0           1  0.14s           2026-08-04T09:36:20                       5
================================================================================
[2026-08-04T09:37:20.092+0000] {manager.py:997} INFO - 
================================================================================
DAG File Processing Stats

File Path                         PID    Runtime      # DAGs    # Errors  Last Runtime    Last Run               Last # of DB Queries
--------------------------------  -----  ---------  --------  ----------  --------------  -------------------  ----------------------
/opt/airflow/dags/bash_python.py                           0           1  0.11s           2026-08-04T09:36:50                       5
================================================================================
[2026-08-04T09:37:50.326+0000] {manager.py:997} INFO - 
================================================================================
DAG File Processing Stats

File Path                         PID    Runtime      # DAGs    # Errors  Last Runtime    Last Run               Last # of DB Queries
--------------------------------  -----  ---------  --------  ----------  --------------  -------------------  ----------------------
/opt/airflow/dags/bash_python.py                           0           1  0.09s           2026-08-04T09:37:21                       5
================================================================================
[2026-08-04T09:38:20.582+0000] {manager.py:997} INFO - 
================================================================================
DAG File Processing Stats

File Path                         PID    Runtime      # DAGs    # Errors  Last Runtime    Last Run               Last # of DB Queries
--------------------------------  -----  ---------  --------  ----------  --------------  -------------------  ----------------------
/opt/airflow/dags/bash_python.py                           0           1  0.13s           2026-08-04T09:37:51                       5
================================================================================
[2026-08-04T09:38:50.845+0000] {manager.py:997} INFO - 
================================================================================
DAG File Processing Stats

File Path                         PID    Runtime      # DAGs    # Errors  Last Runtime    Last Run               Last # of DB Queries
--------------------------------  -----  ---------  --------  ----------  --------------  -------------------  ----------------------
/opt/airflow/dags/bash_python.py                           0           1  0.08s           2026-08-04T09:38:21                       5
================================================================================
[2026-08-04T09:39:20.077+0000] {manager.py:821} INFO - Searching for files in /opt/airflow/dags
[2026-08-04T09:39:20.118+0000] {manager.py:824} INFO - There are 1 files in /opt/airflow/dags
[2026-08-04T09:39:21.136+0000] {manager.py:997} INFO - 
================================================================================
DAG File Processing Stats

File Path                         PID    Runtime      # DAGs    # Errors  Last Runtime    Last Run               Last # of DB Queries
--------------------------------  -----  ---------  --------  ----------  --------------  -------------------  ----------------------
/opt/airflow/dags/bash_python.py                           0           1  0.09s           2026-08-04T09:38:51                       5
================================================================================
[2026-08-04T09:39:51.360+0000] {manager.py:997} INFO - 
================================================================================
DAG File Processing Stats

File Path                         PID    Runtime      # DAGs    # Errors  Last Runtime    Last Run               Last # of DB Queries
--------------------------------  -----  ---------  --------  ----------  --------------  -------------------  ----------------------
/opt/airflow/dags/bash_python.py                           0           1  0.10s           2026-08-04T09:39:22                       5
================================================================================
[2026-08-04T09:40:21.632+0000] {manager.py:997} INFO - 
================================================================================
DAG File Processing Stats

File Path                         PID    Runtime      # DAGs    # Errors  Last Runtime    Last Run               Last # of DB Queries
--------------------------------  -----  ---------  --------  ----------  --------------  -------------------  ----------------------
/opt/airflow/dags/bash_python.py                           0           1  0.11s           2026-08-04T09:39:52                       5
================================================================================
[2026-08-04T09:40:51.849+0000] {manager.py:997} INFO - 
================================================================================
DAG File Processing Stats

File Path                         PID    Runtime      # DAGs    # Errors  Last Runtime    Last Run               Last # of DB Queries
--------------------------------  -----  ---------  --------  ----------  --------------  -------------------  ----------------------
/opt/airflow/dags/bash_python.py                           0           1  0.10s           2026-08-04T09:40:22                       5
================================================================================
[2026-08-04T09:41:22.094+0000] {manager.py:997} INFO - 
================================================================================
DAG File Processing Stats

File Path                         PID    Runtime      # DAGs    # Errors  Last Runtime    Last Run               Last # of DB Queries
--------------------------------  -----  ---------  --------  ----------  --------------  -------------------  ----------------------
/opt/airflow/dags/bash_python.py                           0           1  0.08s           2026-08-04T09:40:52                       5
================================================================================
[2026-08-04T09:41:52.319+0000] {manager.py:997} INFO - 
================================================================================
DAG File Processing Stats

File Path                         PID    Runtime      # DAGs    # Errors  Last Runtime    Last Run               Last # of DB Queries
--------------------------------  -----  ---------  --------  ----------  --------------  -------------------  ----------------------
/opt/airflow/dags/bash_python.py                           0           1  0.10s           2026-08-04T09:41:23                       5
================================================================================
[2026-08-04T09:42:22.590+0000] {manager.py:997} INFO - 
================================================================================
DAG File Processing Stats

File Path                         PID    Runtime      # DAGs    # Errors  Last Runtime    Last Run               Last # of DB Queries
--------------------------------  -----  ---------  --------  ----------  --------------  -------------------  ----------------------
/opt/airflow/dags/bash_python.py                           0           1  0.09s           2026-08-04T09:41:53                       5
================================================================================
[2026-08-04T09:42:52.852+0000] {manager.py:997} INFO - 
================================================================================
DAG File Processing Stats

File Path                         PID    Runtime      # DAGs    # Errors  Last Runtime    Last Run               Last # of DB Queries
--------------------------------  -----  ---------  --------  ----------  --------------  -------------------  ----------------------
/opt/airflow/dags/bash_python.py                           0           1  0.12s           2026-08-04T09:42:23                       5
================================================================================
[2026-08-04T09:43:23.158+0000] {manager.py:997} INFO - 
================================================================================
DAG File Processing Stats

File Path                         PID    Runtime      # DAGs    # Errors  Last Runtime    Last Run               Last # of DB Queries
--------------------------------  -----  ---------  --------  ----------  --------------  -------------------  ----------------------
/opt/airflow/dags/bash_python.py                           0           1  0.11s           2026-08-04T09:42:53                       5
================================================================================
[2026-08-04T09:43:53.402+0000] {manager.py:997} INFO - 
================================================================================
DAG File Processing Stats

File Path                         PID    Runtime      # DAGs    # Errors  Last Runtime    Last Run               Last # of DB Queries
--------------------------------  -----  ---------  --------  ----------  --------------  -------------------  ----------------------
/opt/airflow/dags/bash_python.py                           0           1  0.13s           2026-08-04T09:43:24                       5
================================================================================
[2026-08-04T09:44:20.688+0000] {manager.py:821} INFO - Searching for files in /opt/airflow/dags
[2026-08-04T09:44:20.706+0000] {manager.py:824} INFO - There are 1 files in /opt/airflow/dags
[2026-08-04T09:44:23.738+0000] {manager.py:997} INFO - 
================================================================================
DAG File Processing Stats

File Path                         PID    Runtime      # DAGs    # Errors  Last Runtime    Last Run               Last # of DB Queries
--------------------------------  -----  ---------  --------  ----------  --------------  -------------------  ----------------------
/opt/airflow/dags/bash_python.py                           0           1  0.11s           2026-08-04T09:43:54                       5
================================================================================
[2026-08-04T09:44:53.995+0000] {manager.py:997} INFO - 
================================================================================
DAG File Processing Stats

File Path                         PID    Runtime      # DAGs    # Errors  Last Runtime    Last Run               Last # of DB Queries
--------------------------------  -----  ---------  --------  ----------  --------------  -------------------  ----------------------
/opt/airflow/dags/bash_python.py                           0           1  0.08s           2026-08-04T09:44:24                       5
================================================================================
[2026-08-04T09:45:24.248+0000] {manager.py:997} INFO - 
================================================================================
DAG File Processing Stats

File Path                         PID    Runtime      # DAGs    # Errors  Last Runtime    Last Run               Last # of DB Queries
--------------------------------  -----  ---------  --------  ----------  --------------  -------------------  ----------------------
/opt/airflow/dags/bash_python.py                           0           1  0.11s           2026-08-04T09:44:55                       5
================================================================================
[2026-08-04T09:45:54.500+0000] {manager.py:997} INFO - 
================================================================================
DAG File Processing Stats

File Path                         PID    Runtime      # DAGs    # Errors  Last Runtime    Last Run               Last # of DB Queries
--------------------------------  -----  ---------  --------  ----------  --------------  -------------------  ----------------------
/opt/airflow/dags/bash_python.py                           0           1  0.11s           2026-08-04T09:45:25                       5
================================================================================
[2026-08-04T09:46:24.725+0000] {manager.py:997} INFO - 
================================================================================
DAG File Processing Stats

File Path                         PID    Runtime      # DAGs    # Errors  Last Runtime    Last Run               Last # of DB Queries
--------------------------------  -----  ---------  --------  ----------  --------------  -------------------  ----------------------
/opt/airflow/dags/bash_python.py                           0           1  0.10s           2026-08-04T09:45:55                       5
================================================================================
[2026-08-04T09:46:54.976+0000] {manager.py:997} INFO - 
================================================================================
DAG File Processing Stats

File Path                         PID    Runtime      # DAGs    # Errors  Last Runtime    Last Run               Last # of DB Queries
--------------------------------  -----  ---------  --------  ----------  --------------  -------------------  ----------------------
/opt/airflow/dags/bash_python.py                           0           1  0.12s           2026-08-04T09:46:25                       5
================================================================================
[2026-08-04T11:52:43.050+0000] {manager.py:821} INFO - Searching for files in /opt/airflow/dags
[2026-08-04T11:52:43.076+0000] {manager.py:824} INFO - There are 1 files in /opt/airflow/dags
[2026-08-04T11:53:06.266+0000] {manager.py:997} INFO - 
================================================================================
DAG File Processing Stats

File Path                         PID    Runtime      # DAGs    # Errors  Last Runtime    Last Run               Last # of DB Queries
--------------------------------  -----  ---------  --------  ----------  --------------  -------------------  ----------------------
/opt/airflow/dags/bash_python.py                           0           1  0.15s           2026-08-04T11:52:43                       5
================================================================================
[2026-08-04T11:53:36.460+0000] {manager.py:997} INFO - 
================================================================================
DAG File Processing Stats

File Path                         PID    Runtime      # DAGs    # Errors  Last Runtime    Last Run               Last # of DB Queries
--------------------------------  -----  ---------  --------  ----------  --------------  -------------------  ----------------------
/opt/airflow/dags/bash_python.py                           0           1  0.09s           2026-08-04T11:53:13                       5
================================================================================
[2026-08-04T11:54:06.714+0000] {manager.py:997} INFO - 
================================================================================
DAG File Processing Stats

File Path                         PID    Runtime      # DAGs    # Errors  Last Runtime    Last Run               Last # of DB Queries
--------------------------------  -----  ---------  --------  ----------  --------------  -------------------  ----------------------
/opt/airflow/dags/bash_python.py                           0           1  0.09s           2026-08-04T11:53:43                       5
================================================================================
[2026-08-04T11:54:36.922+0000] {manager.py:997} INFO - 
================================================================================
DAG File Processing Stats

File Path                         PID    Runtime      # DAGs    # Errors  Last Runtime    Last Run               Last # of DB Queries
--------------------------------  -----  ---------  --------  ----------  --------------  -------------------  ----------------------
/opt/airflow/dags/bash_python.py                           0           1  0.08s           2026-08-04T11:54:13                       5
================================================================================
[2026-08-04T11:55:07.173+0000] {manager.py:997} INFO - 
================================================================================
DAG File Processing Stats

File Path                         PID    Runtime      # DAGs    # Errors  Last Runtime    Last Run               Last # of DB Queries
--------------------------------  -----  ---------  --------  ----------  --------------  -------------------  ----------------------
/opt/airflow/dags/bash_python.py                           0           1  0.11s           2026-08-04T11:54:44                       5
================================================================================
[2026-08-04T11:55:37.406+0000] {manager.py:997} INFO - 
================================================================================
DAG File Processing Stats

File Path                         PID    Runtime      # DAGs    # Errors  Last Runtime    Last Run               Last # of DB Queries
--------------------------------  -----  ---------  --------  ----------  --------------  -------------------  ----------------------
/opt/airflow/dags/bash_python.py                           0           1  0.10s           2026-08-04T11:55:14                       5
================================================================================
[2026-08-04T11:59:30.741+0000] {manager.py:821} INFO - Searching for files in /opt/airflow/dags
[2026-08-04T11:59:30.768+0000] {manager.py:824} INFO - There are 1 files in /opt/airflow/dags
[2026-08-04T11:59:30.793+0000] {manager.py:997} INFO - 
================================================================================
DAG File Processing Stats

File Path                           PID  Runtime      # DAGs    # Errors  Last Runtime    Last Run               Last # of DB Queries
--------------------------------  -----  ---------  --------  ----------  --------------  -------------------  ----------------------
/opt/airflow/dags/bash_python.py    625  0.01s             0           1  0.08s           2026-08-04T11:55:44                       5
================================================================================
[2026-08-04T12:00:01.051+0000] {manager.py:997} INFO - 
================================================================================
DAG File Processing Stats

File Path                           PID  Runtime      # DAGs    # Errors  Last Runtime    Last Run               Last # of DB Queries
--------------------------------  -----  ---------  --------  ----------  --------------  -------------------  ----------------------
/opt/airflow/dags/bash_python.py    630  0.01s             0           1  0.09s           2026-08-04T11:59:30                       5
================================================================================
[2026-08-04T12:00:31.265+0000] {manager.py:997} INFO - 
================================================================================
DAG File Processing Stats

File Path                           PID  Runtime      # DAGs    # Errors  Last Runtime    Last Run               Last # of DB Queries
--------------------------------  -----  ---------  --------  ----------  --------------  -------------------  ----------------------
/opt/airflow/dags/bash_python.py    635  0.01s             0           1  0.14s           2026-08-04T12:00:01                       5
================================================================================
[2026-08-04T12:01:01.555+0000] {manager.py:997} INFO - 
================================================================================
DAG File Processing Stats

File Path                           PID  Runtime      # DAGs    # Errors  Last Runtime    Last Run               Last # of DB Queries
--------------------------------  -----  ---------  --------  ----------  --------------  -------------------  ----------------------
/opt/airflow/dags/bash_python.py    640  0.01s             0           1  0.10s           2026-08-04T12:00:31                       5
================================================================================
[2026-08-04T12:01:31.759+0000] {manager.py:997} INFO - 
================================================================================
DAG File Processing Stats

File Path                           PID  Runtime      # DAGs    # Errors  Last Runtime    Last Run               Last # of DB Queries
--------------------------------  -----  ---------  --------  ----------  --------------  -------------------  ----------------------
/opt/airflow/dags/bash_python.py    645  0.01s             0           1  0.08s           2026-08-04T12:01:01                       5
================================================================================
[2026-08-04T12:02:01.990+0000] {manager.py:997} INFO - 
================================================================================
DAG File Processing Stats

File Path                           PID  Runtime      # DAGs    # Errors  Last Runtime    Last Run               Last # of DB Queries
--------------------------------  -----  ---------  --------  ----------  --------------  -------------------  ----------------------
/opt/airflow/dags/bash_python.py    650  0.01s             0           1  0.10s           2026-08-04T12:01:31                       5
================================================================================
[2026-08-04T12:02:32.197+0000] {manager.py:997} INFO - 
================================================================================
DAG File Processing Stats

File Path                           PID  Runtime      # DAGs    # Errors  Last Runtime    Last Run               Last # of DB Queries
--------------------------------  -----  ---------  --------  ----------  --------------  -------------------  ----------------------
/opt/airflow/dags/bash_python.py    655  0.01s             0           1  0.10s           2026-08-04T12:02:02                       5
================================================================================
[2026-08-04T12:03:02.527+0000] {manager.py:997} INFO - 
================================================================================
DAG File Processing Stats

File Path                           PID  Runtime      # DAGs    # Errors  Last Runtime    Last Run               Last # of DB Queries
--------------------------------  -----  ---------  --------  ----------  --------------  -------------------  ----------------------
/opt/airflow/dags/bash_python.py    660  0.01s             0           1  0.07s           2026-08-04T12:02:32                       5
================================================================================
[2026-08-04T12:26:27.745+0000] {manager.py:821} INFO - Searching for files in /opt/airflow/dags
[2026-08-04T12:26:27.763+0000] {manager.py:824} INFO - There are 1 files in /opt/airflow/dags
[2026-08-04T12:26:52.994+0000] {manager.py:997} INFO - 
================================================================================
DAG File Processing Stats

File Path                         PID    Runtime      # DAGs    # Errors  Last Runtime    Last Run               Last # of DB Queries
--------------------------------  -----  ---------  --------  ----------  --------------  -------------------  ----------------------
/opt/airflow/dags/bash_python.py                           0           1  0.12s           2026-08-04T12:26:27                       5
================================================================================
[2026-08-04T12:27:23.200+0000] {manager.py:997} INFO - 
================================================================================
DAG File Processing Stats

File Path                         PID    Runtime      # DAGs    # Errors  Last Runtime    Last Run               Last # of DB Queries
--------------------------------  -----  ---------  --------  ----------  --------------  -------------------  ----------------------
/opt/airflow/dags/bash_python.py                           0           1  0.10s           2026-08-04T12:26:58                       5
================================================================================
[2026-08-04T12:27:53.444+0000] {manager.py:997} INFO - 
================================================================================
DAG File Processing Stats

File Path                         PID    Runtime      # DAGs    # Errors  Last Runtime    Last Run               Last # of DB Queries
--------------------------------  -----  ---------  --------  ----------  --------------  -------------------  ----------------------
/opt/airflow/dags/bash_python.py                           0           1  0.10s           2026-08-04T12:27:28                       5
================================================================================
[2026-08-04T12:28:23.654+0000] {manager.py:997} INFO - 
================================================================================
DAG File Processing Stats

File Path                         PID    Runtime      # DAGs    # Errors  Last Runtime    Last Run               Last # of DB Queries
--------------------------------  -----  ---------  --------  ----------  --------------  -------------------  ----------------------
/opt/airflow/dags/bash_python.py                           0           1  0.10s           2026-08-04T12:27:58                       5
================================================================================
[2026-08-04T12:28:53.882+0000] {manager.py:997} INFO - 
================================================================================
DAG File Processing Stats

File Path                         PID    Runtime      # DAGs    # Errors  Last Runtime    Last Run               Last # of DB Queries
--------------------------------  -----  ---------  --------  ----------  --------------  -------------------  ----------------------
/opt/airflow/dags/bash_python.py                           0           1  0.08s           2026-08-04T12:28:28                       5
================================================================================
[2026-08-04T12:29:24.086+0000] {manager.py:997} INFO - 
================================================================================
DAG File Processing Stats

File Path                         PID    Runtime      # DAGs    # Errors  Last Runtime    Last Run               Last # of DB Queries
--------------------------------  -----  ---------  --------  ----------  --------------  -------------------  ----------------------
/opt/airflow/dags/bash_python.py                           0           1  0.08s           2026-08-04T12:28:58                       5
================================================================================
[2026-08-04T12:30:06.684+0000] {manager.py:997} INFO - 
================================================================================
DAG File Processing Stats

File Path                         PID    Runtime      # DAGs    # Errors  Last Runtime    Last Run               Last # of DB Queries
--------------------------------  -----  ---------  --------  ----------  --------------  -------------------  ----------------------
/opt/airflow/dags/bash_python.py                           0           1  0.10s           2026-08-04T12:30:01                       5
================================================================================
[2026-08-04T12:30:36.889+0000] {manager.py:997} INFO - 
================================================================================
DAG File Processing Stats

File Path                         PID    Runtime      # DAGs    # Errors  Last Runtime    Last Run               Last # of DB Queries
--------------------------------  -----  ---------  --------  ----------  --------------  -------------------  ----------------------
/opt/airflow/dags/bash_python.py                           0           1  0.08s           2026-08-04T12:30:31                       5
================================================================================
[2026-08-04T12:31:07.121+0000] {manager.py:997} INFO - 
================================================================================
DAG File Processing Stats

File Path                         PID    Runtime      # DAGs    # Errors  Last Runtime    Last Run               Last # of DB Queries
--------------------------------  -----  ---------  --------  ----------  --------------  -------------------  ----------------------
/opt/airflow/dags/bash_python.py                           0           1  0.07s           2026-08-04T12:31:02                       5
================================================================================
[2026-08-04T12:31:28.264+0000] {manager.py:821} INFO - Searching for files in /opt/airflow/dags
[2026-08-04T12:31:28.291+0000] {manager.py:824} INFO - There are 1 files in /opt/airflow/dags
[2026-08-04T12:31:37.404+0000] {manager.py:997} INFO - 
================================================================================
DAG File Processing Stats

File Path                         PID    Runtime      # DAGs    # Errors  Last Runtime    Last Run               Last # of DB Queries
--------------------------------  -----  ---------  --------  ----------  --------------  -------------------  ----------------------
/opt/airflow/dags/bash_python.py                           0           1  0.11s           2026-08-04T12:31:32                       5
================================================================================
[2026-08-04T12:32:07.645+0000] {manager.py:997} INFO - 
================================================================================
DAG File Processing Stats

File Path                         PID    Runtime      # DAGs    # Errors  Last Runtime    Last Run               Last # of DB Queries
--------------------------------  -----  ---------  --------  ----------  --------------  -------------------  ----------------------
/opt/airflow/dags/bash_python.py                           0           1  0.08s           2026-08-04T12:32:02                       5
================================================================================
[2026-08-04T12:32:37.904+0000] {manager.py:997} INFO - 
================================================================================
DAG File Processing Stats

File Path                         PID    Runtime      # DAGs    # Errors  Last Runtime    Last Run               Last # of DB Queries
--------------------------------  -----  ---------  --------  ----------  --------------  -------------------  ----------------------
/opt/airflow/dags/bash_python.py                           0           1  0.10s           2026-08-04T12:32:32                       5
================================================================================
[2026-08-04T12:33:08.150+0000] {manager.py:997} INFO - 
================================================================================
DAG File Processing Stats

File Path                         PID    Runtime      # DAGs    # Errors  Last Runtime    Last Run               Last # of DB Queries
--------------------------------  -----  ---------  --------  ----------  --------------  -------------------  ----------------------
/opt/airflow/dags/bash_python.py                           0           1  0.13s           2026-08-04T12:33:03                       5
================================================================================
[2026-08-04T12:33:38.424+0000] {manager.py:997} INFO - 
================================================================================
DAG File Processing Stats

File Path                         PID    Runtime      # DAGs    # Errors  Last Runtime    Last Run               Last # of DB Queries
--------------------------------  -----  ---------  --------  ----------  --------------  -------------------  ----------------------
/opt/airflow/dags/bash_python.py                           0           1  0.10s           2026-08-04T12:33:33                       5
================================================================================
[2026-08-04T13:01:56.204+0000] {manager.py:821} INFO - Searching for files in /opt/airflow/dags
[2026-08-04T13:01:56.220+0000] {manager.py:824} INFO - There are 1 files in /opt/airflow/dags
[2026-08-04T13:02:09.358+0000] {manager.py:997} INFO - 
================================================================================
DAG File Processing Stats

File Path                         PID    Runtime      # DAGs    # Errors  Last Runtime    Last Run               Last # of DB Queries
--------------------------------  -----  ---------  --------  ----------  --------------  -------------------  ----------------------
/opt/airflow/dags/bash_python.py                           0           1  0.11s           2026-08-04T13:01:56                       5
================================================================================
[2026-08-04T13:02:39.624+0000] {manager.py:997} INFO - 
================================================================================
DAG File Processing Stats

File Path                         PID    Runtime      # DAGs    # Errors  Last Runtime    Last Run               Last # of DB Queries
--------------------------------  -----  ---------  --------  ----------  --------------  -------------------  ----------------------
/opt/airflow/dags/bash_python.py                           0           1  0.11s           2026-08-04T13:02:26                       5
================================================================================
[2026-08-04T13:03:09.871+0000] {manager.py:997} INFO - 
================================================================================
DAG File Processing Stats

File Path                         PID    Runtime      # DAGs    # Errors  Last Runtime    Last Run               Last # of DB Queries
--------------------------------  -----  ---------  --------  ----------  --------------  -------------------  ----------------------
/opt/airflow/dags/bash_python.py                           0           1  0.14s           2026-08-04T13:02:56                       5
================================================================================
[2026-08-04T13:03:40.188+0000] {manager.py:997} INFO - 
================================================================================
DAG File Processing Stats

File Path                         PID    Runtime      # DAGs    # Errors  Last Runtime    Last Run               Last # of DB Queries
--------------------------------  -----  ---------  --------  ----------  --------------  -------------------  ----------------------
/opt/airflow/dags/bash_python.py                           0           1  0.10s           2026-08-04T13:03:27                       5
================================================================================
[2026-08-04T13:04:10.469+0000] {manager.py:997} INFO - 
================================================================================
DAG File Processing Stats

File Path                         PID    Runtime      # DAGs    # Errors  Last Runtime    Last Run               Last # of DB Queries
--------------------------------  -----  ---------  --------  ----------  --------------  -------------------  ----------------------
/opt/airflow/dags/bash_python.py                           0           1  0.12s           2026-08-04T13:03:57                       5
================================================================================
[2026-08-04T13:04:40.779+0000] {manager.py:997} INFO - 
================================================================================
DAG File Processing Stats

File Path                         PID    Runtime      # DAGs    # Errors  Last Runtime    Last Run               Last # of DB Queries
--------------------------------  -----  ---------  --------  ----------  --------------  -------------------  ----------------------
/opt/airflow/dags/bash_python.py                           0           1  0.14s           2026-08-04T13:04:27                       5
================================================================================
[2026-08-04T13:05:11.032+0000] {manager.py:997} INFO - 
================================================================================
DAG File Processing Stats

File Path                         PID    Runtime      # DAGs    # Errors  Last Runtime    Last Run               Last # of DB Queries
--------------------------------  -----  ---------  --------  ----------  --------------  -------------------  ----------------------
/opt/airflow/dags/bash_python.py                           0           1  0.11s           2026-08-04T13:04:58                       5
================================================================================
[2026-08-04T13:05:41.328+0000] {manager.py:997} INFO - 
================================================================================
DAG File Processing Stats

File Path                         PID    Runtime      # DAGs    # Errors  Last Runtime    Last Run               Last # of DB Queries
--------------------------------  -----  ---------  --------  ----------  --------------  -------------------  ----------------------
/opt/airflow/dags/bash_python.py                           0           1  0.13s           2026-08-04T13:05:28                       5
================================================================================
[2026-08-04T13:06:11.597+0000] {manager.py:997} INFO - 
================================================================================
DAG File Processing Stats

File Path                         PID    Runtime      # DAGs    # Errors  Last Runtime    Last Run               Last # of DB Queries
--------------------------------  -----  ---------  --------  ----------  --------------  -------------------  ----------------------
/opt/airflow/dags/bash_python.py                           0           1  0.11s           2026-08-04T13:05:58                       5
================================================================================
[2026-08-04T13:06:41.871+0000] {manager.py:997} INFO - 
================================================================================
DAG File Processing Stats

File Path                         PID    Runtime      # DAGs    # Errors  Last Runtime    Last Run               Last # of DB Queries
--------------------------------  -----  ---------  --------  ----------  --------------  -------------------  ----------------------
/opt/airflow/dags/bash_python.py                           0           1  0.09s           2026-08-04T13:06:28                       5
================================================================================
[2026-08-04T13:06:56.977+0000] {manager.py:821} INFO - Searching for files in /opt/airflow/dags
[2026-08-04T13:06:57.006+0000] {manager.py:824} INFO - There are 1 files in /opt/airflow/dags
[2026-08-04T13:07:12.168+0000] {manager.py:997} INFO - 
================================================================================
DAG File Processing Stats

File Path                         PID    Runtime      # DAGs    # Errors  Last Runtime    Last Run               Last # of DB Queries
--------------------------------  -----  ---------  --------  ----------  --------------  -------------------  ----------------------
/opt/airflow/dags/bash_python.py                           0           1  0.15s           2026-08-04T13:06:59                       5
================================================================================
[2026-08-04T13:07:42.542+0000] {manager.py:997} INFO - 
================================================================================
DAG File Processing Stats

File Path                         PID    Runtime      # DAGs    # Errors  Last Runtime    Last Run               Last # of DB Queries
--------------------------------  -----  ---------  --------  ----------  --------------  -------------------  ----------------------
/opt/airflow/dags/bash_python.py                           0           1  0.15s           2026-08-04T13:07:29                       5
================================================================================
[2026-08-04T13:08:12.825+0000] {manager.py:997} INFO - 
================================================================================
DAG File Processing Stats

File Path                         PID    Runtime      # DAGs    # Errors  Last Runtime    Last Run               Last # of DB Queries
--------------------------------  -----  ---------  --------  ----------  --------------  -------------------  ----------------------
/opt/airflow/dags/bash_python.py                           0           1  0.10s           2026-08-04T13:07:59                       5
================================================================================
[2026-08-04T13:08:43.131+0000] {manager.py:997} INFO - 
================================================================================
DAG File Processing Stats

File Path                         PID    Runtime      # DAGs    # Errors  Last Runtime    Last Run               Last # of DB Queries
--------------------------------  -----  ---------  --------  ----------  --------------  -------------------  ----------------------
/opt/airflow/dags/bash_python.py                           0           1  0.11s           2026-08-04T13:08:30                       5
================================================================================
[2026-08-04T13:09:13.418+0000] {manager.py:997} INFO - 
================================================================================
DAG File Processing Stats

File Path                         PID    Runtime      # DAGs    # Errors  Last Runtime    Last Run               Last # of DB Queries
--------------------------------  -----  ---------  --------  ----------  --------------  -------------------  ----------------------
/opt/airflow/dags/bash_python.py                           0           1  0.12s           2026-08-04T13:09:00                       5
================================================================================
[2026-08-04T13:09:43.703+0000] {manager.py:997} INFO - 
================================================================================
DAG File Processing Stats

File Path                         PID    Runtime      # DAGs    # Errors  Last Runtime    Last Run               Last # of DB Queries
--------------------------------  -----  ---------  --------  ----------  --------------  -------------------  ----------------------
/opt/airflow/dags/bash_python.py                           0           1  0.12s           2026-08-04T13:09:30                       5
================================================================================
[2026-08-04T14:08:39.930+0000] {manager.py:483} INFO - Processing files using up to 2 processes at a time 
[2026-08-04T14:08:39.931+0000] {manager.py:484} INFO - Process each file at most once every 30 seconds
[2026-08-04T14:08:39.932+0000] {manager.py:485} INFO - Checking for new files in /opt/airflow/dags every 300 seconds
[2026-08-04T14:08:39.959+0000] {manager.py:821} INFO - Searching for files in /opt/airflow/dags
[2026-08-04T14:08:40.017+0000] {manager.py:824} INFO - There are 1 files in /opt/airflow/dags
[2026-08-04T14:08:40.094+0000] {manager.py:997} INFO - 
================================================================================
DAG File Processing Stats

File Path                           PID  Runtime      # DAGs    # Errors  Last Runtime    Last Run      Last # of DB Queries
--------------------------------  -----  ---------  --------  ----------  --------------  ----------  ----------------------
/opt/airflow/dags/bash_python.py    175  0.03s             0           0                                                   0
================================================================================
[2026-08-04T14:09:10.346+0000] {manager.py:997} INFO - 
================================================================================
DAG File Processing Stats

File Path                           PID  Runtime      # DAGs    # Errors  Last Runtime    Last Run               Last # of DB Queries
--------------------------------  -----  ---------  --------  ----------  --------------  -------------------  ----------------------
/opt/airflow/dags/bash_python.py    180  0.01s             0           1  0.11s           2026-08-04T14:08:40                       5
================================================================================
[2026-08-04T14:09:40.615+0000] {manager.py:997} INFO - 
================================================================================
DAG File Processing Stats

File Path                           PID  Runtime      # DAGs    # Errors  Last Runtime    Last Run               Last # of DB Queries
--------------------------------  -----  ---------  --------  ----------  --------------  -------------------  ----------------------
/opt/airflow/dags/bash_python.py    185  0.01s             0           1  0.12s           2026-08-04T14:09:10                       5
================================================================================
[2026-08-04T14:10:10.952+0000] {manager.py:997} INFO - 
================================================================================
DAG File Processing Stats

File Path                         PID    Runtime      # DAGs    # Errors  Last Runtime    Last Run               Last # of DB Queries
--------------------------------  -----  ---------  --------  ----------  --------------  -------------------  ----------------------
/opt/airflow/dags/bash_python.py                           0           1  0.12s           2026-08-04T14:09:54                       5
================================================================================
[2026-08-04T14:10:41.398+0000] {manager.py:997} INFO - 
================================================================================
DAG File Processing Stats

File Path                         PID    Runtime      # DAGs    # Errors  Last Runtime    Last Run               Last # of DB Queries
--------------------------------  -----  ---------  --------  ----------  --------------  -------------------  ----------------------
/opt/airflow/dags/bash_python.py                           0           1  0.10s           2026-08-04T14:10:35                       5
================================================================================
[2026-08-04T14:11:11.762+0000] {manager.py:997} INFO - 
================================================================================
DAG File Processing Stats

File Path                         PID    Runtime      # DAGs    # Errors  Last Runtime    Last Run               Last # of DB Queries
--------------------------------  -----  ---------  --------  ----------  --------------  -------------------  ----------------------
/opt/airflow/dags/bash_python.py                           0           1  0.13s           2026-08-04T14:11:01                       5
================================================================================
[2026-08-04T14:11:42.113+0000] {manager.py:997} INFO - 
================================================================================
DAG File Processing Stats

File Path                         PID    Runtime      # DAGs    # Errors  Last Runtime    Last Run               Last # of DB Queries
--------------------------------  -----  ---------  --------  ----------  --------------  -------------------  ----------------------
/opt/airflow/dags/bash_python.py                           1           0  0.63s           2026-08-04T14:11:37                      43
================================================================================
[2026-08-04T14:12:28.076+0000] {manager.py:997} INFO - 
================================================================================
DAG File Processing Stats

File Path                         PID    Runtime      # DAGs    # Errors  Last Runtime    Last Run               Last # of DB Queries
--------------------------------  -----  ---------  --------  ----------  --------------  -------------------  ----------------------
/opt/airflow/dags/bash_python.py                           1           0  0.12s           2026-08-04T14:12:15                      10
================================================================================
[2026-08-04T14:12:58.397+0000] {manager.py:997} INFO - 
================================================================================
DAG File Processing Stats

File Path                         PID    Runtime      # DAGs    # Errors  Last Runtime    Last Run               Last # of DB Queries
--------------------------------  -----  ---------  --------  ----------  --------------  -------------------  ----------------------
/opt/airflow/dags/bash_python.py                           1           0  0.12s           2026-08-04T14:12:45                      10
================================================================================
[2026-08-04T14:13:28.614+0000] {manager.py:997} INFO - 
================================================================================
DAG File Processing Stats

File Path                         PID    Runtime      # DAGs    # Errors  Last Runtime    Last Run               Last # of DB Queries
--------------------------------  -----  ---------  --------  ----------  --------------  -------------------  ----------------------
/opt/airflow/dags/bash_python.py                           1           0  0.14s           2026-08-04T14:13:15                      10
================================================================================
[2026-08-04T14:13:40.701+0000] {manager.py:821} INFO - Searching for files in /opt/airflow/dags
[2026-08-04T14:13:40.720+0000] {manager.py:824} INFO - There are 1 files in /opt/airflow/dags
[2026-08-04T14:13:58.915+0000] {manager.py:997} INFO - 
================================================================================
DAG File Processing Stats

File Path                         PID    Runtime      # DAGs    # Errors  Last Runtime    Last Run               Last # of DB Queries
--------------------------------  -----  ---------  --------  ----------  --------------  -------------------  ----------------------
/opt/airflow/dags/bash_python.py                           1           0  0.15s           2026-08-04T14:13:45                      10
================================================================================
[2026-08-04T14:14:29.232+0000] {manager.py:997} INFO - 
================================================================================
DAG File Processing Stats

File Path                         PID    Runtime      # DAGs    # Errors  Last Runtime    Last Run               Last # of DB Queries
--------------------------------  -----  ---------  --------  ----------  --------------  -------------------  ----------------------
/opt/airflow/dags/bash_python.py                           1           0  0.15s           2026-08-04T14:14:16                      10
================================================================================
[2026-08-04T14:14:59.462+0000] {manager.py:997} INFO - 
================================================================================
DAG File Processing Stats

File Path                         PID    Runtime      # DAGs    # Errors  Last Runtime    Last Run               Last # of DB Queries
--------------------------------  -----  ---------  --------  ----------  --------------  -------------------  ----------------------
/opt/airflow/dags/bash_python.py                           1           0  0.15s           2026-08-04T14:14:46                      10
================================================================================
[2026-08-04T14:15:29.742+0000] {manager.py:997} INFO - 
================================================================================
DAG File Processing Stats

File Path                         PID    Runtime      # DAGs    # Errors  Last Runtime    Last Run               Last # of DB Queries
--------------------------------  -----  ---------  --------  ----------  --------------  -------------------  ----------------------
/opt/airflow/dags/bash_python.py                           1           0  0.16s           2026-08-04T14:15:16                      10
================================================================================
[2026-08-04T14:16:00.025+0000] {manager.py:997} INFO - 
================================================================================
DAG File Processing Stats

File Path                         PID    Runtime      # DAGs    # Errors  Last Runtime    Last Run               Last # of DB Queries
--------------------------------  -----  ---------  --------  ----------  --------------  -------------------  ----------------------
/opt/airflow/dags/bash_python.py                           1           0  0.16s           2026-08-04T14:15:47                      10
================================================================================
[2026-08-04T14:16:30.294+0000] {manager.py:997} INFO - 
================================================================================
DAG File Processing Stats

File Path                         PID    Runtime      # DAGs    # Errors  Last Runtime    Last Run               Last # of DB Queries
--------------------------------  -----  ---------  --------  ----------  --------------  -------------------  ----------------------
/opt/airflow/dags/bash_python.py                           1           0  0.14s           2026-08-04T14:16:17                      10
================================================================================
[2026-08-04T14:17:00.515+0000] {manager.py:997} INFO - 
================================================================================
DAG File Processing Stats

File Path                         PID    Runtime      # DAGs    # Errors  Last Runtime    Last Run               Last # of DB Queries
--------------------------------  -----  ---------  --------  ----------  --------------  -------------------  ----------------------
/opt/airflow/dags/bash_python.py                           1           0  0.13s           2026-08-04T14:16:47                      10
================================================================================
[2026-08-04T14:17:30.769+0000] {manager.py:997} INFO - 
================================================================================
DAG File Processing Stats

File Path                         PID    Runtime      # DAGs    # Errors  Last Runtime    Last Run               Last # of DB Queries
--------------------------------  -----  ---------  --------  ----------  --------------  -------------------  ----------------------
/opt/airflow/dags/bash_python.py                           1           0  0.12s           2026-08-04T14:17:17                      10
================================================================================
[2026-08-04T14:18:00.976+0000] {manager.py:997} INFO - 
================================================================================
DAG File Processing Stats

File Path                         PID    Runtime      # DAGs    # Errors  Last Runtime    Last Run               Last # of DB Queries
--------------------------------  -----  ---------  --------  ----------  --------------  -------------------  ----------------------
/opt/airflow/dags/bash_python.py                           1           0  0.13s           2026-08-04T14:17:48                      10
================================================================================
[2026-08-04T14:18:31.256+0000] {manager.py:997} INFO - 
================================================================================
DAG File Processing Stats

File Path                         PID    Runtime      # DAGs    # Errors  Last Runtime    Last Run               Last # of DB Queries
--------------------------------  -----  ---------  --------  ----------  --------------  -------------------  ----------------------
/opt/airflow/dags/bash_python.py                           1           0  0.12s           2026-08-04T14:18:18                      10
================================================================================
[2026-08-04T14:18:41.340+0000] {manager.py:821} INFO - Searching for files in /opt/airflow/dags
[2026-08-04T14:18:41.356+0000] {manager.py:824} INFO - There are 1 files in /opt/airflow/dags
[2026-08-04T14:19:01.530+0000] {manager.py:997} INFO - 
================================================================================
DAG File Processing Stats

File Path                         PID    Runtime      # DAGs    # Errors  Last Runtime    Last Run               Last # of DB Queries
--------------------------------  -----  ---------  --------  ----------  --------------  -------------------  ----------------------
/opt/airflow/dags/bash_python.py                           1           0  0.12s           2026-08-04T14:18:48                      10
================================================================================
[2026-08-04T14:19:31.826+0000] {manager.py:997} INFO - 
================================================================================
DAG File Processing Stats

File Path                         PID    Runtime      # DAGs    # Errors  Last Runtime    Last Run               Last # of DB Queries
--------------------------------  -----  ---------  --------  ----------  --------------  -------------------  ----------------------
/opt/airflow/dags/bash_python.py                           1           0  0.32s           2026-08-04T14:19:18                      10
================================================================================
[2026-08-04T14:20:02.226+0000] {manager.py:997} INFO - 
================================================================================
DAG File Processing Stats

File Path                         PID    Runtime      # DAGs    # Errors  Last Runtime    Last Run               Last # of DB Queries
--------------------------------  -----  ---------  --------  ----------  --------------  -------------------  ----------------------
/opt/airflow/dags/bash_python.py                           1           0  0.20s           2026-08-04T14:19:49                      10
================================================================================
[2026-08-04T14:20:32.602+0000] {manager.py:997} INFO - 
================================================================================
DAG File Processing Stats

File Path                         PID    Runtime      # DAGs    # Errors  Last Runtime    Last Run               Last # of DB Queries
--------------------------------  -----  ---------  --------  ----------  --------------  -------------------  ----------------------
/opt/airflow/dags/bash_python.py                           1           0  0.15s           2026-08-04T14:20:19                      10
================================================================================
[2026-08-04T14:21:02.910+0000] {manager.py:997} INFO - 
================================================================================
DAG File Processing Stats

File Path                         PID    Runtime      # DAGs    # Errors  Last Runtime    Last Run               Last # of DB Queries
--------------------------------  -----  ---------  --------  ----------  --------------  -------------------  ----------------------
/opt/airflow/dags/bash_python.py                           1           0  0.14s           2026-08-04T14:20:49                      10
================================================================================
[2026-08-04T14:21:33.112+0000] {manager.py:997} INFO - 
================================================================================
DAG File Processing Stats

File Path                         PID    Runtime      # DAGs    # Errors  Last Runtime    Last Run               Last # of DB Queries
--------------------------------  -----  ---------  --------  ----------  --------------  -------------------  ----------------------
/opt/airflow/dags/bash_python.py                           1           0  0.17s           2026-08-04T14:21:20                      10
================================================================================
[2026-08-04T14:22:03.432+0000] {manager.py:997} INFO - 
================================================================================
DAG File Processing Stats

File Path                         PID    Runtime      # DAGs    # Errors  Last Runtime    Last Run               Last # of DB Queries
--------------------------------  -----  ---------  --------  ----------  --------------  -------------------  ----------------------
/opt/airflow/dags/bash_python.py                           1           0  0.23s           2026-08-04T14:21:50                      10
================================================================================
[2026-08-04T14:22:33.732+0000] {manager.py:997} INFO - 
================================================================================
DAG File Processing Stats

File Path                         PID    Runtime      # DAGs    # Errors  Last Runtime    Last Run               Last # of DB Queries
--------------------------------  -----  ---------  --------  ----------  --------------  -------------------  ----------------------
/opt/airflow/dags/bash_python.py                           1           0  0.14s           2026-08-04T14:22:20                      10
================================================================================
[2026-08-04T14:23:03.979+0000] {manager.py:997} INFO - 
================================================================================
DAG File Processing Stats

File Path                         PID    Runtime      # DAGs    # Errors  Last Runtime    Last Run               Last # of DB Queries
--------------------------------  -----  ---------  --------  ----------  --------------  -------------------  ----------------------
/opt/airflow/dags/bash_python.py                           1           0  0.17s           2026-08-04T14:22:51                      10
================================================================================
[2026-08-04T14:23:34.255+0000] {manager.py:997} INFO - 
================================================================================
DAG File Processing Stats

File Path                         PID    Runtime      # DAGs    # Errors  Last Runtime    Last Run               Last # of DB Queries
--------------------------------  -----  ---------  --------  ----------  --------------  -------------------  ----------------------
/opt/airflow/dags/bash_python.py                           1           0  0.15s           2026-08-04T14:23:21                      10
================================================================================
[2026-08-04T14:23:42.305+0000] {manager.py:821} INFO - Searching for files in /opt/airflow/dags
[2026-08-04T14:23:42.323+0000] {manager.py:824} INFO - There are 1 files in /opt/airflow/dags
[2026-08-04T14:24:04.497+0000] {manager.py:997} INFO - 
================================================================================
DAG File Processing Stats

File Path                         PID    Runtime      # DAGs    # Errors  Last Runtime    Last Run               Last # of DB Queries
--------------------------------  -----  ---------  --------  ----------  --------------  -------------------  ----------------------
/opt/airflow/dags/bash_python.py                           1           0  0.16s           2026-08-04T14:23:51                      10
================================================================================
[2026-08-04T14:24:34.807+0000] {manager.py:997} INFO - 
================================================================================
DAG File Processing Stats

File Path                         PID    Runtime      # DAGs    # Errors  Last Runtime    Last Run               Last # of DB Queries
--------------------------------  -----  ---------  --------  ----------  --------------  -------------------  ----------------------
/opt/airflow/dags/bash_python.py                           1           0  0.13s           2026-08-04T14:24:21                      10
================================================================================
[2026-08-04T14:25:05.011+0000] {manager.py:997} INFO - 
================================================================================
DAG File Processing Stats

File Path                         PID    Runtime      # DAGs    # Errors  Last Runtime    Last Run               Last # of DB Queries
--------------------------------  -----  ---------  --------  ----------  --------------  -------------------  ----------------------
/opt/airflow/dags/bash_python.py                           1           0  0.14s           2026-08-04T14:24:52                      10
================================================================================
[2026-08-04T14:25:35.296+0000] {manager.py:997} INFO - 
================================================================================
DAG File Processing Stats

File Path                         PID    Runtime      # DAGs    # Errors  Last Runtime    Last Run               Last # of DB Queries
--------------------------------  -----  ---------  --------  ----------  --------------  -------------------  ----------------------
/opt/airflow/dags/bash_python.py                           1           0  0.15s           2026-08-04T14:25:22                      10
================================================================================
[2026-08-04T14:26:05.501+0000] {manager.py:997} INFO - 
================================================================================
DAG File Processing Stats

File Path                         PID    Runtime      # DAGs    # Errors  Last Runtime    Last Run               Last # of DB Queries
--------------------------------  -----  ---------  --------  ----------  --------------  -------------------  ----------------------
/opt/airflow/dags/bash_python.py                           1           0  0.13s           2026-08-04T14:25:52                      10
================================================================================
[2026-08-04T14:26:35.778+0000] {manager.py:997} INFO - 
================================================================================
DAG File Processing Stats

File Path                         PID    Runtime      # DAGs    # Errors  Last Runtime    Last Run               Last # of DB Queries
--------------------------------  -----  ---------  --------  ----------  --------------  -------------------  ----------------------
/opt/airflow/dags/bash_python.py                           1           0  0.16s           2026-08-04T14:26:22                      10
================================================================================
[2026-08-04T14:27:06.004+0000] {manager.py:997} INFO - 
================================================================================
DAG File Processing Stats

File Path                         PID    Runtime      # DAGs    # Errors  Last Runtime    Last Run               Last # of DB Queries
--------------------------------  -----  ---------  --------  ----------  --------------  -------------------  ----------------------
/opt/airflow/dags/bash_python.py                           1           0  0.13s           2026-08-04T14:26:53                      10
================================================================================
[2026-08-04T14:27:36.253+0000] {manager.py:997} INFO - 
================================================================================
DAG File Processing Stats

File Path                         PID    Runtime      # DAGs    # Errors  Last Runtime    Last Run               Last # of DB Queries
--------------------------------  -----  ---------  --------  ----------  --------------  -------------------  ----------------------
/opt/airflow/dags/bash_python.py                           1           0  0.14s           2026-08-04T14:27:23                      10
================================================================================
[2026-08-04T14:28:06.522+0000] {manager.py:997} INFO - 
================================================================================
DAG File Processing Stats

File Path                         PID    Runtime      # DAGs    # Errors  Last Runtime    Last Run               Last # of DB Queries
--------------------------------  -----  ---------  --------  ----------  --------------  -------------------  ----------------------
/opt/airflow/dags/bash_python.py                           1           0  0.11s           2026-08-04T14:27:53                      10
================================================================================
[2026-08-04T14:28:36.828+0000] {manager.py:997} INFO - 
================================================================================
DAG File Processing Stats

File Path                         PID    Runtime      # DAGs    # Errors  Last Runtime    Last Run               Last # of DB Queries
--------------------------------  -----  ---------  --------  ----------  --------------  -------------------  ----------------------
/opt/airflow/dags/bash_python.py                           1           0  0.12s           2026-08-04T14:28:23                      10
================================================================================
[2026-08-04T14:28:42.865+0000] {manager.py:821} INFO - Searching for files in /opt/airflow/dags
[2026-08-04T14:28:42.887+0000] {manager.py:824} INFO - There are 1 files in /opt/airflow/dags
[2026-08-04T14:29:07.101+0000] {manager.py:997} INFO - 
================================================================================
DAG File Processing Stats

File Path                         PID    Runtime      # DAGs    # Errors  Last Runtime    Last Run               Last # of DB Queries
--------------------------------  -----  ---------  --------  ----------  --------------  -------------------  ----------------------
/opt/airflow/dags/bash_python.py                           1           0  0.15s           2026-08-04T14:28:54                      10
================================================================================
[2026-08-04T14:29:37.401+0000] {manager.py:997} INFO - 
================================================================================
DAG File Processing Stats

File Path                         PID    Runtime      # DAGs    # Errors  Last Runtime    Last Run               Last # of DB Queries
--------------------------------  -----  ---------  --------  ----------  --------------  -------------------  ----------------------
/opt/airflow/dags/bash_python.py                           1           0  0.15s           2026-08-04T14:29:24                      10
================================================================================
[2026-08-04T14:30:07.649+0000] {manager.py:997} INFO - 
================================================================================
DAG File Processing Stats

File Path                         PID    Runtime      # DAGs    # Errors  Last Runtime    Last Run               Last # of DB Queries
--------------------------------  -----  ---------  --------  ----------  --------------  -------------------  ----------------------
/opt/airflow/dags/bash_python.py                           1           0  0.17s           2026-08-04T14:29:54                      10
================================================================================
[2026-08-04T14:30:38.021+0000] {manager.py:997} INFO - 
================================================================================
DAG File Processing Stats

File Path                         PID    Runtime      # DAGs    # Errors  Last Runtime    Last Run               Last # of DB Queries
--------------------------------  -----  ---------  --------  ----------  --------------  -------------------  ----------------------
/opt/airflow/dags/bash_python.py                           1           0  0.18s           2026-08-04T14:30:24                      10
================================================================================
[2026-08-04T14:31:08.228+0000] {manager.py:997} INFO - 
================================================================================
DAG File Processing Stats

File Path                         PID    Runtime      # DAGs    # Errors  Last Runtime    Last Run               Last # of DB Queries
--------------------------------  -----  ---------  --------  ----------  --------------  -------------------  ----------------------
/opt/airflow/dags/bash_python.py                           1           0  0.13s           2026-08-04T14:30:55                      10
================================================================================
[2026-08-04T14:31:38.510+0000] {manager.py:997} INFO - 
================================================================================
DAG File Processing Stats

File Path                         PID    Runtime      # DAGs    # Errors  Last Runtime    Last Run               Last # of DB Queries
--------------------------------  -----  ---------  --------  ----------  --------------  -------------------  ----------------------
/opt/airflow/dags/bash_python.py                           1           0  0.13s           2026-08-04T14:31:25                      10
================================================================================
[2026-08-04T14:32:08.711+0000] {manager.py:997} INFO - 
================================================================================
DAG File Processing Stats

File Path                         PID    Runtime      # DAGs    # Errors  Last Runtime    Last Run               Last # of DB Queries
--------------------------------  -----  ---------  --------  ----------  --------------  -------------------  ----------------------
/opt/airflow/dags/bash_python.py                           1           0  0.13s           2026-08-04T14:31:55                      10
================================================================================
[2026-08-04T14:32:38.985+0000] {manager.py:997} INFO - 
================================================================================
DAG File Processing Stats

File Path                         PID    Runtime      # DAGs    # Errors  Last Runtime    Last Run               Last # of DB Queries
--------------------------------  -----  ---------  --------  ----------  --------------  -------------------  ----------------------
/opt/airflow/dags/bash_python.py                           1           0  0.13s           2026-08-04T14:32:25                      10
================================================================================
[2026-08-04T14:33:09.212+0000] {manager.py:997} INFO - 
================================================================================
DAG File Processing Stats

File Path                         PID    Runtime      # DAGs    # Errors  Last Runtime    Last Run               Last # of DB Queries
--------------------------------  -----  ---------  --------  ----------  --------------  -------------------  ----------------------
/opt/airflow/dags/bash_python.py                           1           0  0.18s           2026-08-04T14:32:56                      10
================================================================================
[2026-08-04T14:33:39.430+0000] {manager.py:997} INFO - 
================================================================================
DAG File Processing Stats

File Path                         PID    Runtime      # DAGs    # Errors  Last Runtime    Last Run               Last # of DB Queries
--------------------------------  -----  ---------  --------  ----------  --------------  -------------------  ----------------------
/opt/airflow/dags/bash_python.py                           1           0  0.12s           2026-08-04T14:33:26                      10
================================================================================
[2026-08-04T14:33:43.451+0000] {manager.py:821} INFO - Searching for files in /opt/airflow/dags
[2026-08-04T14:33:43.467+0000] {manager.py:824} INFO - There are 1 files in /opt/airflow/dags
[2026-08-04T14:34:09.709+0000] {manager.py:997} INFO - 
================================================================================
DAG File Processing Stats

File Path                         PID    Runtime      # DAGs    # Errors  Last Runtime    Last Run               Last # of DB Queries
--------------------------------  -----  ---------  --------  ----------  --------------  -------------------  ----------------------
/opt/airflow/dags/bash_python.py                           1           0  0.16s           2026-08-04T14:33:56                      10
================================================================================
[2026-08-04T14:34:39.936+0000] {manager.py:997} INFO - 
================================================================================
DAG File Processing Stats

File Path                         PID    Runtime      # DAGs    # Errors  Last Runtime    Last Run               Last # of DB Queries
--------------------------------  -----  ---------  --------  ----------  --------------  -------------------  ----------------------
/opt/airflow/dags/bash_python.py                           1           0  0.13s           2026-08-04T14:34:26                      10
================================================================================
[2026-08-04T14:35:10.176+0000] {manager.py:997} INFO - 
================================================================================
DAG File Processing Stats

File Path                         PID    Runtime      # DAGs    # Errors  Last Runtime    Last Run               Last # of DB Queries
--------------------------------  -----  ---------  --------  ----------  --------------  -------------------  ----------------------
/opt/airflow/dags/bash_python.py                           1           0  0.11s           2026-08-04T14:34:57                      10
================================================================================
[2026-08-04T14:35:40.385+0000] {manager.py:997} INFO - 
================================================================================
DAG File Processing Stats

File Path                         PID    Runtime      # DAGs    # Errors  Last Runtime    Last Run               Last # of DB Queries
--------------------------------  -----  ---------  --------  ----------  --------------  -------------------  ----------------------
/opt/airflow/dags/bash_python.py                           1           0  0.12s           2026-08-04T14:35:27                      10
================================================================================
[2026-08-04T14:36:10.607+0000] {manager.py:997} INFO - 
================================================================================
DAG File Processing Stats

File Path                         PID    Runtime      # DAGs    # Errors  Last Runtime    Last Run               Last # of DB Queries
--------------------------------  -----  ---------  --------  ----------  --------------  -------------------  ----------------------
/opt/airflow/dags/bash_python.py                           1           0  0.13s           2026-08-04T14:35:57                      10
================================================================================
[2026-08-04T14:36:40.861+0000] {manager.py:997} INFO - 
================================================================================
DAG File Processing Stats

File Path                         PID    Runtime      # DAGs    # Errors  Last Runtime    Last Run               Last # of DB Queries
--------------------------------  -----  ---------  --------  ----------  --------------  -------------------  ----------------------
/opt/airflow/dags/bash_python.py                           1           0  0.12s           2026-08-04T14:36:27                      10
================================================================================
[2026-08-04T14:37:11.093+0000] {manager.py:997} INFO - 
================================================================================
DAG File Processing Stats

File Path                         PID    Runtime      # DAGs    # Errors  Last Runtime    Last Run               Last # of DB Queries
--------------------------------  -----  ---------  --------  ----------  --------------  -------------------  ----------------------
/opt/airflow/dags/bash_python.py                           1           0  0.12s           2026-08-04T14:36:58                      10
================================================================================
[2026-08-04T14:37:41.330+0000] {manager.py:997} INFO - 
================================================================================
DAG File Processing Stats

File Path                         PID    Runtime      # DAGs    # Errors  Last Runtime    Last Run               Last # of DB Queries
--------------------------------  -----  ---------  --------  ----------  --------------  -------------------  ----------------------
/opt/airflow/dags/bash_python.py                           1           0  0.12s           2026-08-04T14:37:28                      10
================================================================================
[2026-08-04T14:38:11.549+0000] {manager.py:997} INFO - 
================================================================================
DAG File Processing Stats

File Path                         PID    Runtime      # DAGs    # Errors  Last Runtime    Last Run               Last # of DB Queries
--------------------------------  -----  ---------  --------  ----------  --------------  -------------------  ----------------------
/opt/airflow/dags/bash_python.py                           1           0  0.12s           2026-08-04T14:37:58                      10
================================================================================
[2026-08-04T14:38:41.801+0000] {manager.py:997} INFO - 
================================================================================
DAG File Processing Stats

File Path                         PID    Runtime      # DAGs    # Errors  Last Runtime    Last Run               Last # of DB Queries
--------------------------------  -----  ---------  --------  ----------  --------------  -------------------  ----------------------
/opt/airflow/dags/bash_python.py                           1           0  0.11s           2026-08-04T14:38:28                      10
================================================================================
[2026-08-04T14:38:43.811+0000] {manager.py:821} INFO - Searching for files in /opt/airflow/dags
[2026-08-04T14:38:43.827+0000] {manager.py:824} INFO - There are 1 files in /opt/airflow/dags
[2026-08-04T14:39:12.020+0000] {manager.py:997} INFO - 
================================================================================
DAG File Processing Stats

File Path                         PID    Runtime      # DAGs    # Errors  Last Runtime    Last Run               Last # of DB Queries
--------------------------------  -----  ---------  --------  ----------  --------------  -------------------  ----------------------
/opt/airflow/dags/bash_python.py                           1           0  0.10s           2026-08-04T14:38:59                      10
================================================================================
[2026-08-04T14:39:42.290+0000] {manager.py:997} INFO - 
================================================================================
DAG File Processing Stats

File Path                         PID    Runtime      # DAGs    # Errors  Last Runtime    Last Run               Last # of DB Queries
--------------------------------  -----  ---------  --------  ----------  --------------  -------------------  ----------------------
/opt/airflow/dags/bash_python.py                           1           0  0.13s           2026-08-04T14:39:29                      10
================================================================================
[2026-08-04T14:40:12.506+0000] {manager.py:997} INFO - 
================================================================================
DAG File Processing Stats

File Path                         PID    Runtime      # DAGs    # Errors  Last Runtime    Last Run               Last # of DB Queries
--------------------------------  -----  ---------  --------  ----------  --------------  -------------------  ----------------------
/opt/airflow/dags/bash_python.py                           1           0  0.11s           2026-08-04T14:39:59                      10
================================================================================
[2026-08-04T14:40:42.748+0000] {manager.py:997} INFO - 
================================================================================
DAG File Processing Stats

File Path                         PID    Runtime      # DAGs    # Errors  Last Runtime    Last Run               Last # of DB Queries
--------------------------------  -----  ---------  --------  ----------  --------------  -------------------  ----------------------
/opt/airflow/dags/bash_python.py                           1           0  0.13s           2026-08-04T14:40:29                      10
================================================================================
[2026-08-04T14:41:12.991+0000] {manager.py:997} INFO - 
================================================================================
DAG File Processing Stats

File Path                         PID    Runtime      # DAGs    # Errors  Last Runtime    Last Run               Last # of DB Queries
--------------------------------  -----  ---------  --------  ----------  --------------  -------------------  ----------------------
/opt/airflow/dags/bash_python.py                           1           0  0.19s           2026-08-04T14:41:00                      10
================================================================================
[2026-08-04T14:41:43.194+0000] {manager.py:997} INFO - 
================================================================================
DAG File Processing Stats

File Path                         PID    Runtime      # DAGs    # Errors  Last Runtime    Last Run               Last # of DB Queries
--------------------------------  -----  ---------  --------  ----------  --------------  -------------------  ----------------------
/opt/airflow/dags/bash_python.py                           1           0  0.13s           2026-08-04T14:41:30                      10
================================================================================
[2026-08-04T14:42:13.413+0000] {manager.py:997} INFO - 
================================================================================
DAG File Processing Stats

File Path                         PID    Runtime      # DAGs    # Errors  Last Runtime    Last Run               Last # of DB Queries
--------------------------------  -----  ---------  --------  ----------  --------------  -------------------  ----------------------
/opt/airflow/dags/bash_python.py                           1           0  0.11s           2026-08-04T14:42:00                      10
================================================================================
[2026-08-04T14:42:43.700+0000] {manager.py:997} INFO - 
================================================================================
DAG File Processing Stats

File Path                         PID    Runtime      # DAGs    # Errors  Last Runtime    Last Run               Last # of DB Queries
--------------------------------  -----  ---------  --------  ----------  --------------  -------------------  ----------------------
/opt/airflow/dags/bash_python.py                           1           0  0.12s           2026-08-04T14:42:30                      10
================================================================================
[2026-08-04T14:43:13.923+0000] {manager.py:997} INFO - 
================================================================================
DAG File Processing Stats

File Path                         PID    Runtime      # DAGs    # Errors  Last Runtime    Last Run               Last # of DB Queries
--------------------------------  -----  ---------  --------  ----------  --------------  -------------------  ----------------------
/opt/airflow/dags/bash_python.py                           1           0  0.14s           2026-08-04T14:43:00                      10
================================================================================
[2026-08-04T14:43:44.190+0000] {manager.py:821} INFO - Searching for files in /opt/airflow/dags
[2026-08-04T14:43:44.207+0000] {manager.py:824} INFO - There are 1 files in /opt/airflow/dags
[2026-08-04T14:43:44.217+0000] {manager.py:997} INFO - 
================================================================================
DAG File Processing Stats

File Path                         PID    Runtime      # DAGs    # Errors  Last Runtime    Last Run               Last # of DB Queries
--------------------------------  -----  ---------  --------  ----------  --------------  -------------------  ----------------------
/opt/airflow/dags/bash_python.py                           1           0  0.12s           2026-08-04T14:43:31                      10
================================================================================
[2026-08-04T14:44:14.455+0000] {manager.py:997} INFO - 
================================================================================
DAG File Processing Stats

File Path                         PID    Runtime      # DAGs    # Errors  Last Runtime    Last Run               Last # of DB Queries
--------------------------------  -----  ---------  --------  ----------  --------------  -------------------  ----------------------
/opt/airflow/dags/bash_python.py                           1           0  0.22s           2026-08-04T14:44:01                      10
================================================================================
[2026-08-04T14:44:44.863+0000] {manager.py:997} INFO - 
================================================================================
DAG File Processing Stats

File Path                         PID    Runtime      # DAGs    # Errors  Last Runtime    Last Run               Last # of DB Queries
--------------------------------  -----  ---------  --------  ----------  --------------  -------------------  ----------------------
/opt/airflow/dags/bash_python.py                           1           0  0.17s           2026-08-04T14:44:31                      10
================================================================================
[2026-08-04T14:45:15.074+0000] {manager.py:997} INFO - 
================================================================================
DAG File Processing Stats

File Path                         PID    Runtime      # DAGs    # Errors  Last Runtime    Last Run               Last # of DB Queries
--------------------------------  -----  ---------  --------  ----------  --------------  -------------------  ----------------------
/opt/airflow/dags/bash_python.py                           1           0  0.16s           2026-08-04T14:45:02                      10
================================================================================
[2026-08-04T14:45:45.390+0000] {manager.py:997} INFO - 
================================================================================
DAG File Processing Stats

File Path                         PID    Runtime      # DAGs    # Errors  Last Runtime    Last Run               Last # of DB Queries
--------------------------------  -----  ---------  --------  ----------  --------------  -------------------  ----------------------
/opt/airflow/dags/bash_python.py                           1           0  0.17s           2026-08-04T14:45:32                      10
================================================================================
[2026-08-04T14:46:15.617+0000] {manager.py:997} INFO - 
================================================================================
DAG File Processing Stats

File Path                         PID    Runtime      # DAGs    # Errors  Last Runtime    Last Run               Last # of DB Queries
--------------------------------  -----  ---------  --------  ----------  --------------  -------------------  ----------------------
/opt/airflow/dags/bash_python.py                           1           0  0.12s           2026-08-04T14:46:02                      10
================================================================================
[2026-08-04T14:46:45.889+0000] {manager.py:997} INFO - 
================================================================================
DAG File Processing Stats

File Path                         PID    Runtime      # DAGs    # Errors  Last Runtime    Last Run               Last # of DB Queries
--------------------------------  -----  ---------  --------  ----------  --------------  -------------------  ----------------------
/opt/airflow/dags/bash_python.py                           1           0  0.12s           2026-08-04T14:46:32                      10
================================================================================
[2026-08-04T17:10:45.076+0000] {manager.py:821} INFO - Searching for files in /opt/airflow/dags
[2026-08-04T17:10:45.161+0000] {manager.py:824} INFO - There are 1 files in /opt/airflow/dags
[2026-08-05T04:33:17.242+0000] {manager.py:821} INFO - Searching for files in /opt/airflow/dags
[2026-08-05T04:33:17.280+0000] {manager.py:824} INFO - There are 1 files in /opt/airflow/dags
[2026-08-06T07:57:05.790+0000] {manager.py:821} INFO - Searching for files in /opt/airflow/dags
[2026-08-06T07:57:05.815+0000] {manager.py:824} INFO - There are 1 files in /opt/airflow/dags
[2026-08-06T07:57:28.288+0000] {manager.py:997} INFO - 
================================================================================
DAG File Processing Stats

File Path                         PID    Runtime      # DAGs    # Errors  Last Runtime    Last Run               Last # of DB Queries
--------------------------------  -----  ---------  --------  ----------  --------------  -------------------  ----------------------
/opt/airflow/dags/bash_python.py                           1           0  0.60s           2026-08-06T07:57:06                      32
================================================================================
[2026-08-06T07:57:58.805+0000] {manager.py:997} INFO - 
================================================================================
DAG File Processing Stats

File Path                         PID    Runtime      # DAGs    # Errors  Last Runtime    Last Run               Last # of DB Queries
--------------------------------  -----  ---------  --------  ----------  --------------  -------------------  ----------------------
/opt/airflow/dags/bash_python.py                           1           0  0.13s           2026-08-06T07:57:36                      10
================================================================================
[2026-08-06T08:02:06.144+0000] {manager.py:821} INFO - Searching for files in /opt/airflow/dags
[2026-08-06T08:02:06.163+0000] {manager.py:824} INFO - There are 1 files in /opt/airflow/dags
[2026-08-06T08:03:17.103+0000] {manager.py:997} INFO - 
================================================================================
DAG File Processing Stats

File Path                         PID    Runtime      # DAGs    # Errors  Last Runtime    Last Run               Last # of DB Queries
--------------------------------  -----  ---------  --------  ----------  --------------  -------------------  ----------------------
/opt/airflow/dags/bash_python.py                           1           0  0.12s           2026-08-06T08:02:57                      10
================================================================================
[2026-08-06T08:03:47.387+0000] {manager.py:997} INFO - 
================================================================================
DAG File Processing Stats

File Path                         PID    Runtime      # DAGs    # Errors  Last Runtime    Last Run               Last # of DB Queries
--------------------------------  -----  ---------  --------  ----------  --------------  -------------------  ----------------------
/opt/airflow/dags/bash_python.py                           1           0  0.13s           2026-08-06T08:03:27                      10
================================================================================
[2026-08-06T08:04:17.620+0000] {manager.py:997} INFO - 
================================================================================
DAG File Processing Stats

File Path                         PID    Runtime      # DAGs    # Errors  Last Runtime    Last Run               Last # of DB Queries
--------------------------------  -----  ---------  --------  ----------  --------------  -------------------  ----------------------
/opt/airflow/dags/bash_python.py                           1           0  0.15s           2026-08-06T08:03:57                      10
================================================================================
[2026-08-06T08:04:47.933+0000] {manager.py:997} INFO - 
================================================================================
DAG File Processing Stats

File Path                         PID    Runtime      # DAGs    # Errors  Last Runtime    Last Run               Last # of DB Queries
--------------------------------  -----  ---------  --------  ----------  --------------  -------------------  ----------------------
/opt/airflow/dags/bash_python.py                           1           0  0.13s           2026-08-06T08:04:27                      10
================================================================================
[2026-08-06T08:05:18.142+0000] {manager.py:997} INFO - 
================================================================================
DAG File Processing Stats

File Path                         PID    Runtime      # DAGs    # Errors  Last Runtime    Last Run               Last # of DB Queries
--------------------------------  -----  ---------  --------  ----------  --------------  -------------------  ----------------------
/opt/airflow/dags/bash_python.py                           1           0  0.11s           2026-08-06T08:04:58                      10
================================================================================
[2026-08-06T08:05:48.413+0000] {manager.py:997} INFO - 
================================================================================
DAG File Processing Stats

File Path                         PID    Runtime      # DAGs    # Errors  Last Runtime    Last Run               Last # of DB Queries
--------------------------------  -----  ---------  --------  ----------  --------------  -------------------  ----------------------
/opt/airflow/dags/bash_python.py                           1           0  0.12s           2026-08-06T08:05:28                      10
================================================================================
[2026-08-06T08:06:18.638+0000] {manager.py:997} INFO - 
================================================================================
DAG File Processing Stats

File Path                         PID    Runtime      # DAGs    # Errors  Last Runtime    Last Run               Last # of DB Queries
--------------------------------  -----  ---------  --------  ----------  --------------  -------------------  ----------------------
/opt/airflow/dags/bash_python.py                           1           0  0.12s           2026-08-06T08:05:58                      10
================================================================================
[2026-08-06T08:06:48.909+0000] {manager.py:997} INFO - 
================================================================================
DAG File Processing Stats

File Path                         PID    Runtime      # DAGs    # Errors  Last Runtime    Last Run               Last # of DB Queries
--------------------------------  -----  ---------  --------  ----------  --------------  -------------------  ----------------------
/opt/airflow/dags/bash_python.py                           1           0  0.09s           2026-08-06T08:06:28                      10
================================================================================
[2026-08-06T08:07:07.033+0000] {manager.py:821} INFO - Searching for files in /opt/airflow/dags
[2026-08-06T08:07:07.048+0000] {manager.py:824} INFO - There are 1 files in /opt/airflow/dags
[2026-08-06T08:07:19.127+0000] {manager.py:997} INFO - 
================================================================================
DAG File Processing Stats

File Path                         PID    Runtime      # DAGs    # Errors  Last Runtime    Last Run               Last # of DB Queries
--------------------------------  -----  ---------  --------  ----------  --------------  -------------------  ----------------------
/opt/airflow/dags/bash_python.py                           1           0  0.10s           2026-08-06T08:06:59                      10
================================================================================
[2026-08-06T08:07:49.332+0000] {manager.py:997} INFO - 
================================================================================
DAG File Processing Stats

File Path                         PID    Runtime      # DAGs    # Errors  Last Runtime    Last Run               Last # of DB Queries
--------------------------------  -----  ---------  --------  ----------  --------------  -------------------  ----------------------
/opt/airflow/dags/bash_python.py                           1           0  0.10s           2026-08-06T08:07:29                      10
================================================================================
[2026-08-06T08:08:19.573+0000] {manager.py:997} INFO - 
================================================================================
DAG File Processing Stats

File Path                         PID    Runtime      # DAGs    # Errors  Last Runtime    Last Run               Last # of DB Queries
--------------------------------  -----  ---------  --------  ----------  --------------  -------------------  ----------------------
/opt/airflow/dags/bash_python.py                           1           0  0.11s           2026-08-06T08:07:59                      10
================================================================================
[2026-08-06T08:08:49.829+0000] {manager.py:997} INFO - 
================================================================================
DAG File Processing Stats

File Path                         PID    Runtime      # DAGs    # Errors  Last Runtime    Last Run               Last # of DB Queries
--------------------------------  -----  ---------  --------  ----------  --------------  -------------------  ----------------------
/opt/airflow/dags/bash_python.py                           1           0  0.11s           2026-08-06T08:08:29                      10
================================================================================
[2026-08-06T08:09:20.038+0000] {manager.py:997} INFO - 
================================================================================
DAG File Processing Stats

File Path                         PID    Runtime      # DAGs    # Errors  Last Runtime    Last Run               Last # of DB Queries
--------------------------------  -----  ---------  --------  ----------  --------------  -------------------  ----------------------
/opt/airflow/dags/bash_python.py                           1           0  0.09s           2026-08-06T08:08:59                      10
================================================================================
[2026-08-06T08:09:50.267+0000] {manager.py:997} INFO - 
================================================================================
DAG File Processing Stats

File Path                         PID    Runtime      # DAGs    # Errors  Last Runtime    Last Run               Last # of DB Queries
--------------------------------  -----  ---------  --------  ----------  --------------  -------------------  ----------------------
/opt/airflow/dags/bash_python.py                           1           0  0.10s           2026-08-06T08:09:30                      10
================================================================================
[2026-08-06T08:10:20.488+0000] {manager.py:997} INFO - 
================================================================================
DAG File Processing Stats

File Path                         PID    Runtime      # DAGs    # Errors  Last Runtime    Last Run               Last # of DB Queries
--------------------------------  -----  ---------  --------  ----------  --------------  -------------------  ----------------------
/opt/airflow/dags/bash_python.py                           1           0  0.11s           2026-08-06T08:10:00                      10
================================================================================
[2026-08-06T08:10:50.760+0000] {manager.py:997} INFO - 
================================================================================
DAG File Processing Stats

File Path                         PID    Runtime      # DAGs    # Errors  Last Runtime    Last Run               Last # of DB Queries
--------------------------------  -----  ---------  --------  ----------  --------------  -------------------  ----------------------
/opt/airflow/dags/bash_python.py                           1           0  0.13s           2026-08-06T08:10:30                      10
================================================================================
[2026-08-06T08:11:20.962+0000] {manager.py:997} INFO - 
================================================================================
DAG File Processing Stats

File Path                         PID    Runtime      # DAGs    # Errors  Last Runtime    Last Run               Last # of DB Queries
--------------------------------  -----  ---------  --------  ----------  --------------  -------------------  ----------------------
/opt/airflow/dags/bash_python.py                           1           0  0.11s           2026-08-06T08:11:00                      10
================================================================================
[2026-08-06T08:11:51.214+0000] {manager.py:997} INFO - 
================================================================================
DAG File Processing Stats

File Path                         PID    Runtime      # DAGs    # Errors  Last Runtime    Last Run               Last # of DB Queries
--------------------------------  -----  ---------  --------  ----------  --------------  -------------------  ----------------------
/opt/airflow/dags/bash_python.py                           1           0  0.10s           2026-08-06T08:11:31                      10
================================================================================
[2026-08-06T08:12:07.332+0000] {manager.py:821} INFO - Searching for files in /opt/airflow/dags
[2026-08-06T08:12:07.349+0000] {manager.py:824} INFO - There are 1 files in /opt/airflow/dags
[2026-08-06T08:12:21.452+0000] {manager.py:997} INFO - 
================================================================================
DAG File Processing Stats

File Path                         PID    Runtime      # DAGs    # Errors  Last Runtime    Last Run               Last # of DB Queries
--------------------------------  -----  ---------  --------  ----------  --------------  -------------------  ----------------------
/opt/airflow/dags/bash_python.py                           1           0  0.10s           2026-08-06T08:12:01                      10
================================================================================
[2026-08-06T08:12:51.679+0000] {manager.py:997} INFO - 
================================================================================
DAG File Processing Stats

File Path                         PID    Runtime      # DAGs    # Errors  Last Runtime    Last Run               Last # of DB Queries
--------------------------------  -----  ---------  --------  ----------  --------------  -------------------  ----------------------
/opt/airflow/dags/bash_python.py                           1           0  0.16s           2026-08-06T08:12:31                      10
================================================================================
[2026-08-06T08:13:21.982+0000] {manager.py:997} INFO - 
================================================================================
DAG File Processing Stats

File Path                         PID    Runtime      # DAGs    # Errors  Last Runtime    Last Run               Last # of DB Queries
--------------------------------  -----  ---------  --------  ----------  --------------  -------------------  ----------------------
/opt/airflow/dags/bash_python.py                           1           0  0.12s           2026-08-06T08:13:01                      10
================================================================================
[2026-08-06T08:13:52.215+0000] {manager.py:997} INFO - 
================================================================================
DAG File Processing Stats

File Path                         PID    Runtime      # DAGs    # Errors  Last Runtime    Last Run               Last # of DB Queries
--------------------------------  -----  ---------  --------  ----------  --------------  -------------------  ----------------------
/opt/airflow/dags/bash_python.py                           1           0  0.11s           2026-08-06T08:13:32                      10
================================================================================
[2026-08-06T08:14:22.481+0000] {manager.py:997} INFO - 
================================================================================
DAG File Processing Stats

File Path                         PID    Runtime      # DAGs    # Errors  Last Runtime    Last Run               Last # of DB Queries
--------------------------------  -----  ---------  --------  ----------  --------------  -------------------  ----------------------
/opt/airflow/dags/bash_python.py                           1           0  0.12s           2026-08-06T08:14:02                      10
================================================================================
[2026-08-06T08:14:52.697+0000] {manager.py:997} INFO - 
================================================================================
DAG File Processing Stats

File Path                         PID    Runtime      # DAGs    # Errors  Last Runtime    Last Run               Last # of DB Queries
--------------------------------  -----  ---------  --------  ----------  --------------  -------------------  ----------------------
/opt/airflow/dags/bash_python.py                           1           0  0.10s           2026-08-06T08:14:32                      10
================================================================================
[2026-08-06T08:15:22.936+0000] {manager.py:997} INFO - 
================================================================================
DAG File Processing Stats

File Path                         PID    Runtime      # DAGs    # Errors  Last Runtime    Last Run               Last # of DB Queries
--------------------------------  -----  ---------  --------  ----------  --------------  -------------------  ----------------------
/opt/airflow/dags/bash_python.py                           1           0  0.09s           2026-08-06T08:15:02                      10
================================================================================
[2026-08-06T08:15:53.154+0000] {manager.py:997} INFO - 
================================================================================
DAG File Processing Stats

File Path                         PID    Runtime      # DAGs    # Errors  Last Runtime    Last Run               Last # of DB Queries
--------------------------------  -----  ---------  --------  ----------  --------------  -------------------  ----------------------
/opt/airflow/dags/bash_python.py                           1           0  0.12s           2026-08-06T08:15:33                      10
================================================================================
[2026-08-06T08:16:23.416+0000] {manager.py:997} INFO - 
================================================================================
DAG File Processing Stats

File Path                         PID    Runtime      # DAGs    # Errors  Last Runtime    Last Run               Last # of DB Queries
--------------------------------  -----  ---------  --------  ----------  --------------  -------------------  ----------------------
/opt/airflow/dags/bash_python.py                           1           0  0.10s           2026-08-06T08:16:03                      10
================================================================================
[2026-08-06T08:16:53.633+0000] {manager.py:997} INFO - 
================================================================================
DAG File Processing Stats

File Path                         PID    Runtime      # DAGs    # Errors  Last Runtime    Last Run               Last # of DB Queries
--------------------------------  -----  ---------  --------  ----------  --------------  -------------------  ----------------------
/opt/airflow/dags/bash_python.py                           1           0  0.12s           2026-08-06T08:16:33                      10
================================================================================
[2026-08-06T08:17:07.809+0000] {manager.py:821} INFO - Searching for files in /opt/airflow/dags
[2026-08-06T08:17:07.826+0000] {manager.py:824} INFO - There are 1 files in /opt/airflow/dags
[2026-08-06T08:17:23.945+0000] {manager.py:997} INFO - 
================================================================================
DAG File Processing Stats

File Path                         PID    Runtime      # DAGs    # Errors  Last Runtime    Last Run               Last # of DB Queries
--------------------------------  -----  ---------  --------  ----------  --------------  -------------------  ----------------------
/opt/airflow/dags/bash_python.py                           1           0  0.13s           2026-08-06T08:17:03                      10
================================================================================
[2026-08-06T08:17:54.155+0000] {manager.py:997} INFO - 
================================================================================
DAG File Processing Stats

File Path                         PID    Runtime      # DAGs    # Errors  Last Runtime    Last Run               Last # of DB Queries
--------------------------------  -----  ---------  --------  ----------  --------------  -------------------  ----------------------
/opt/airflow/dags/bash_python.py                           1           0  0.12s           2026-08-06T08:17:34                      10
================================================================================
[2026-08-06T08:18:24.413+0000] {manager.py:997} INFO - 
================================================================================
DAG File Processing Stats

File Path                         PID    Runtime      # DAGs    # Errors  Last Runtime    Last Run               Last # of DB Queries
--------------------------------  -----  ---------  --------  ----------  --------------  -------------------  ----------------------
/opt/airflow/dags/bash_python.py                           1           0  0.12s           2026-08-06T08:18:04                      10
================================================================================
[2026-08-06T08:18:54.632+0000] {manager.py:997} INFO - 
================================================================================
DAG File Processing Stats

File Path                         PID    Runtime      # DAGs    # Errors  Last Runtime    Last Run               Last # of DB Queries
--------------------------------  -----  ---------  --------  ----------  --------------  -------------------  ----------------------
/opt/airflow/dags/bash_python.py                           1           0  0.10s           2026-08-06T08:18:34                      10
================================================================================
[2026-08-06T08:19:24.872+0000] {manager.py:997} INFO - 
================================================================================
DAG File Processing Stats

File Path                         PID    Runtime      # DAGs    # Errors  Last Runtime    Last Run               Last # of DB Queries
--------------------------------  -----  ---------  --------  ----------  --------------  -------------------  ----------------------
/opt/airflow/dags/bash_python.py                           1           0  0.11s           2026-08-06T08:19:04                      10
================================================================================
[2026-08-06T08:19:55.101+0000] {manager.py:997} INFO - 
================================================================================
DAG File Processing Stats

File Path                         PID    Runtime      # DAGs    # Errors  Last Runtime    Last Run               Last # of DB Queries
--------------------------------  -----  ---------  --------  ----------  --------------  -------------------  ----------------------
/opt/airflow/dags/bash_python.py                           1           0  0.15s           2026-08-06T08:19:35                      10
================================================================================
[2026-08-06T08:20:25.394+0000] {manager.py:997} INFO - 
================================================================================
DAG File Processing Stats

File Path                         PID    Runtime      # DAGs    # Errors  Last Runtime    Last Run               Last # of DB Queries
--------------------------------  -----  ---------  --------  ----------  --------------  -------------------  ----------------------
/opt/airflow/dags/bash_python.py                           1           0  0.12s           2026-08-06T08:20:05                      10
================================================================================
[2026-08-06T08:20:55.624+0000] {manager.py:997} INFO - 
================================================================================
DAG File Processing Stats

File Path                         PID    Runtime      # DAGs    # Errors  Last Runtime    Last Run               Last # of DB Queries
--------------------------------  -----  ---------  --------  ----------  --------------  -------------------  ----------------------
/opt/airflow/dags/bash_python.py                           1           0  0.13s           2026-08-06T08:20:35                      10
================================================================================
[2026-08-06T08:21:25.905+0000] {manager.py:997} INFO - 
================================================================================
DAG File Processing Stats

File Path                         PID    Runtime      # DAGs    # Errors  Last Runtime    Last Run               Last # of DB Queries
--------------------------------  -----  ---------  --------  ----------  --------------  -------------------  ----------------------
/opt/airflow/dags/bash_python.py                           1           0  0.13s           2026-08-06T08:21:05                      10
================================================================================
[2026-08-06T08:21:56.108+0000] {manager.py:997} INFO - 
================================================================================
DAG File Processing Stats

File Path                         PID    Runtime      # DAGs    # Errors  Last Runtime    Last Run               Last # of DB Queries
--------------------------------  -----  ---------  --------  ----------  --------------  -------------------  ----------------------
/opt/airflow/dags/bash_python.py                           1           0  0.09s           2026-08-06T08:21:36                      10
================================================================================
[2026-08-06T08:22:08.230+0000] {manager.py:821} INFO - Searching for files in /opt/airflow/dags
[2026-08-06T08:22:08.245+0000] {manager.py:824} INFO - There are 1 files in /opt/airflow/dags
[2026-08-06T08:22:26.374+0000] {manager.py:997} INFO - 
================================================================================
DAG File Processing Stats

File Path                         PID    Runtime      # DAGs    # Errors  Last Runtime    Last Run               Last # of DB Queries
--------------------------------  -----  ---------  --------  ----------  --------------  -------------------  ----------------------
/opt/airflow/dags/bash_python.py                           1           0  0.10s           2026-08-06T08:22:06                      10
================================================================================
[2026-08-06T08:22:56.573+0000] {manager.py:997} INFO - 
================================================================================
DAG File Processing Stats

File Path                         PID    Runtime      # DAGs    # Errors  Last Runtime    Last Run               Last # of DB Queries
--------------------------------  -----  ---------  --------  ----------  --------------  -------------------  ----------------------
/opt/airflow/dags/bash_python.py                           1           0  0.10s           2026-08-06T08:22:36                      10
================================================================================
[2026-08-06T08:23:26.816+0000] {manager.py:997} INFO - 
================================================================================
DAG File Processing Stats

File Path                         PID    Runtime      # DAGs    # Errors  Last Runtime    Last Run               Last # of DB Queries
--------------------------------  -----  ---------  --------  ----------  --------------  -------------------  ----------------------
/opt/airflow/dags/bash_python.py                           1           0  0.09s           2026-08-06T08:23:06                      10
================================================================================
[2026-08-06T08:23:57.014+0000] {manager.py:997} INFO - 
================================================================================
DAG File Processing Stats

File Path                         PID    Runtime      # DAGs    # Errors  Last Runtime    Last Run               Last # of DB Queries
--------------------------------  -----  ---------  --------  ----------  --------------  -------------------  ----------------------
/opt/airflow/dags/bash_python.py                           1           0  0.09s           2026-08-06T08:23:36                      10
================================================================================
[2026-08-06T08:24:27.242+0000] {manager.py:997} INFO - 
================================================================================
DAG File Processing Stats

File Path                         PID    Runtime      # DAGs    # Errors  Last Runtime    Last Run               Last # of DB Queries
--------------------------------  -----  ---------  --------  ----------  --------------  -------------------  ----------------------
/opt/airflow/dags/bash_python.py                           1           0  0.10s           2026-08-06T08:24:07                      10
================================================================================
[2026-08-06T08:24:57.471+0000] {manager.py:997} INFO - 
================================================================================
DAG File Processing Stats

File Path                         PID    Runtime      # DAGs    # Errors  Last Runtime    Last Run               Last # of DB Queries
--------------------------------  -----  ---------  --------  ----------  --------------  -------------------  ----------------------
/opt/airflow/dags/bash_python.py                           1           0  0.11s           2026-08-06T08:24:37                      10
================================================================================
[2026-08-06T08:25:27.726+0000] {manager.py:997} INFO - 
================================================================================
DAG File Processing Stats

File Path                         PID    Runtime      # DAGs    # Errors  Last Runtime    Last Run               Last # of DB Queries
--------------------------------  -----  ---------  --------  ----------  --------------  -------------------  ----------------------
/opt/airflow/dags/bash_python.py                           1           0  0.11s           2026-08-06T08:25:07                      10
================================================================================
[2026-08-06T08:25:57.957+0000] {manager.py:997} INFO - 
================================================================================
DAG File Processing Stats

File Path                         PID    Runtime      # DAGs    # Errors  Last Runtime    Last Run               Last # of DB Queries
--------------------------------  -----  ---------  --------  ----------  --------------  -------------------  ----------------------
/opt/airflow/dags/bash_python.py                           1           0  0.11s           2026-08-06T08:25:37                      10
================================================================================
[2026-08-06T08:26:28.220+0000] {manager.py:997} INFO - 
================================================================================
DAG File Processing Stats

File Path                         PID    Runtime      # DAGs    # Errors  Last Runtime    Last Run               Last # of DB Queries
--------------------------------  -----  ---------  --------  ----------  --------------  -------------------  ----------------------
/opt/airflow/dags/bash_python.py                           1           0  0.11s           2026-08-06T08:26:08                      10
================================================================================
[2026-08-06T08:26:58.414+0000] {manager.py:997} INFO - 
================================================================================
DAG File Processing Stats

File Path                         PID    Runtime      # DAGs    # Errors  Last Runtime    Last Run               Last # of DB Queries
--------------------------------  -----  ---------  --------  ----------  --------------  -------------------  ----------------------
/opt/airflow/dags/bash_python.py                           1           0  0.10s           2026-08-06T08:26:38                      10
================================================================================
[2026-08-06T08:27:08.477+0000] {manager.py:821} INFO - Searching for files in /opt/airflow/dags
[2026-08-06T08:27:08.492+0000] {manager.py:824} INFO - There are 1 files in /opt/airflow/dags
[2026-08-06T08:27:28.650+0000] {manager.py:997} INFO - 
================================================================================
DAG File Processing Stats

File Path                         PID    Runtime      # DAGs    # Errors  Last Runtime    Last Run               Last # of DB Queries
--------------------------------  -----  ---------  --------  ----------  --------------  -------------------  ----------------------
/opt/airflow/dags/bash_python.py                           1           0  0.10s           2026-08-06T08:27:08                      10
================================================================================
[2026-08-06T08:27:58.861+0000] {manager.py:997} INFO - 
================================================================================
DAG File Processing Stats

File Path                         PID    Runtime      # DAGs    # Errors  Last Runtime    Last Run               Last # of DB Queries
--------------------------------  -----  ---------  --------  ----------  --------------  -------------------  ----------------------
/opt/airflow/dags/bash_python.py                           1           0  0.09s           2026-08-06T08:27:38                      10
================================================================================
[2026-08-06T08:28:29.073+0000] {manager.py:997} INFO - 
================================================================================
DAG File Processing Stats

File Path                         PID    Runtime      # DAGs    # Errors  Last Runtime    Last Run               Last # of DB Queries
--------------------------------  -----  ---------  --------  ----------  --------------  -------------------  ----------------------
/opt/airflow/dags/bash_python.py                           1           0  0.09s           2026-08-06T08:28:09                      10
================================================================================
[2026-08-06T08:28:59.299+0000] {manager.py:997} INFO - 
================================================================================
DAG File Processing Stats

File Path                         PID    Runtime      # DAGs    # Errors  Last Runtime    Last Run               Last # of DB Queries
--------------------------------  -----  ---------  --------  ----------  --------------  -------------------  ----------------------
/opt/airflow/dags/bash_python.py                           1           0  0.11s           2026-08-06T08:28:39                      10
================================================================================
[2026-08-06T08:29:29.540+0000] {manager.py:997} INFO - 
================================================================================
DAG File Processing Stats

File Path                         PID    Runtime      # DAGs    # Errors  Last Runtime    Last Run               Last # of DB Queries
--------------------------------  -----  ---------  --------  ----------  --------------  -------------------  ----------------------
/opt/airflow/dags/bash_python.py                           1           0  0.10s           2026-08-06T08:29:09                      10
================================================================================
[2026-08-06T08:29:59.755+0000] {manager.py:997} INFO - 
================================================================================
DAG File Processing Stats

File Path                         PID    Runtime      # DAGs    # Errors  Last Runtime    Last Run               Last # of DB Queries
--------------------------------  -----  ---------  --------  ----------  --------------  -------------------  ----------------------
/opt/airflow/dags/bash_python.py                           1           0  0.13s           2026-08-06T08:29:39                      10
================================================================================
[2026-08-06T08:30:30.041+0000] {manager.py:997} INFO - 
================================================================================
DAG File Processing Stats

File Path                         PID    Runtime      # DAGs    # Errors  Last Runtime    Last Run               Last # of DB Queries
--------------------------------  -----  ---------  --------  ----------  --------------  -------------------  ----------------------
/opt/airflow/dags/bash_python.py                           1           0  0.13s           2026-08-06T08:30:09                      10
================================================================================
[2026-08-06T08:31:00.256+0000] {manager.py:997} INFO - 
================================================================================
DAG File Processing Stats

File Path                         PID    Runtime      # DAGs    # Errors  Last Runtime    Last Run               Last # of DB Queries
--------------------------------  -----  ---------  --------  ----------  --------------  -------------------  ----------------------
/opt/airflow/dags/bash_python.py                           1           0  0.09s           2026-08-06T08:30:40                      10
================================================================================
[2026-08-06T08:31:30.495+0000] {manager.py:997} INFO - 
================================================================================
DAG File Processing Stats

File Path                         PID    Runtime      # DAGs    # Errors  Last Runtime    Last Run               Last # of DB Queries
--------------------------------  -----  ---------  --------  ----------  --------------  -------------------  ----------------------
/opt/airflow/dags/bash_python.py                           1           0  0.12s           2026-08-06T08:31:10                      10
================================================================================
[2026-08-06T08:32:00.727+0000] {manager.py:997} INFO - 
================================================================================
DAG File Processing Stats

File Path                         PID    Runtime      # DAGs    # Errors  Last Runtime    Last Run               Last # of DB Queries
--------------------------------  -----  ---------  --------  ----------  --------------  -------------------  ----------------------
/opt/airflow/dags/bash_python.py                           1           0  0.10s           2026-08-06T08:31:40                      10
================================================================================
[2026-08-06T08:32:08.772+0000] {manager.py:821} INFO - Searching for files in /opt/airflow/dags
[2026-08-06T08:32:08.786+0000] {manager.py:824} INFO - There are 1 files in /opt/airflow/dags
[2026-08-06T08:32:30.946+0000] {manager.py:997} INFO - 
================================================================================
DAG File Processing Stats

File Path                         PID    Runtime      # DAGs    # Errors  Last Runtime    Last Run               Last # of DB Queries
--------------------------------  -----  ---------  --------  ----------  --------------  -------------------  ----------------------
/opt/airflow/dags/bash_python.py                           1           0  0.09s           2026-08-06T08:32:10                      10
================================================================================
[2026-08-06T08:33:01.170+0000] {manager.py:997} INFO - 
================================================================================
DAG File Processing Stats

File Path                         PID    Runtime      # DAGs    # Errors  Last Runtime    Last Run               Last # of DB Queries
--------------------------------  -----  ---------  --------  ----------  --------------  -------------------  ----------------------
/opt/airflow/dags/bash_python.py                           1           0  0.09s           2026-08-06T08:32:41                      10
================================================================================
[2026-08-06T08:33:31.363+0000] {manager.py:997} INFO - 
================================================================================
DAG File Processing Stats

File Path                         PID    Runtime      # DAGs    # Errors  Last Runtime    Last Run               Last # of DB Queries
--------------------------------  -----  ---------  --------  ----------  --------------  -------------------  ----------------------
/opt/airflow/dags/bash_python.py                           1           0  0.10s           2026-08-06T08:33:11                      10
================================================================================
[2026-08-06T08:34:01.604+0000] {manager.py:997} INFO - 
================================================================================
DAG File Processing Stats

File Path                         PID    Runtime      # DAGs    # Errors  Last Runtime    Last Run               Last # of DB Queries
--------------------------------  -----  ---------  --------  ----------  --------------  -------------------  ----------------------
/opt/airflow/dags/bash_python.py                           1           0  0.09s           2026-08-06T08:33:41                      10
================================================================================
[2026-08-06T08:34:31.812+0000] {manager.py:997} INFO - 
================================================================================
DAG File Processing Stats

File Path                         PID    Runtime      # DAGs    # Errors  Last Runtime    Last Run               Last # of DB Queries
--------------------------------  -----  ---------  --------  ----------  --------------  -------------------  ----------------------
/opt/airflow/dags/bash_python.py                           1           0  0.13s           2026-08-06T08:34:11                      10
================================================================================
[2026-08-06T08:35:02.077+0000] {manager.py:997} INFO - 
================================================================================
DAG File Processing Stats

File Path                         PID    Runtime      # DAGs    # Errors  Last Runtime    Last Run               Last # of DB Queries
--------------------------------  -----  ---------  --------  ----------  --------------  -------------------  ----------------------
/opt/airflow/dags/bash_python.py                           1           0  0.09s           2026-08-06T08:34:41                      10
================================================================================
[2026-08-06T08:35:32.275+0000] {manager.py:997} INFO - 
================================================================================
DAG File Processing Stats

File Path                         PID    Runtime      # DAGs    # Errors  Last Runtime    Last Run               Last # of DB Queries
--------------------------------  -----  ---------  --------  ----------  --------------  -------------------  ----------------------
/opt/airflow/dags/bash_python.py                           1           0  0.09s           2026-08-06T08:35:12                      10
================================================================================
[2026-08-06T08:36:02.509+0000] {manager.py:997} INFO - 
================================================================================
DAG File Processing Stats

File Path                         PID    Runtime      # DAGs    # Errors  Last Runtime    Last Run               Last # of DB Queries
--------------------------------  -----  ---------  --------  ----------  --------------  -------------------  ----------------------
/opt/airflow/dags/bash_python.py                           1           0  0.09s           2026-08-06T08:35:42                      10
================================================================================
[2026-08-06T08:36:32.729+0000] {manager.py:997} INFO - 
================================================================================
DAG File Processing Stats

File Path                         PID    Runtime      # DAGs    # Errors  Last Runtime    Last Run               Last # of DB Queries
--------------------------------  -----  ---------  --------  ----------  --------------  -------------------  ----------------------
/opt/airflow/dags/bash_python.py                           1           0  0.12s           2026-08-06T08:36:12                      10
================================================================================
[2026-08-06T08:37:02.997+0000] {manager.py:997} INFO - 
================================================================================
DAG File Processing Stats

File Path                         PID    Runtime      # DAGs    # Errors  Last Runtime    Last Run               Last # of DB Queries
--------------------------------  -----  ---------  --------  ----------  --------------  -------------------  ----------------------
/opt/airflow/dags/bash_python.py                           1           0  0.11s           2026-08-06T08:36:42                      10
================================================================================
[2026-08-06T08:37:09.035+0000] {manager.py:821} INFO - Searching for files in /opt/airflow/dags
[2026-08-06T08:37:09.053+0000] {manager.py:824} INFO - There are 1 files in /opt/airflow/dags
[2026-08-06T08:37:33.239+0000] {manager.py:997} INFO - 
================================================================================
DAG File Processing Stats

File Path                         PID    Runtime      # DAGs    # Errors  Last Runtime    Last Run               Last # of DB Queries
--------------------------------  -----  ---------  --------  ----------  --------------  -------------------  ----------------------
/opt/airflow/dags/bash_python.py                           1           0  0.13s           2026-08-06T08:37:13                      10
================================================================================
[2026-08-06T08:38:03.510+0000] {manager.py:997} INFO - 
================================================================================
DAG File Processing Stats

File Path                         PID    Runtime      # DAGs    # Errors  Last Runtime    Last Run               Last # of DB Queries
--------------------------------  -----  ---------  --------  ----------  --------------  -------------------  ----------------------
/opt/airflow/dags/bash_python.py                           1           0  0.12s           2026-08-06T08:37:43                      10
================================================================================
[2026-08-06T08:38:33.719+0000] {manager.py:997} INFO - 
================================================================================
DAG File Processing Stats

File Path                         PID    Runtime      # DAGs    # Errors  Last Runtime    Last Run               Last # of DB Queries
--------------------------------  -----  ---------  --------  ----------  --------------  -------------------  ----------------------
/opt/airflow/dags/bash_python.py                           1           0  0.09s           2026-08-06T08:38:13                      10
================================================================================
[2026-08-06T08:39:03.960+0000] {manager.py:997} INFO - 
================================================================================
DAG File Processing Stats

File Path                         PID    Runtime      # DAGs    # Errors  Last Runtime    Last Run               Last # of DB Queries
--------------------------------  -----  ---------  --------  ----------  --------------  -------------------  ----------------------
/opt/airflow/dags/bash_python.py                           1           0  0.12s           2026-08-06T08:38:43                      10
================================================================================
[2026-08-06T08:39:34.199+0000] {manager.py:997} INFO - 
================================================================================
DAG File Processing Stats

File Path                         PID    Runtime      # DAGs    # Errors  Last Runtime    Last Run               Last # of DB Queries
--------------------------------  -----  ---------  --------  ----------  --------------  -------------------  ----------------------
/opt/airflow/dags/bash_python.py                           1           0  0.12s           2026-08-06T08:39:14                      10
================================================================================
[2026-08-06T08:40:04.439+0000] {manager.py:997} INFO - 
================================================================================
DAG File Processing Stats

File Path                         PID    Runtime      # DAGs    # Errors  Last Runtime    Last Run               Last # of DB Queries
--------------------------------  -----  ---------  --------  ----------  --------------  -------------------  ----------------------
/opt/airflow/dags/bash_python.py                           1           0  0.13s           2026-08-06T08:39:44                      10
================================================================================
[2026-08-06T08:40:34.707+0000] {manager.py:997} INFO - 
================================================================================
DAG File Processing Stats

File Path                         PID    Runtime      # DAGs    # Errors  Last Runtime    Last Run               Last # of DB Queries
--------------------------------  -----  ---------  --------  ----------  --------------  -------------------  ----------------------
/opt/airflow/dags/bash_python.py                           1           0  0.10s           2026-08-06T08:40:14                      10
================================================================================
[2026-08-06T08:41:04.938+0000] {manager.py:997} INFO - 
================================================================================
DAG File Processing Stats

File Path                         PID    Runtime      # DAGs    # Errors  Last Runtime    Last Run               Last # of DB Queries
--------------------------------  -----  ---------  --------  ----------  --------------  -------------------  ----------------------
/opt/airflow/dags/bash_python.py                           1           0  0.13s           2026-08-06T08:40:44                      10
================================================================================
[2026-08-06T08:41:35.212+0000] {manager.py:997} INFO - 
================================================================================
DAG File Processing Stats

File Path                         PID    Runtime      # DAGs    # Errors  Last Runtime    Last Run               Last # of DB Queries
--------------------------------  -----  ---------  --------  ----------  --------------  -------------------  ----------------------
/opt/airflow/dags/bash_python.py                           1           0  0.09s           2026-08-06T08:41:15                      10
================================================================================
[2026-08-06T08:42:05.422+0000] {manager.py:997} INFO - 
================================================================================
DAG File Processing Stats

File Path                         PID    Runtime      # DAGs    # Errors  Last Runtime    Last Run               Last # of DB Queries
--------------------------------  -----  ---------  --------  ----------  --------------  -------------------  ----------------------
/opt/airflow/dags/bash_python.py                           1           0  0.12s           2026-08-06T08:41:45                      10
================================================================================
[2026-08-06T08:42:09.445+0000] {manager.py:821} INFO - Searching for files in /opt/airflow/dags
[2026-08-06T08:42:09.459+0000] {manager.py:824} INFO - There are 1 files in /opt/airflow/dags
[2026-08-06T08:42:35.683+0000] {manager.py:997} INFO - 
================================================================================
DAG File Processing Stats

File Path                         PID    Runtime      # DAGs    # Errors  Last Runtime    Last Run               Last # of DB Queries
--------------------------------  -----  ---------  --------  ----------  --------------  -------------------  ----------------------
/opt/airflow/dags/bash_python.py                           1           0  0.12s           2026-08-06T08:42:15                      10
================================================================================
[2026-08-06T08:43:05.893+0000] {manager.py:997} INFO - 
================================================================================
DAG File Processing Stats

File Path                         PID    Runtime      # DAGs    # Errors  Last Runtime    Last Run               Last # of DB Queries
--------------------------------  -----  ---------  --------  ----------  --------------  -------------------  ----------------------
/opt/airflow/dags/bash_python.py                           1           0  0.10s           2026-08-06T08:42:45                      10
================================================================================
[2026-08-06T08:43:36.138+0000] {manager.py:997} INFO - 
================================================================================
DAG File Processing Stats

File Path                         PID    Runtime      # DAGs    # Errors  Last Runtime    Last Run               Last # of DB Queries
--------------------------------  -----  ---------  --------  ----------  --------------  -------------------  ----------------------
/opt/airflow/dags/bash_python.py                           1           0  0.12s           2026-08-06T08:43:16                      10
================================================================================
[2026-08-06T08:44:06.367+0000] {manager.py:997} INFO - 
================================================================================
DAG File Processing Stats

File Path                         PID    Runtime      # DAGs    # Errors  Last Runtime    Last Run               Last # of DB Queries
--------------------------------  -----  ---------  --------  ----------  --------------  -------------------  ----------------------
/opt/airflow/dags/bash_python.py                           1           0  0.09s           2026-08-06T08:43:46                      10
================================================================================
[2026-08-06T08:44:36.577+0000] {manager.py:997} INFO - 
================================================================================
DAG File Processing Stats

File Path                         PID    Runtime      # DAGs    # Errors  Last Runtime    Last Run               Last # of DB Queries
--------------------------------  -----  ---------  --------  ----------  --------------  -------------------  ----------------------
/opt/airflow/dags/bash_python.py                           1           0  0.10s           2026-08-06T08:44:16                      10
================================================================================
[2026-08-06T08:45:06.829+0000] {manager.py:997} INFO - 
================================================================================
DAG File Processing Stats

File Path                         PID    Runtime      # DAGs    # Errors  Last Runtime    Last Run               Last # of DB Queries
--------------------------------  -----  ---------  --------  ----------  --------------  -------------------  ----------------------
/opt/airflow/dags/bash_python.py                           1           0  0.10s           2026-08-06T08:44:46                      10
================================================================================
[2026-08-06T08:45:37.068+0000] {manager.py:997} INFO - 
================================================================================
DAG File Processing Stats

File Path                         PID    Runtime      # DAGs    # Errors  Last Runtime    Last Run               Last # of DB Queries
--------------------------------  -----  ---------  --------  ----------  --------------  -------------------  ----------------------
/opt/airflow/dags/bash_python.py                           1           0  0.13s           2026-08-06T08:45:17                      10
================================================================================
[2026-08-06T08:46:07.335+0000] {manager.py:997} INFO - 
================================================================================
DAG File Processing Stats

File Path                         PID    Runtime      # DAGs    # Errors  Last Runtime    Last Run               Last # of DB Queries
--------------------------------  -----  ---------  --------  ----------  --------------  -------------------  ----------------------
/opt/airflow/dags/bash_python.py                           1           0  0.12s           2026-08-06T08:45:47                      10
================================================================================
[2026-08-06T08:46:37.540+0000] {manager.py:997} INFO - 
================================================================================
DAG File Processing Stats

File Path                         PID    Runtime      # DAGs    # Errors  Last Runtime    Last Run               Last # of DB Queries
--------------------------------  -----  ---------  --------  ----------  --------------  -------------------  ----------------------
/opt/airflow/dags/bash_python.py                           1           0  0.10s           2026-08-06T08:46:17                      10
================================================================================
[2026-08-06T08:47:07.772+0000] {manager.py:997} INFO - 
================================================================================
DAG File Processing Stats

File Path                         PID    Runtime      # DAGs    # Errors  Last Runtime    Last Run               Last # of DB Queries
--------------------------------  -----  ---------  --------  ----------  --------------  -------------------  ----------------------
/opt/airflow/dags/bash_python.py                           1           0  0.10s           2026-08-06T08:46:47                      10
================================================================================
[2026-08-06T08:47:09.784+0000] {manager.py:821} INFO - Searching for files in /opt/airflow/dags
[2026-08-06T08:47:09.799+0000] {manager.py:824} INFO - There are 1 files in /opt/airflow/dags
[2026-08-06T08:47:38.000+0000] {manager.py:997} INFO - 
================================================================================
DAG File Processing Stats

File Path                         PID    Runtime      # DAGs    # Errors  Last Runtime    Last Run               Last # of DB Queries
--------------------------------  -----  ---------  --------  ----------  --------------  -------------------  ----------------------
/opt/airflow/dags/bash_python.py                           1           0  0.11s           2026-08-06T08:47:17                      10
================================================================================
[2026-08-06T08:48:08.253+0000] {manager.py:997} INFO - 
================================================================================
DAG File Processing Stats

File Path                         PID    Runtime      # DAGs    # Errors  Last Runtime    Last Run               Last # of DB Queries
--------------------------------  -----  ---------  --------  ----------  --------------  -------------------  ----------------------
/opt/airflow/dags/bash_python.py                           1           0  0.10s           2026-08-06T08:47:48                      10
================================================================================
[2026-08-06T08:48:38.467+0000] {manager.py:997} INFO - 
================================================================================
DAG File Processing Stats

File Path                         PID    Runtime      # DAGs    # Errors  Last Runtime    Last Run               Last # of DB Queries
--------------------------------  -----  ---------  --------  ----------  --------------  -------------------  ----------------------
/opt/airflow/dags/bash_python.py                           1           0  0.12s           2026-08-06T08:48:18                      10
================================================================================
[2026-08-06T08:49:08.729+0000] {manager.py:997} INFO - 
================================================================================
DAG File Processing Stats

File Path                         PID    Runtime      # DAGs    # Errors  Last Runtime    Last Run               Last # of DB Queries
--------------------------------  -----  ---------  --------  ----------  --------------  -------------------  ----------------------
/opt/airflow/dags/bash_python.py                           1           0  0.11s           2026-08-06T08:48:48                      10
================================================================================
[2026-08-06T08:49:38.927+0000] {manager.py:997} INFO - 
================================================================================
DAG File Processing Stats

File Path                         PID    Runtime      # DAGs    # Errors  Last Runtime    Last Run               Last # of DB Queries
--------------------------------  -----  ---------  --------  ----------  --------------  -------------------  ----------------------
/opt/airflow/dags/bash_python.py                           1           0  0.09s           2026-08-06T08:49:18                      10
================================================================================
[2026-08-06T08:50:09.147+0000] {manager.py:997} INFO - 
================================================================================
DAG File Processing Stats

File Path                         PID    Runtime      # DAGs    # Errors  Last Runtime    Last Run               Last # of DB Queries
--------------------------------  -----  ---------  --------  ----------  --------------  -------------------  ----------------------
/opt/airflow/dags/bash_python.py                           1           0  0.09s           2026-08-06T08:49:49                      10
================================================================================
[2026-08-06T08:50:39.367+0000] {manager.py:997} INFO - 
================================================================================
DAG File Processing Stats

File Path                         PID    Runtime      # DAGs    # Errors  Last Runtime    Last Run               Last # of DB Queries
--------------------------------  -----  ---------  --------  ----------  --------------  -------------------  ----------------------
/opt/airflow/dags/bash_python.py                           1           0  0.10s           2026-08-06T08:50:19                      10
================================================================================
[2026-08-06T08:51:09.631+0000] {manager.py:997} INFO - 
================================================================================
DAG File Processing Stats

File Path                         PID    Runtime      # DAGs    # Errors  Last Runtime    Last Run               Last # of DB Queries
--------------------------------  -----  ---------  --------  ----------  --------------  -------------------  ----------------------
/opt/airflow/dags/bash_python.py                           1           0  0.11s           2026-08-06T08:50:49                      10
================================================================================
[2026-08-06T08:51:39.859+0000] {manager.py:997} INFO - 
================================================================================
DAG File Processing Stats

File Path                         PID    Runtime      # DAGs    # Errors  Last Runtime    Last Run               Last # of DB Queries
--------------------------------  -----  ---------  --------  ----------  --------------  -------------------  ----------------------
/opt/airflow/dags/bash_python.py                           1           0  0.12s           2026-08-06T08:51:19                      10
================================================================================
[2026-08-06T08:52:10.158+0000] {manager.py:821} INFO - Searching for files in /opt/airflow/dags
[2026-08-06T08:52:10.176+0000] {manager.py:824} INFO - There are 1 files in /opt/airflow/dags
[2026-08-06T08:52:10.187+0000] {manager.py:997} INFO - 
================================================================================
DAG File Processing Stats

File Path                         PID    Runtime      # DAGs    # Errors  Last Runtime    Last Run               Last # of DB Queries
--------------------------------  -----  ---------  --------  ----------  --------------  -------------------  ----------------------
/opt/airflow/dags/bash_python.py                           1           0  0.15s           2026-08-06T08:51:50                      10
================================================================================
[2026-08-06T08:52:40.506+0000] {manager.py:997} INFO - 
================================================================================
DAG File Processing Stats

File Path                         PID    Runtime      # DAGs    # Errors  Last Runtime    Last Run               Last # of DB Queries
--------------------------------  -----  ---------  --------  ----------  --------------  -------------------  ----------------------
/opt/airflow/dags/bash_python.py                           1           0  0.18s           2026-08-06T08:52:20                      10
================================================================================
[2026-08-06T08:53:10.825+0000] {manager.py:997} INFO - 
================================================================================
DAG File Processing Stats

File Path                         PID    Runtime      # DAGs    # Errors  Last Runtime    Last Run               Last # of DB Queries
--------------------------------  -----  ---------  --------  ----------  --------------  -------------------  ----------------------
/opt/airflow/dags/bash_python.py                           1           0  0.17s           2026-08-06T08:52:50                      10
================================================================================
[2026-08-06T08:53:41.129+0000] {manager.py:997} INFO - 
================================================================================
DAG File Processing Stats

File Path                         PID    Runtime      # DAGs    # Errors  Last Runtime    Last Run               Last # of DB Queries
--------------------------------  -----  ---------  --------  ----------  --------------  -------------------  ----------------------
/opt/airflow/dags/bash_python.py                           1           0  0.13s           2026-08-06T08:53:21                      10
================================================================================
[2026-08-06T08:54:11.439+0000] {manager.py:997} INFO - 
================================================================================
DAG File Processing Stats

File Path                         PID    Runtime      # DAGs    # Errors  Last Runtime    Last Run               Last # of DB Queries
--------------------------------  -----  ---------  --------  ----------  --------------  -------------------  ----------------------
/opt/airflow/dags/bash_python.py                           1           0  0.17s           2026-08-06T08:53:51                      10
================================================================================
[2026-08-06T08:54:41.780+0000] {manager.py:997} INFO - 
================================================================================
DAG File Processing Stats

File Path                         PID    Runtime      # DAGs    # Errors  Last Runtime    Last Run               Last # of DB Queries
--------------------------------  -----  ---------  --------  ----------  --------------  -------------------  ----------------------
/opt/airflow/dags/bash_python.py                           1           0  0.18s           2026-08-06T08:54:21                      10
================================================================================
[2026-08-06T08:55:12.097+0000] {manager.py:997} INFO - 
================================================================================
DAG File Processing Stats

File Path                         PID    Runtime      # DAGs    # Errors  Last Runtime    Last Run               Last # of DB Queries
--------------------------------  -----  ---------  --------  ----------  --------------  -------------------  ----------------------
/opt/airflow/dags/bash_python.py                           1           0  0.17s           2026-08-06T08:54:52                      10
================================================================================
[2026-08-06T08:55:42.414+0000] {manager.py:997} INFO - 
================================================================================
DAG File Processing Stats

File Path                         PID    Runtime      # DAGs    # Errors  Last Runtime    Last Run               Last # of DB Queries
--------------------------------  -----  ---------  --------  ----------  --------------  -------------------  ----------------------
/opt/airflow/dags/bash_python.py                           1           0  0.13s           2026-08-06T08:55:22                      10
================================================================================
[2026-08-06T08:56:12.676+0000] {manager.py:997} INFO - 
================================================================================
DAG File Processing Stats

File Path                         PID    Runtime      # DAGs    # Errors  Last Runtime    Last Run               Last # of DB Queries
--------------------------------  -----  ---------  --------  ----------  --------------  -------------------  ----------------------
/opt/airflow/dags/bash_python.py                           1           0  0.13s           2026-08-06T08:55:52                      10
================================================================================
[2026-08-06T08:56:42.982+0000] {manager.py:997} INFO - 
================================================================================
DAG File Processing Stats

File Path                         PID    Runtime      # DAGs    # Errors  Last Runtime    Last Run               Last # of DB Queries
--------------------------------  -----  ---------  --------  ----------  --------------  -------------------  ----------------------
/opt/airflow/dags/bash_python.py                           1           0  0.19s           2026-08-06T08:56:22                      10
================================================================================
[2026-08-06T08:57:10.279+0000] {manager.py:821} INFO - Searching for files in /opt/airflow/dags
[2026-08-06T08:57:10.296+0000] {manager.py:824} INFO - There are 1 files in /opt/airflow/dags
[2026-08-06T08:57:13.332+0000] {manager.py:997} INFO - 
================================================================================
DAG File Processing Stats

File Path                         PID    Runtime      # DAGs    # Errors  Last Runtime    Last Run               Last # of DB Queries
--------------------------------  -----  ---------  --------  ----------  --------------  -------------------  ----------------------
/opt/airflow/dags/bash_python.py                           1           0  0.14s           2026-08-06T08:56:53                      10
================================================================================
[2026-08-06T12:59:48.186+0000] {manager.py:821} INFO - Searching for files in /opt/airflow/dags
[2026-08-06T12:59:48.235+0000] {manager.py:824} INFO - There are 1 files in /opt/airflow/dags
[2026-08-06T12:59:49.013+0000] {manager.py:997} INFO - 
================================================================================
DAG File Processing Stats

File Path                           PID  Runtime      # DAGs    # Errors  Last Runtime    Last Run               Last # of DB Queries
--------------------------------  -----  ---------  --------  ----------  --------------  -------------------  ----------------------
/opt/airflow/dags/bash_python.py   1185  0.66s             1           0  0.16s           2026-08-06T08:57:23                      10
================================================================================
[2026-08-06T13:00:19.282+0000] {manager.py:997} INFO - 
================================================================================
DAG File Processing Stats

File Path                           PID  Runtime      # DAGs    # Errors  Last Runtime    Last Run               Last # of DB Queries
--------------------------------  -----  ---------  --------  ----------  --------------  -------------------  ----------------------
/opt/airflow/dags/bash_python.py   1190  0.01s             1           0  0.68s           2026-08-06T12:59:49                      10
================================================================================
[2026-08-06T13:00:45.854+0000] {manager.py:997} INFO - 
================================================================================
DAG File Processing Stats

File Path                         PID    Runtime      # DAGs    # Errors  Last Runtime    Last Run               Last # of DB Queries
--------------------------------  -----  ---------  --------  ----------  --------------  -------------------  ----------------------
/opt/airflow/dags/bash_python.py                           1           0  0.17s           2026-08-06T13:00:19                      10
================================================================================
[2026-08-06T13:01:16.200+0000] {manager.py:997} INFO - 
================================================================================
DAG File Processing Stats

File Path                         PID    Runtime      # DAGs    # Errors  Last Runtime    Last Run               Last # of DB Queries
--------------------------------  -----  ---------  --------  ----------  --------------  -------------------  ----------------------
/opt/airflow/dags/bash_python.py                           1           0  0.19s           2026-08-06T13:00:50                      10
================================================================================
[2026-08-06T13:01:46.551+0000] {manager.py:997} INFO - 
================================================================================
DAG File Processing Stats

File Path                         PID    Runtime      # DAGs    # Errors  Last Runtime    Last Run               Last # of DB Queries
--------------------------------  -----  ---------  --------  ----------  --------------  -------------------  ----------------------
/opt/airflow/dags/bash_python.py                           1           0  0.15s           2026-08-06T13:01:20                      10
================================================================================
[2026-08-06T13:02:16.819+0000] {manager.py:997} INFO - 
================================================================================
DAG File Processing Stats

File Path                         PID    Runtime      # DAGs    # Errors  Last Runtime    Last Run               Last # of DB Queries
--------------------------------  -----  ---------  --------  ----------  --------------  -------------------  ----------------------
/opt/airflow/dags/bash_python.py                           1           0  0.17s           2026-08-06T13:01:50                      10
================================================================================
[2026-08-06T13:02:47.175+0000] {manager.py:997} INFO - 
================================================================================
DAG File Processing Stats

File Path                         PID    Runtime      # DAGs    # Errors  Last Runtime    Last Run               Last # of DB Queries
--------------------------------  -----  ---------  --------  ----------  --------------  -------------------  ----------------------
/opt/airflow/dags/bash_python.py                           1           0  0.17s           2026-08-06T13:02:21                      10
================================================================================
[2026-08-06T13:03:17.463+0000] {manager.py:997} INFO - 
================================================================================
DAG File Processing Stats

File Path                         PID    Runtime      # DAGs    # Errors  Last Runtime    Last Run               Last # of DB Queries
--------------------------------  -----  ---------  --------  ----------  --------------  -------------------  ----------------------
/opt/airflow/dags/bash_python.py                           1           0  0.23s           2026-08-06T13:02:51                      10
================================================================================
[2026-08-06T13:03:47.741+0000] {manager.py:997} INFO - 
================================================================================
DAG File Processing Stats

File Path                         PID    Runtime      # DAGs    # Errors  Last Runtime    Last Run               Last # of DB Queries
--------------------------------  -----  ---------  --------  ----------  --------------  -------------------  ----------------------
/opt/airflow/dags/bash_python.py                           1           0  0.17s           2026-08-06T13:03:21                      10
================================================================================
[2026-08-06T13:04:18.113+0000] {manager.py:997} INFO - 
================================================================================
DAG File Processing Stats

File Path                         PID    Runtime      # DAGs    # Errors  Last Runtime    Last Run               Last # of DB Queries
--------------------------------  -----  ---------  --------  ----------  --------------  -------------------  ----------------------
/opt/airflow/dags/bash_python.py                           1           0  0.21s           2026-08-06T13:03:51                      10
================================================================================
[2026-08-06T13:04:48.402+0000] {manager.py:821} INFO - Searching for files in /opt/airflow/dags
[2026-08-06T13:04:48.421+0000] {manager.py:824} INFO - There are 1 files in /opt/airflow/dags
[2026-08-06T13:04:48.435+0000] {manager.py:997} INFO - 
================================================================================
DAG File Processing Stats

File Path                         PID    Runtime      # DAGs    # Errors  Last Runtime    Last Run               Last # of DB Queries
--------------------------------  -----  ---------  --------  ----------  --------------  -------------------  ----------------------
/opt/airflow/dags/bash_python.py                           1           0  0.15s           2026-08-06T13:04:22                      10
================================================================================
[2026-08-06T13:05:18.747+0000] {manager.py:997} INFO - 
================================================================================
DAG File Processing Stats

File Path                         PID    Runtime      # DAGs    # Errors  Last Runtime    Last Run               Last # of DB Queries
--------------------------------  -----  ---------  --------  ----------  --------------  -------------------  ----------------------
/opt/airflow/dags/bash_python.py                           1           0  0.16s           2026-08-06T13:04:52                      10
================================================================================
[2026-08-06T13:05:49.075+0000] {manager.py:997} INFO - 
================================================================================
DAG File Processing Stats

File Path                         PID    Runtime      # DAGs    # Errors  Last Runtime    Last Run               Last # of DB Queries
--------------------------------  -----  ---------  --------  ----------  --------------  -------------------  ----------------------
/opt/airflow/dags/bash_python.py                           1           0  0.21s           2026-08-06T13:05:22                      10
================================================================================
[2026-08-06T13:06:19.435+0000] {manager.py:997} INFO - 
================================================================================
DAG File Processing Stats

File Path                         PID    Runtime      # DAGs    # Errors  Last Runtime    Last Run               Last # of DB Queries
--------------------------------  -----  ---------  --------  ----------  --------------  -------------------  ----------------------
/opt/airflow/dags/bash_python.py                           1           0  0.20s           2026-08-06T13:05:53                      10
================================================================================
[2026-08-06T13:06:49.783+0000] {manager.py:997} INFO - 
================================================================================
DAG File Processing Stats

File Path                         PID    Runtime      # DAGs    # Errors  Last Runtime    Last Run               Last # of DB Queries
--------------------------------  -----  ---------  --------  ----------  --------------  -------------------  ----------------------
/opt/airflow/dags/bash_python.py                           1           0  0.15s           2026-08-06T13:06:23                      10
================================================================================
[2026-08-06T13:07:20.092+0000] {manager.py:997} INFO - 
================================================================================
DAG File Processing Stats

File Path                         PID    Runtime      # DAGs    # Errors  Last Runtime    Last Run               Last # of DB Queries
--------------------------------  -----  ---------  --------  ----------  --------------  -------------------  ----------------------
/opt/airflow/dags/bash_python.py                           1           0  0.15s           2026-08-06T13:06:53                      10
================================================================================
[2026-08-06T13:07:50.422+0000] {manager.py:997} INFO - 
================================================================================
DAG File Processing Stats

File Path                         PID    Runtime      # DAGs    # Errors  Last Runtime    Last Run               Last # of DB Queries
--------------------------------  -----  ---------  --------  ----------  --------------  -------------------  ----------------------
/opt/airflow/dags/bash_python.py                           1           0  0.18s           2026-08-06T13:07:24                      10
================================================================================
[2026-08-06T13:08:20.749+0000] {manager.py:997} INFO - 
================================================================================
DAG File Processing Stats

File Path                         PID    Runtime      # DAGs    # Errors  Last Runtime    Last Run               Last # of DB Queries
--------------------------------  -----  ---------  --------  ----------  --------------  -------------------  ----------------------
/opt/airflow/dags/bash_python.py                           1           0  0.22s           2026-08-06T13:07:54                      10
================================================================================
[2026-08-06T13:08:51.134+0000] {manager.py:997} INFO - 
================================================================================
DAG File Processing Stats

File Path                         PID    Runtime      # DAGs    # Errors  Last Runtime    Last Run               Last # of DB Queries
--------------------------------  -----  ---------  --------  ----------  --------------  -------------------  ----------------------
/opt/airflow/dags/bash_python.py                           1           0  0.18s           2026-08-06T13:08:24                      10
================================================================================
[2026-08-06T13:09:21.410+0000] {manager.py:997} INFO - 
================================================================================
DAG File Processing Stats

File Path                         PID    Runtime      # DAGs    # Errors  Last Runtime    Last Run               Last # of DB Queries
--------------------------------  -----  ---------  --------  ----------  --------------  -------------------  ----------------------
/opt/airflow/dags/bash_python.py                           1           0  0.17s           2026-08-06T13:08:55                      10
================================================================================
[2026-08-06T13:09:48.775+0000] {manager.py:821} INFO - Searching for files in /opt/airflow/dags
[2026-08-06T13:09:48.797+0000] {manager.py:824} INFO - There are 1 files in /opt/airflow/dags
[2026-08-06T13:09:51.846+0000] {manager.py:997} INFO - 
================================================================================
DAG File Processing Stats

File Path                         PID    Runtime      # DAGs    # Errors  Last Runtime    Last Run               Last # of DB Queries
--------------------------------  -----  ---------  --------  ----------  --------------  -------------------  ----------------------
/opt/airflow/dags/bash_python.py                           1           0  0.19s           2026-08-06T13:09:25                      10
================================================================================
[2026-08-06T13:10:22.114+0000] {manager.py:997} INFO - 
================================================================================
DAG File Processing Stats

File Path                         PID    Runtime      # DAGs    # Errors  Last Runtime    Last Run               Last # of DB Queries
--------------------------------  -----  ---------  --------  ----------  --------------  -------------------  ----------------------
/opt/airflow/dags/bash_python.py                           1           0  0.17s           2026-08-06T13:09:56                      10
================================================================================
[2026-08-06T13:10:52.483+0000] {manager.py:997} INFO - 
================================================================================
DAG File Processing Stats

File Path                         PID    Runtime      # DAGs    # Errors  Last Runtime    Last Run               Last # of DB Queries
--------------------------------  -----  ---------  --------  ----------  --------------  -------------------  ----------------------
/opt/airflow/dags/bash_python.py                           1           0  0.17s           2026-08-06T13:10:26                      10
================================================================================
[2026-08-06T13:11:22.759+0000] {manager.py:997} INFO - 
================================================================================
DAG File Processing Stats

File Path                         PID    Runtime      # DAGs    # Errors  Last Runtime    Last Run               Last # of DB Queries
--------------------------------  -----  ---------  --------  ----------  --------------  -------------------  ----------------------
/opt/airflow/dags/bash_python.py                           1           0  0.18s           2026-08-06T13:10:56                      10
================================================================================
[2026-08-06T13:11:53.160+0000] {manager.py:997} INFO - 
================================================================================
DAG File Processing Stats

File Path                         PID    Runtime      # DAGs    # Errors  Last Runtime    Last Run               Last # of DB Queries
--------------------------------  -----  ---------  --------  ----------  --------------  -------------------  ----------------------
/opt/airflow/dags/bash_python.py                           1           0  0.22s           2026-08-06T13:11:27                      10
================================================================================
[2026-08-06T13:12:23.462+0000] {manager.py:997} INFO - 
================================================================================
DAG File Processing Stats

File Path                         PID    Runtime      # DAGs    # Errors  Last Runtime    Last Run               Last # of DB Queries
--------------------------------  -----  ---------  --------  ----------  --------------  -------------------  ----------------------
/opt/airflow/dags/bash_python.py                           1           0  0.16s           2026-08-06T13:11:57                      10
================================================================================
[2026-08-06T13:12:53.802+0000] {manager.py:997} INFO - 
================================================================================
DAG File Processing Stats

File Path                         PID    Runtime      # DAGs    # Errors  Last Runtime    Last Run               Last # of DB Queries
--------------------------------  -----  ---------  --------  ----------  --------------  -------------------  ----------------------
/opt/airflow/dags/bash_python.py                           1           0  0.14s           2026-08-06T13:12:27                      10
================================================================================
[2026-08-06T13:13:24.098+0000] {manager.py:997} INFO - 
================================================================================
DAG File Processing Stats

File Path                         PID    Runtime      # DAGs    # Errors  Last Runtime    Last Run               Last # of DB Queries
--------------------------------  -----  ---------  --------  ----------  --------------  -------------------  ----------------------
/opt/airflow/dags/bash_python.py                           1           0  0.17s           2026-08-06T13:12:58                      10
================================================================================
[2026-08-06T13:13:54.478+0000] {manager.py:997} INFO - 
================================================================================
DAG File Processing Stats

File Path                         PID    Runtime      # DAGs    # Errors  Last Runtime    Last Run               Last # of DB Queries
--------------------------------  -----  ---------  --------  ----------  --------------  -------------------  ----------------------
/opt/airflow/dags/bash_python.py                           1           0  0.15s           2026-08-06T13:13:28                      10
================================================================================
[2026-08-06T13:14:24.762+0000] {manager.py:997} INFO - 
================================================================================
DAG File Processing Stats

File Path                         PID    Runtime      # DAGs    # Errors  Last Runtime    Last Run               Last # of DB Queries
--------------------------------  -----  ---------  --------  ----------  --------------  -------------------  ----------------------
/opt/airflow/dags/bash_python.py                           1           0  0.17s           2026-08-06T13:13:58                      10
================================================================================
[2026-08-06T13:14:49.076+0000] {manager.py:821} INFO - Searching for files in /opt/airflow/dags
[2026-08-06T13:14:49.094+0000] {manager.py:824} INFO - There are 1 files in /opt/airflow/dags
[2026-08-06T13:14:55.153+0000] {manager.py:997} INFO - 
================================================================================
DAG File Processing Stats

File Path                         PID    Runtime      # DAGs    # Errors  Last Runtime    Last Run               Last # of DB Queries
--------------------------------  -----  ---------  --------  ----------  --------------  -------------------  ----------------------
/opt/airflow/dags/bash_python.py                           1           0  0.18s           2026-08-06T13:14:28                      10
================================================================================
[2026-08-06T13:15:25.436+0000] {manager.py:997} INFO - 
================================================================================
DAG File Processing Stats

File Path                         PID    Runtime      # DAGs    # Errors  Last Runtime    Last Run               Last # of DB Queries
--------------------------------  -----  ---------  --------  ----------  --------------  -------------------  ----------------------
/opt/airflow/dags/bash_python.py                           1           0  0.17s           2026-08-06T13:14:59                      10
================================================================================
[2026-08-06T13:15:55.812+0000] {manager.py:997} INFO - 
================================================================================
DAG File Processing Stats

File Path                         PID    Runtime      # DAGs    # Errors  Last Runtime    Last Run               Last # of DB Queries
--------------------------------  -----  ---------  --------  ----------  --------------  -------------------  ----------------------
/opt/airflow/dags/bash_python.py                           1           0  0.17s           2026-08-06T13:15:29                      10
================================================================================
[2026-08-06T13:16:26.102+0000] {manager.py:997} INFO - 
================================================================================
DAG File Processing Stats

File Path                         PID    Runtime      # DAGs    # Errors  Last Runtime    Last Run               Last # of DB Queries
--------------------------------  -----  ---------  --------  ----------  --------------  -------------------  ----------------------
/opt/airflow/dags/bash_python.py                           1           0  0.18s           2026-08-06T13:16:00                      10
================================================================================
[2026-08-06T13:16:56.468+0000] {manager.py:997} INFO - 
================================================================================
DAG File Processing Stats

File Path                         PID    Runtime      # DAGs    # Errors  Last Runtime    Last Run               Last # of DB Queries
--------------------------------  -----  ---------  --------  ----------  --------------  -------------------  ----------------------
/opt/airflow/dags/bash_python.py                           1           0  0.17s           2026-08-06T13:16:30                      10
================================================================================
[2026-08-06T13:17:26.751+0000] {manager.py:997} INFO - 
================================================================================
DAG File Processing Stats

File Path                         PID    Runtime      # DAGs    # Errors  Last Runtime    Last Run               Last # of DB Queries
--------------------------------  -----  ---------  --------  ----------  --------------  -------------------  ----------------------
/opt/airflow/dags/bash_python.py                           1           0  0.17s           2026-08-06T13:17:00                      10
================================================================================
[2026-08-06T13:17:57.117+0000] {manager.py:997} INFO - 
================================================================================
DAG File Processing Stats

File Path                         PID    Runtime      # DAGs    # Errors  Last Runtime    Last Run               Last # of DB Queries
--------------------------------  -----  ---------  --------  ----------  --------------  -------------------  ----------------------
/opt/airflow/dags/bash_python.py                           1           0  0.17s           2026-08-06T13:17:30                      10
================================================================================
[2026-08-06T13:18:27.419+0000] {manager.py:997} INFO - 
================================================================================
DAG File Processing Stats

File Path                         PID    Runtime      # DAGs    # Errors  Last Runtime    Last Run               Last # of DB Queries
--------------------------------  -----  ---------  --------  ----------  --------------  -------------------  ----------------------
/opt/airflow/dags/bash_python.py                           1           0  0.18s           2026-08-06T13:18:01                      10
================================================================================
[2026-08-06T13:18:57.779+0000] {manager.py:997} INFO - 
================================================================================
DAG File Processing Stats

File Path                         PID    Runtime      # DAGs    # Errors  Last Runtime    Last Run               Last # of DB Queries
--------------------------------  -----  ---------  --------  ----------  --------------  -------------------  ----------------------
/opt/airflow/dags/bash_python.py                           1           0  0.12s           2026-08-06T13:18:31                      10
================================================================================
[2026-08-06T13:19:28.025+0000] {manager.py:997} INFO - 
================================================================================
DAG File Processing Stats

File Path                         PID    Runtime      # DAGs    # Errors  Last Runtime    Last Run               Last # of DB Queries
--------------------------------  -----  ---------  --------  ----------  --------------  -------------------  ----------------------
/opt/airflow/dags/bash_python.py                           1           0  0.14s           2026-08-06T13:19:01                      10
================================================================================
[2026-08-06T13:19:49.351+0000] {manager.py:821} INFO - Searching for files in /opt/airflow/dags
[2026-08-06T13:19:49.372+0000] {manager.py:824} INFO - There are 1 files in /opt/airflow/dags
[2026-08-06T13:19:58.477+0000] {manager.py:997} INFO - 
================================================================================
DAG File Processing Stats

File Path                         PID    Runtime      # DAGs    # Errors  Last Runtime    Last Run               Last # of DB Queries
--------------------------------  -----  ---------  --------  ----------  --------------  -------------------  ----------------------
/opt/airflow/dags/bash_python.py                           1           0  0.26s           2026-08-06T13:19:32                      10
================================================================================
[2026-08-06T13:20:28.762+0000] {manager.py:997} INFO - 
================================================================================
DAG File Processing Stats

File Path                         PID    Runtime      # DAGs    # Errors  Last Runtime    Last Run               Last # of DB Queries
--------------------------------  -----  ---------  --------  ----------  --------------  -------------------  ----------------------
/opt/airflow/dags/bash_python.py                           1           0  0.18s           2026-08-06T13:20:02                      10
================================================================================
[2026-08-06T13:20:59.125+0000] {manager.py:997} INFO - 
================================================================================
DAG File Processing Stats

File Path                         PID    Runtime      # DAGs    # Errors  Last Runtime    Last Run               Last # of DB Queries
--------------------------------  -----  ---------  --------  ----------  --------------  -------------------  ----------------------
/opt/airflow/dags/bash_python.py                           1           0  0.19s           2026-08-06T13:20:32                      10
================================================================================
[2026-08-06T13:21:29.458+0000] {manager.py:997} INFO - 
================================================================================
DAG File Processing Stats

File Path                         PID    Runtime      # DAGs    # Errors  Last Runtime    Last Run               Last # of DB Queries
--------------------------------  -----  ---------  --------  ----------  --------------  -------------------  ----------------------
/opt/airflow/dags/bash_python.py                           1           0  0.18s           2026-08-06T13:21:03                      10
================================================================================
[2026-08-06T13:21:59.837+0000] {manager.py:997} INFO - 
================================================================================
DAG File Processing Stats

File Path                         PID    Runtime      # DAGs    # Errors  Last Runtime    Last Run               Last # of DB Queries
--------------------------------  -----  ---------  --------  ----------  --------------  -------------------  ----------------------
/opt/airflow/dags/bash_python.py                           1           0  0.19s           2026-08-06T13:21:33                      10
================================================================================
[2026-08-06T13:22:30.130+0000] {manager.py:997} INFO - 
================================================================================
DAG File Processing Stats

File Path                         PID    Runtime      # DAGs    # Errors  Last Runtime    Last Run               Last # of DB Queries
--------------------------------  -----  ---------  --------  ----------  --------------  -------------------  ----------------------
/opt/airflow/dags/bash_python.py                           1           0  0.17s           2026-08-06T13:22:04                      10
================================================================================
[2026-08-06T13:23:00.518+0000] {manager.py:997} INFO - 
================================================================================
DAG File Processing Stats

File Path                         PID    Runtime      # DAGs    # Errors  Last Runtime    Last Run               Last # of DB Queries
--------------------------------  -----  ---------  --------  ----------  --------------  -------------------  ----------------------
/opt/airflow/dags/bash_python.py                           1           0  0.18s           2026-08-06T13:22:34                      10
================================================================================
[2026-08-06T13:23:30.798+0000] {manager.py:997} INFO - 
================================================================================
DAG File Processing Stats

File Path                         PID    Runtime      # DAGs    # Errors  Last Runtime    Last Run               Last # of DB Queries
--------------------------------  -----  ---------  --------  ----------  --------------  -------------------  ----------------------
/opt/airflow/dags/bash_python.py                           1           0  0.15s           2026-08-06T13:23:04                      10
================================================================================
[2026-08-06T13:24:01.142+0000] {manager.py:997} INFO - 
================================================================================
DAG File Processing Stats

File Path                         PID    Runtime      # DAGs    # Errors  Last Runtime    Last Run               Last # of DB Queries
--------------------------------  -----  ---------  --------  ----------  --------------  -------------------  ----------------------
/opt/airflow/dags/bash_python.py                           1           0  0.17s           2026-08-06T13:23:35                      10
================================================================================
[2026-08-06T13:24:31.443+0000] {manager.py:997} INFO - 
================================================================================
DAG File Processing Stats

File Path                         PID    Runtime      # DAGs    # Errors  Last Runtime    Last Run               Last # of DB Queries
--------------------------------  -----  ---------  --------  ----------  --------------  -------------------  ----------------------
/opt/airflow/dags/bash_python.py                           1           0  0.23s           2026-08-06T13:24:05                      10
================================================================================
[2026-08-06T13:24:49.769+0000] {manager.py:821} INFO - Searching for files in /opt/airflow/dags
[2026-08-06T13:24:49.790+0000] {manager.py:824} INFO - There are 1 files in /opt/airflow/dags
[2026-08-06T13:25:01.898+0000] {manager.py:997} INFO - 
================================================================================
DAG File Processing Stats

File Path                         PID    Runtime      # DAGs    # Errors  Last Runtime    Last Run               Last # of DB Queries
--------------------------------  -----  ---------  --------  ----------  --------------  -------------------  ----------------------
/opt/airflow/dags/bash_python.py                           1           0  0.18s           2026-08-06T13:24:35                      10
================================================================================
[2026-08-06T13:25:32.173+0000] {manager.py:997} INFO - 
================================================================================
DAG File Processing Stats

File Path                         PID    Runtime      # DAGs    # Errors  Last Runtime    Last Run               Last # of DB Queries
--------------------------------  -----  ---------  --------  ----------  --------------  -------------------  ----------------------
/opt/airflow/dags/bash_python.py                           1           0  0.17s           2026-08-06T13:25:06                      10
================================================================================
[2026-08-06T13:26:02.548+0000] {manager.py:997} INFO - 
================================================================================
DAG File Processing Stats

File Path                         PID    Runtime      # DAGs    # Errors  Last Runtime    Last Run               Last # of DB Queries
--------------------------------  -----  ---------  --------  ----------  --------------  -------------------  ----------------------
/opt/airflow/dags/bash_python.py                           1           0  0.18s           2026-08-06T13:25:36                      10
================================================================================
[2026-08-06T13:26:32.838+0000] {manager.py:997} INFO - 
================================================================================
DAG File Processing Stats

File Path                         PID    Runtime      # DAGs    # Errors  Last Runtime    Last Run               Last # of DB Queries
--------------------------------  -----  ---------  --------  ----------  --------------  -------------------  ----------------------
/opt/airflow/dags/bash_python.py                           1           0  0.18s           2026-08-06T13:26:06                      10
================================================================================
[2026-08-06T13:27:03.209+0000] {manager.py:997} INFO - 
================================================================================
DAG File Processing Stats

File Path                         PID    Runtime      # DAGs    # Errors  Last Runtime    Last Run               Last # of DB Queries
--------------------------------  -----  ---------  --------  ----------  --------------  -------------------  ----------------------
/opt/airflow/dags/bash_python.py                           1           0  0.18s           2026-08-06T13:26:37                      10
================================================================================
[2026-08-06T13:27:33.501+0000] {manager.py:997} INFO - 
================================================================================
DAG File Processing Stats

File Path                         PID    Runtime      # DAGs    # Errors  Last Runtime    Last Run               Last # of DB Queries
--------------------------------  -----  ---------  --------  ----------  --------------  -------------------  ----------------------
/opt/airflow/dags/bash_python.py                           1           0  0.16s           2026-08-06T13:27:07                      10
================================================================================
[2026-08-06T13:28:03.856+0000] {manager.py:997} INFO - 
================================================================================
DAG File Processing Stats

File Path                         PID    Runtime      # DAGs    # Errors  Last Runtime    Last Run               Last # of DB Queries
--------------------------------  -----  ---------  --------  ----------  --------------  -------------------  ----------------------
/opt/airflow/dags/bash_python.py                           1           0  0.21s           2026-08-06T13:27:37                      10
================================================================================
[2026-08-06T13:28:34.177+0000] {manager.py:997} INFO - 
================================================================================
DAG File Processing Stats

File Path                         PID    Runtime      # DAGs    # Errors  Last Runtime    Last Run               Last # of DB Queries
--------------------------------  -----  ---------  --------  ----------  --------------  -------------------  ----------------------
/opt/airflow/dags/bash_python.py                           1           0  0.16s           2026-08-06T13:28:08                      10
================================================================================
[2026-08-06T13:29:04.492+0000] {manager.py:997} INFO - 
================================================================================
DAG File Processing Stats

File Path                         PID    Runtime      # DAGs    # Errors  Last Runtime    Last Run               Last # of DB Queries
--------------------------------  -----  ---------  --------  ----------  --------------  -------------------  ----------------------
/opt/airflow/dags/bash_python.py                           1           0  0.17s           2026-08-06T13:28:38                      10
================================================================================
[2026-08-06T13:29:34.828+0000] {manager.py:997} INFO - 
================================================================================
DAG File Processing Stats

File Path                         PID    Runtime      # DAGs    # Errors  Last Runtime    Last Run               Last # of DB Queries
--------------------------------  -----  ---------  --------  ----------  --------------  -------------------  ----------------------
/opt/airflow/dags/bash_python.py                           1           0  0.15s           2026-08-06T13:29:08                      10
================================================================================
[2026-08-06T13:29:50.009+0000] {manager.py:821} INFO - Searching for files in /opt/airflow/dags
[2026-08-06T13:29:50.031+0000] {manager.py:824} INFO - There are 1 files in /opt/airflow/dags
[2026-08-06T13:30:05.160+0000] {manager.py:997} INFO - 
================================================================================
DAG File Processing Stats

File Path                         PID    Runtime      # DAGs    # Errors  Last Runtime    Last Run               Last # of DB Queries
--------------------------------  -----  ---------  --------  ----------  --------------  -------------------  ----------------------
/opt/airflow/dags/bash_python.py                           1           0  0.17s           2026-08-06T13:29:39                      10
================================================================================
[2026-08-06T13:30:35.475+0000] {manager.py:997} INFO - 
================================================================================
DAG File Processing Stats

File Path                         PID    Runtime      # DAGs    # Errors  Last Runtime    Last Run               Last # of DB Queries
--------------------------------  -----  ---------  --------  ----------  --------------  -------------------  ----------------------
/opt/airflow/dags/bash_python.py                           1           0  0.17s           2026-08-06T13:30:09                      10
================================================================================
[2026-08-06T13:31:05.842+0000] {manager.py:997} INFO - 
================================================================================
DAG File Processing Stats

File Path                         PID    Runtime      # DAGs    # Errors  Last Runtime    Last Run               Last # of DB Queries
--------------------------------  -----  ---------  --------  ----------  --------------  -------------------  ----------------------
/opt/airflow/dags/bash_python.py                           1           0  0.17s           2026-08-06T13:30:39                      10
================================================================================
[2026-08-06T13:31:36.132+0000] {manager.py:997} INFO - 
================================================================================
DAG File Processing Stats

File Path                         PID    Runtime      # DAGs    # Errors  Last Runtime    Last Run               Last # of DB Queries
--------------------------------  -----  ---------  --------  ----------  --------------  -------------------  ----------------------
/opt/airflow/dags/bash_python.py                           1           0  0.16s           2026-08-06T13:31:10                      10
================================================================================
[2026-08-06T13:32:06.468+0000] {manager.py:997} INFO - 
================================================================================
DAG File Processing Stats

File Path                         PID    Runtime      # DAGs    # Errors  Last Runtime    Last Run               Last # of DB Queries
--------------------------------  -----  ---------  --------  ----------  --------------  -------------------  ----------------------
/opt/airflow/dags/bash_python.py                           1           0  0.16s           2026-08-06T13:31:40                      10
================================================================================
[2026-08-06T13:32:36.776+0000] {manager.py:997} INFO - 
================================================================================
DAG File Processing Stats

File Path                         PID    Runtime      # DAGs    # Errors  Last Runtime    Last Run               Last # of DB Queries
--------------------------------  -----  ---------  --------  ----------  --------------  -------------------  ----------------------
/opt/airflow/dags/bash_python.py                           1           0  0.18s           2026-08-06T13:32:10                      10
================================================================================
[2026-08-06T13:33:07.129+0000] {manager.py:997} INFO - 
================================================================================
DAG File Processing Stats

File Path                         PID    Runtime      # DAGs    # Errors  Last Runtime    Last Run               Last # of DB Queries
--------------------------------  -----  ---------  --------  ----------  --------------  -------------------  ----------------------
/opt/airflow/dags/bash_python.py                           1           0  0.17s           2026-08-06T13:32:40                      10
================================================================================
[2026-08-06T13:33:37.444+0000] {manager.py:997} INFO - 
================================================================================
DAG File Processing Stats

File Path                         PID    Runtime      # DAGs    # Errors  Last Runtime    Last Run               Last # of DB Queries
--------------------------------  -----  ---------  --------  ----------  --------------  -------------------  ----------------------
/opt/airflow/dags/bash_python.py                           1           0  0.16s           2026-08-06T13:33:11                      10
================================================================================
[2026-08-06T13:34:07.767+0000] {manager.py:997} INFO - 
================================================================================
DAG File Processing Stats

File Path                         PID    Runtime      # DAGs    # Errors  Last Runtime    Last Run               Last # of DB Queries
--------------------------------  -----  ---------  --------  ----------  --------------  -------------------  ----------------------
/opt/airflow/dags/bash_python.py                           1           0  0.17s           2026-08-06T13:33:41                      10
================================================================================
[2026-08-06T13:34:38.101+0000] {manager.py:997} INFO - 
================================================================================
DAG File Processing Stats

File Path                         PID    Runtime      # DAGs    # Errors  Last Runtime    Last Run               Last # of DB Queries
--------------------------------  -----  ---------  --------  ----------  --------------  -------------------  ----------------------
/opt/airflow/dags/bash_python.py                           1           0  0.19s           2026-08-06T13:34:11                      10
================================================================================
[2026-08-06T13:34:50.282+0000] {manager.py:821} INFO - Searching for files in /opt/airflow/dags
[2026-08-06T13:34:50.304+0000] {manager.py:824} INFO - There are 1 files in /opt/airflow/dags
[2026-08-06T13:35:08.457+0000] {manager.py:997} INFO - 
================================================================================
DAG File Processing Stats

File Path                         PID    Runtime      # DAGs    # Errors  Last Runtime    Last Run               Last # of DB Queries
--------------------------------  -----  ---------  --------  ----------  --------------  -------------------  ----------------------
/opt/airflow/dags/bash_python.py                           1           0  0.19s           2026-08-06T13:34:42                      10
================================================================================
[2026-08-06T13:35:38.754+0000] {manager.py:997} INFO - 
================================================================================
DAG File Processing Stats

File Path                         PID    Runtime      # DAGs    # Errors  Last Runtime    Last Run               Last # of DB Queries
--------------------------------  -----  ---------  --------  ----------  --------------  -------------------  ----------------------
/opt/airflow/dags/bash_python.py                           1           0  0.18s           2026-08-06T13:35:12                      10
================================================================================
[2026-08-06T13:36:09.134+0000] {manager.py:997} INFO - 
================================================================================
DAG File Processing Stats

File Path                         PID    Runtime      # DAGs    # Errors  Last Runtime    Last Run               Last # of DB Queries
--------------------------------  -----  ---------  --------  ----------  --------------  -------------------  ----------------------
/opt/airflow/dags/bash_python.py                           1           0  0.18s           2026-08-06T13:35:42                      10
================================================================================
[2026-08-06T13:36:39.405+0000] {manager.py:997} INFO - 
================================================================================
DAG File Processing Stats

File Path                         PID    Runtime      # DAGs    # Errors  Last Runtime    Last Run               Last # of DB Queries
--------------------------------  -----  ---------  --------  ----------  --------------  -------------------  ----------------------
/opt/airflow/dags/bash_python.py                           1           0  0.15s           2026-08-06T13:36:13                      10
================================================================================
[2026-08-06T13:37:09.754+0000] {manager.py:997} INFO - 
================================================================================
DAG File Processing Stats

File Path                         PID    Runtime      # DAGs    # Errors  Last Runtime    Last Run               Last # of DB Queries
--------------------------------  -----  ---------  --------  ----------  --------------  -------------------  ----------------------
/opt/airflow/dags/bash_python.py                           1           0  0.18s           2026-08-06T13:36:43                      10
================================================================================
[2026-08-06T13:37:40.045+0000] {manager.py:997} INFO - 
================================================================================
DAG File Processing Stats

File Path                         PID    Runtime      # DAGs    # Errors  Last Runtime    Last Run               Last # of DB Queries
--------------------------------  -----  ---------  --------  ----------  --------------  -------------------  ----------------------
/opt/airflow/dags/bash_python.py                           1           0  0.16s           2026-08-06T13:37:13                      10
================================================================================
[2026-08-06T13:38:10.398+0000] {manager.py:997} INFO - 
================================================================================
DAG File Processing Stats

File Path                         PID    Runtime      # DAGs    # Errors  Last Runtime    Last Run               Last # of DB Queries
--------------------------------  -----  ---------  --------  ----------  --------------  -------------------  ----------------------
/opt/airflow/dags/bash_python.py                           1           0  0.18s           2026-08-06T13:37:44                      10
================================================================================
[2026-08-06T13:38:40.705+0000] {manager.py:997} INFO - 
================================================================================
DAG File Processing Stats

File Path                         PID    Runtime      # DAGs    # Errors  Last Runtime    Last Run               Last # of DB Queries
--------------------------------  -----  ---------  --------  ----------  --------------  -------------------  ----------------------
/opt/airflow/dags/bash_python.py                           1           0  0.18s           2026-08-06T13:38:14                      10
================================================================================
[2026-08-06T13:39:11.038+0000] {manager.py:997} INFO - 
================================================================================
DAG File Processing Stats

File Path                         PID    Runtime      # DAGs    # Errors  Last Runtime    Last Run               Last # of DB Queries
--------------------------------  -----  ---------  --------  ----------  --------------  -------------------  ----------------------
/opt/airflow/dags/bash_python.py                           1           0  0.18s           2026-08-06T13:38:44                      10
================================================================================
[2026-08-06T13:39:41.378+0000] {manager.py:997} INFO - 
================================================================================
DAG File Processing Stats

File Path                         PID    Runtime      # DAGs    # Errors  Last Runtime    Last Run               Last # of DB Queries
--------------------------------  -----  ---------  --------  ----------  --------------  -------------------  ----------------------
/opt/airflow/dags/bash_python.py                           1           0  0.17s           2026-08-06T13:39:15                      10
================================================================================
[2026-08-06T13:39:50.524+0000] {manager.py:821} INFO - Searching for files in /opt/airflow/dags
[2026-08-06T13:39:50.547+0000] {manager.py:824} INFO - There are 1 files in /opt/airflow/dags
[2026-08-06T13:40:11.741+0000] {manager.py:997} INFO - 
================================================================================
DAG File Processing Stats

File Path                         PID    Runtime      # DAGs    # Errors  Last Runtime    Last Run               Last # of DB Queries
--------------------------------  -----  ---------  --------  ----------  --------------  -------------------  ----------------------
/opt/airflow/dags/bash_python.py                           1           0  0.15s           2026-08-06T13:39:45                      10
================================================================================
[2026-08-06T13:40:42.014+0000] {manager.py:997} INFO - 
================================================================================
DAG File Processing Stats

File Path                         PID    Runtime      # DAGs    # Errors  Last Runtime    Last Run               Last # of DB Queries
--------------------------------  -----  ---------  --------  ----------  --------------  -------------------  ----------------------
/opt/airflow/dags/bash_python.py                           1           0  0.18s           2026-08-06T13:40:15                      10
================================================================================
[2026-08-06T13:41:12.424+0000] {manager.py:997} INFO - 
================================================================================
DAG File Processing Stats

File Path                         PID    Runtime      # DAGs    # Errors  Last Runtime    Last Run               Last # of DB Queries
--------------------------------  -----  ---------  --------  ----------  --------------  -------------------  ----------------------
/opt/airflow/dags/bash_python.py                           1           0  0.26s           2026-08-06T13:40:46                      10
================================================================================
[2026-08-06T13:41:42.750+0000] {manager.py:997} INFO - 
================================================================================
DAG File Processing Stats

File Path                         PID    Runtime      # DAGs    # Errors  Last Runtime    Last Run               Last # of DB Queries
--------------------------------  -----  ---------  --------  ----------  --------------  -------------------  ----------------------
/opt/airflow/dags/bash_python.py                           1           0  0.14s           2026-08-06T13:41:16                      10
================================================================================
[2026-08-06T13:42:13.042+0000] {manager.py:997} INFO - 
================================================================================
DAG File Processing Stats

File Path                         PID    Runtime      # DAGs    # Errors  Last Runtime    Last Run               Last # of DB Queries
--------------------------------  -----  ---------  --------  ----------  --------------  -------------------  ----------------------
/opt/airflow/dags/bash_python.py                           1           0  0.18s           2026-08-06T13:41:46                      10
================================================================================
[2026-08-06T13:42:43.425+0000] {manager.py:997} INFO - 
================================================================================
DAG File Processing Stats

File Path                         PID    Runtime      # DAGs    # Errors  Last Runtime    Last Run               Last # of DB Queries
--------------------------------  -----  ---------  --------  ----------  --------------  -------------------  ----------------------
/opt/airflow/dags/bash_python.py                           1           0  0.18s           2026-08-06T13:42:17                      10
================================================================================
[2026-08-06T13:43:13.710+0000] {manager.py:997} INFO - 
================================================================================
DAG File Processing Stats

File Path                         PID    Runtime      # DAGs    # Errors  Last Runtime    Last Run               Last # of DB Queries
--------------------------------  -----  ---------  --------  ----------  --------------  -------------------  ----------------------
/opt/airflow/dags/bash_python.py                           1           0  0.17s           2026-08-06T13:42:47                      10
================================================================================
[2026-08-06T13:43:44.070+0000] {manager.py:997} INFO - 
================================================================================
DAG File Processing Stats

File Path                         PID    Runtime      # DAGs    # Errors  Last Runtime    Last Run               Last # of DB Queries
--------------------------------  -----  ---------  --------  ----------  --------------  -------------------  ----------------------
/opt/airflow/dags/bash_python.py                           1           0  0.14s           2026-08-06T13:43:17                      10
================================================================================
[2026-08-06T13:44:14.349+0000] {manager.py:997} INFO - 
================================================================================
DAG File Processing Stats

File Path                         PID    Runtime      # DAGs    # Errors  Last Runtime    Last Run               Last # of DB Queries
--------------------------------  -----  ---------  --------  ----------  --------------  -------------------  ----------------------
/opt/airflow/dags/bash_python.py                           1           0  0.19s           2026-08-06T13:43:48                      10
================================================================================
[2026-08-06T13:44:44.740+0000] {manager.py:997} INFO - 
================================================================================
DAG File Processing Stats

File Path                         PID    Runtime      # DAGs    # Errors  Last Runtime    Last Run               Last # of DB Queries
--------------------------------  -----  ---------  --------  ----------  --------------  -------------------  ----------------------
/opt/airflow/dags/bash_python.py                           1           0  0.20s           2026-08-06T13:44:18                      10
================================================================================
[2026-08-06T13:44:50.860+0000] {manager.py:821} INFO - Searching for files in /opt/airflow/dags
[2026-08-06T13:44:50.879+0000] {manager.py:824} INFO - There are 1 files in /opt/airflow/dags
[2026-08-06T13:45:15.086+0000] {manager.py:997} INFO - 
================================================================================
DAG File Processing Stats

File Path                         PID    Runtime      # DAGs    # Errors  Last Runtime    Last Run               Last # of DB Queries
--------------------------------  -----  ---------  --------  ----------  --------------  -------------------  ----------------------
/opt/airflow/dags/bash_python.py                           1           0  0.17s           2026-08-06T13:44:48                      10
================================================================================
[2026-08-06T13:45:45.374+0000] {manager.py:997} INFO - 
================================================================================
DAG File Processing Stats

File Path                         PID    Runtime      # DAGs    # Errors  Last Runtime    Last Run               Last # of DB Queries
--------------------------------  -----  ---------  --------  ----------  --------------  -------------------  ----------------------
/opt/airflow/dags/bash_python.py                           1           0  0.17s           2026-08-06T13:45:19                      10
================================================================================
[2026-08-06T13:46:15.744+0000] {manager.py:997} INFO - 
================================================================================
DAG File Processing Stats

File Path                         PID    Runtime      # DAGs    # Errors  Last Runtime    Last Run               Last # of DB Queries
--------------------------------  -----  ---------  --------  ----------  --------------  -------------------  ----------------------
/opt/airflow/dags/bash_python.py                           1           0  0.17s           2026-08-06T13:45:49                      10
================================================================================
[2026-08-06T13:46:46.027+0000] {manager.py:997} INFO - 
================================================================================
DAG File Processing Stats

File Path                         PID    Runtime      # DAGs    # Errors  Last Runtime    Last Run               Last # of DB Queries
--------------------------------  -----  ---------  --------  ----------  --------------  -------------------  ----------------------
/opt/airflow/dags/bash_python.py                           1           0  0.16s           2026-08-06T13:46:19                      10
================================================================================
[2026-08-06T13:47:16.389+0000] {manager.py:997} INFO - 
================================================================================
DAG File Processing Stats

File Path                         PID    Runtime      # DAGs    # Errors  Last Runtime    Last Run               Last # of DB Queries
--------------------------------  -----  ---------  --------  ----------  --------------  -------------------  ----------------------
/opt/airflow/dags/bash_python.py                           1           0  0.17s           2026-08-06T13:46:50                      10
================================================================================
[2026-08-06T13:47:46.686+0000] {manager.py:997} INFO - 
================================================================================
DAG File Processing Stats

File Path                         PID    Runtime      # DAGs    # Errors  Last Runtime    Last Run               Last # of DB Queries
--------------------------------  -----  ---------  --------  ----------  --------------  -------------------  ----------------------
/opt/airflow/dags/bash_python.py                           1           0  0.17s           2026-08-06T13:47:20                      10
================================================================================
[2026-08-06T13:48:17.027+0000] {manager.py:997} INFO - 
================================================================================
DAG File Processing Stats

File Path                         PID    Runtime      # DAGs    # Errors  Last Runtime    Last Run               Last # of DB Queries
--------------------------------  -----  ---------  --------  ----------  --------------  -------------------  ----------------------
/opt/airflow/dags/bash_python.py                           1           0  0.21s           2026-08-06T13:47:50                      10
================================================================================
[2026-08-06T13:48:47.370+0000] {manager.py:997} INFO - 
================================================================================
DAG File Processing Stats

File Path                         PID    Runtime      # DAGs    # Errors  Last Runtime    Last Run               Last # of DB Queries
--------------------------------  -----  ---------  --------  ----------  --------------  -------------------  ----------------------
/opt/airflow/dags/bash_python.py                           1           0  0.20s           2026-08-06T13:48:21                      10
================================================================================
[2026-08-06T13:49:17.720+0000] {manager.py:997} INFO - 
================================================================================
DAG File Processing Stats

File Path                         PID    Runtime      # DAGs    # Errors  Last Runtime    Last Run               Last # of DB Queries
--------------------------------  -----  ---------  --------  ----------  --------------  -------------------  ----------------------
/opt/airflow/dags/bash_python.py                           1           0  0.16s           2026-08-06T13:48:51                      10
================================================================================
[2026-08-06T13:49:47.993+0000] {manager.py:997} INFO - 
================================================================================
DAG File Processing Stats

File Path                         PID    Runtime      # DAGs    # Errors  Last Runtime    Last Run               Last # of DB Queries
--------------------------------  -----  ---------  --------  ----------  --------------  -------------------  ----------------------
/opt/airflow/dags/bash_python.py                           1           0  0.17s           2026-08-06T13:49:21                      10
================================================================================
[2026-08-06T13:49:51.011+0000] {manager.py:821} INFO - Searching for files in /opt/airflow/dags
[2026-08-06T13:49:51.030+0000] {manager.py:824} INFO - There are 1 files in /opt/airflow/dags
[2026-08-06T13:55:45.076+0000] {manager.py:821} INFO - Searching for files in /opt/airflow/dags
[2026-08-06T13:55:45.125+0000] {manager.py:824} INFO - There are 1 files in /opt/airflow/dags
[2026-08-06T13:56:05.757+0000] {manager.py:997} INFO - 
================================================================================
DAG File Processing Stats

File Path                         PID    Runtime      # DAGs    # Errors  Last Runtime    Last Run               Last # of DB Queries
--------------------------------  -----  ---------  --------  ----------  --------------  -------------------  ----------------------
/opt/airflow/dags/bash_python.py                           1           0  0.35s           2026-08-06T13:55:45                      10
================================================================================
[2026-08-07T08:05:02.637+0000] {manager.py:483} INFO - Processing files using up to 2 processes at a time 
[2026-08-07T08:05:02.638+0000] {manager.py:484} INFO - Process each file at most once every 30 seconds
[2026-08-07T08:05:02.639+0000] {manager.py:485} INFO - Checking for new files in /opt/airflow/dags every 300 seconds
[2026-08-07T08:05:02.639+0000] {manager.py:821} INFO - Searching for files in /opt/airflow/dags
[2026-08-07T08:05:02.693+0000] {manager.py:824} INFO - There are 1 files in /opt/airflow/dags
[2026-08-07T08:05:02.810+0000] {manager.py:997} INFO - 
================================================================================
DAG File Processing Stats

File Path                           PID  Runtime      # DAGs    # Errors  Last Runtime    Last Run      Last # of DB Queries
--------------------------------  -----  ---------  --------  ----------  --------------  ----------  ----------------------
/opt/airflow/dags/bash_python.py    175  0.04s             0           0                                                   0
================================================================================
[2026-08-07T08:05:33.030+0000] {manager.py:997} INFO - 
================================================================================
DAG File Processing Stats

File Path                         PID    Runtime      # DAGs    # Errors  Last Runtime    Last Run               Last # of DB Queries
--------------------------------  -----  ---------  --------  ----------  --------------  -------------------  ----------------------
/opt/airflow/dags/bash_python.py                           1           0  0.35s           2026-08-07T08:05:03                      32
================================================================================
[2026-08-07T08:06:03.584+0000] {manager.py:997} INFO - 
================================================================================
DAG File Processing Stats

File Path                           PID  Runtime      # DAGs    # Errors  Last Runtime    Last Run               Last # of DB Queries
--------------------------------  -----  ---------  --------  ----------  --------------  -------------------  ----------------------
/opt/airflow/dags/bash_python.py    185  0.01s             1           0  0.20s           2026-08-07T08:05:33                      10
================================================================================
[2026-08-07T08:06:33.993+0000] {manager.py:997} INFO - 
================================================================================
DAG File Processing Stats

File Path                           PID  Runtime      # DAGs    # Errors  Last Runtime    Last Run               Last # of DB Queries
--------------------------------  -----  ---------  --------  ----------  --------------  -------------------  ----------------------
/opt/airflow/dags/bash_python.py    190  0.01s             1           0  0.19s           2026-08-07T08:06:03                      10
================================================================================
[2026-08-07T08:07:04.246+0000] {manager.py:997} INFO - 
================================================================================
DAG File Processing Stats

File Path                           PID  Runtime      # DAGs    # Errors  Last Runtime    Last Run               Last # of DB Queries
--------------------------------  -----  ---------  --------  ----------  --------------  -------------------  ----------------------
/opt/airflow/dags/bash_python.py    195  0.01s             1           0  0.18s           2026-08-07T08:06:34                      10
================================================================================
[2026-08-07T08:07:34.597+0000] {manager.py:997} INFO - 
================================================================================
DAG File Processing Stats

File Path                           PID  Runtime      # DAGs    # Errors  Last Runtime    Last Run               Last # of DB Queries
--------------------------------  -----  ---------  --------  ----------  --------------  -------------------  ----------------------
/opt/airflow/dags/bash_python.py    200  0.01s             1           0  0.20s           2026-08-07T08:07:04                      10
================================================================================
[2026-08-07T08:08:04.882+0000] {manager.py:997} INFO - 
================================================================================
DAG File Processing Stats

File Path                           PID  Runtime      # DAGs    # Errors  Last Runtime    Last Run               Last # of DB Queries
--------------------------------  -----  ---------  --------  ----------  --------------  -------------------  ----------------------
/opt/airflow/dags/bash_python.py    205  0.01s             1           0  0.19s           2026-08-07T08:07:34                      10
================================================================================
[2026-08-07T08:08:35.211+0000] {manager.py:997} INFO - 
================================================================================
DAG File Processing Stats

File Path                           PID  Runtime      # DAGs    # Errors  Last Runtime    Last Run               Last # of DB Queries
--------------------------------  -----  ---------  --------  ----------  --------------  -------------------  ----------------------
/opt/airflow/dags/bash_python.py    210  0.01s             1           0  0.17s           2026-08-07T08:08:05                      10
================================================================================
[2026-08-07T08:09:05.485+0000] {manager.py:997} INFO - 
================================================================================
DAG File Processing Stats

File Path                           PID  Runtime      # DAGs    # Errors  Last Runtime    Last Run               Last # of DB Queries
--------------------------------  -----  ---------  --------  ----------  --------------  -------------------  ----------------------
/opt/airflow/dags/bash_python.py    215  0.01s             1           0  0.16s           2026-08-07T08:08:35                      10
================================================================================
[2026-08-07T08:09:35.784+0000] {manager.py:997} INFO - 
================================================================================
DAG File Processing Stats

File Path                           PID  Runtime      # DAGs    # Errors  Last Runtime    Last Run               Last # of DB Queries
--------------------------------  -----  ---------  --------  ----------  --------------  -------------------  ----------------------
/opt/airflow/dags/bash_python.py    220  0.01s             1           0  0.18s           2026-08-07T08:09:05                      10
================================================================================
[2026-08-07T08:10:03.043+0000] {manager.py:821} INFO - Searching for files in /opt/airflow/dags
[2026-08-07T08:10:03.071+0000] {manager.py:824} INFO - There are 1 files in /opt/airflow/dags
[2026-08-07T08:10:06.128+0000] {manager.py:997} INFO - 
================================================================================
DAG File Processing Stats

File Path                           PID  Runtime      # DAGs    # Errors  Last Runtime    Last Run               Last # of DB Queries
--------------------------------  -----  ---------  --------  ----------  --------------  -------------------  ----------------------
/opt/airflow/dags/bash_python.py    225  0.01s             1           0  0.19s           2026-08-07T08:09:35                      10
================================================================================
[2026-08-07T08:10:36.394+0000] {manager.py:997} INFO - 
================================================================================
DAG File Processing Stats

File Path                           PID  Runtime      # DAGs    # Errors  Last Runtime    Last Run               Last # of DB Queries
--------------------------------  -----  ---------  --------  ----------  --------------  -------------------  ----------------------
/opt/airflow/dags/bash_python.py    230  0.01s             1           0  0.20s           2026-08-07T08:10:06                      10
================================================================================
[2026-08-07T08:11:06.751+0000] {manager.py:997} INFO - 
================================================================================
DAG File Processing Stats

File Path                           PID  Runtime      # DAGs    # Errors  Last Runtime    Last Run               Last # of DB Queries
--------------------------------  -----  ---------  --------  ----------  --------------  -------------------  ----------------------
/opt/airflow/dags/bash_python.py    235  0.01s             1           0  0.18s           2026-08-07T08:10:36                      10
================================================================================
[2026-08-07T08:11:37.010+0000] {manager.py:997} INFO - 
================================================================================
DAG File Processing Stats

File Path                           PID  Runtime      # DAGs    # Errors  Last Runtime    Last Run               Last # of DB Queries
--------------------------------  -----  ---------  --------  ----------  --------------  -------------------  ----------------------
/opt/airflow/dags/bash_python.py    240  0.01s             1           0  0.19s           2026-08-07T08:11:06                      10
================================================================================
[2026-08-07T08:12:07.380+0000] {manager.py:997} INFO - 
================================================================================
DAG File Processing Stats

File Path                           PID  Runtime      # DAGs    # Errors  Last Runtime    Last Run               Last # of DB Queries
--------------------------------  -----  ---------  --------  ----------  --------------  -------------------  ----------------------
/opt/airflow/dags/bash_python.py    245  0.01s             1           0  0.20s           2026-08-07T08:11:37                      10
================================================================================
[2026-08-07T08:12:37.635+0000] {manager.py:997} INFO - 
================================================================================
DAG File Processing Stats

File Path                           PID  Runtime      # DAGs    # Errors  Last Runtime    Last Run               Last # of DB Queries
--------------------------------  -----  ---------  --------  ----------  --------------  -------------------  ----------------------
/opt/airflow/dags/bash_python.py    250  0.01s             1           0  0.19s           2026-08-07T08:12:07                      10
================================================================================
[2026-08-07T08:13:08.022+0000] {manager.py:997} INFO - 
================================================================================
DAG File Processing Stats

File Path                           PID  Runtime      # DAGs    # Errors  Last Runtime    Last Run               Last # of DB Queries
--------------------------------  -----  ---------  --------  ----------  --------------  -------------------  ----------------------
/opt/airflow/dags/bash_python.py    255  0.01s             1           0  0.14s           2026-08-07T08:12:37                      10
================================================================================
[2026-08-07T08:13:38.280+0000] {manager.py:997} INFO - 
================================================================================
DAG File Processing Stats

File Path                           PID  Runtime      # DAGs    # Errors  Last Runtime    Last Run               Last # of DB Queries
--------------------------------  -----  ---------  --------  ----------  --------------  -------------------  ----------------------
/opt/airflow/dags/bash_python.py    260  0.01s             1           0  0.17s           2026-08-07T08:13:08                      10
================================================================================
[2026-08-07T08:14:08.651+0000] {manager.py:997} INFO - 
================================================================================
DAG File Processing Stats

File Path                           PID  Runtime      # DAGs    # Errors  Last Runtime    Last Run               Last # of DB Queries
--------------------------------  -----  ---------  --------  ----------  --------------  -------------------  ----------------------
/opt/airflow/dags/bash_python.py    265  0.01s             1           0  0.16s           2026-08-07T08:13:38                      10
================================================================================
[2026-08-07T08:14:38.913+0000] {manager.py:997} INFO - 
================================================================================
DAG File Processing Stats

File Path                           PID  Runtime      # DAGs    # Errors  Last Runtime    Last Run               Last # of DB Queries
--------------------------------  -----  ---------  --------  ----------  --------------  -------------------  ----------------------
/opt/airflow/dags/bash_python.py    270  0.01s             1           0  0.16s           2026-08-07T08:14:08                      10
================================================================================
[2026-08-07T08:15:03.176+0000] {manager.py:821} INFO - Searching for files in /opt/airflow/dags
[2026-08-07T08:15:03.204+0000] {manager.py:824} INFO - There are 2 files in /opt/airflow/dags
[2026-08-07T08:15:09.313+0000] {manager.py:997} INFO - 
================================================================================
DAG File Processing Stats

File Path                                   PID  Runtime      # DAGs    # Errors  Last Runtime    Last Run               Last # of DB Queries
----------------------------------------  -----  ---------  --------  ----------  --------------  -------------------  ----------------------
/opt/airflow/dags/bash_python.py            280  0.01s             1           0  0.19s           2026-08-07T08:14:39                      10
/opt/airflow/dags/sales_validator_dag.py                           0           1  0.12s           2026-08-07T08:15:03                       3
================================================================================
[2026-08-07T08:34:20.785+0000] {manager.py:821} INFO - Searching for files in /opt/airflow/dags
[2026-08-07T08:34:20.821+0000] {manager.py:824} INFO - There are 2 files in /opt/airflow/dags
[2026-08-07T08:34:26.136+0000] {manager.py:997} INFO - 
================================================================================
DAG File Processing Stats

File Path                                 PID    Runtime      # DAGs    # Errors  Last Runtime    Last Run               Last # of DB Queries
----------------------------------------  -----  ---------  --------  ----------  --------------  -------------------  ----------------------
/opt/airflow/dags/bash_python.py                                   1           0  0.24s           2026-08-07T08:34:21                      10
/opt/airflow/dags/sales_validator_dag.py                           0           1  0.14s           2026-08-07T08:34:20                       5
================================================================================
[2026-08-07T08:34:56.455+0000] {manager.py:997} INFO - 
================================================================================
DAG File Processing Stats

File Path                                 PID    Runtime      # DAGs    # Errors  Last Runtime    Last Run               Last # of DB Queries
----------------------------------------  -----  ---------  --------  ----------  --------------  -------------------  ----------------------
/opt/airflow/dags/bash_python.py                                   1           0  0.14s           2026-08-07T08:34:51                      10
/opt/airflow/dags/sales_validator_dag.py                           0           1  0.11s           2026-08-07T08:34:51                       5
================================================================================
[2026-08-07T08:35:26.807+0000] {manager.py:997} INFO - 
================================================================================
DAG File Processing Stats

File Path                                 PID    Runtime      # DAGs    # Errors  Last Runtime    Last Run               Last # of DB Queries
----------------------------------------  -----  ---------  --------  ----------  --------------  -------------------  ----------------------
/opt/airflow/dags/bash_python.py                                   1           0  0.13s           2026-08-07T08:35:21                      10
/opt/airflow/dags/sales_validator_dag.py                           0           1  0.11s           2026-08-07T08:35:21                       5
================================================================================
[2026-08-07T08:35:57.191+0000] {manager.py:997} INFO - 
================================================================================
DAG File Processing Stats

File Path                                 PID    Runtime      # DAGs    # Errors  Last Runtime    Last Run               Last # of DB Queries
----------------------------------------  -----  ---------  --------  ----------  --------------  -------------------  ----------------------
/opt/airflow/dags/sales_validator_dag.py                           0           1  0.16s           2026-08-07T08:35:48                       5
/opt/airflow/dags/bash_python.py                                   1           0  0.15s           2026-08-07T08:35:52                      10
================================================================================
[2026-08-07T08:36:27.504+0000] {manager.py:997} INFO - 
================================================================================
DAG File Processing Stats

File Path                                 PID    Runtime      # DAGs    # Errors  Last Runtime    Last Run               Last # of DB Queries
----------------------------------------  -----  ---------  --------  ----------  --------------  -------------------  ----------------------
/opt/airflow/dags/bash_python.py                                   1           0  0.13s           2026-08-07T08:36:22                      10
/opt/airflow/dags/sales_validator_dag.py                           0           1  0.08s           2026-08-07T08:36:18                       5
================================================================================
[2026-08-07T08:36:57.862+0000] {manager.py:997} INFO - 
================================================================================
DAG File Processing Stats

File Path                                 PID    Runtime      # DAGs    # Errors  Last Runtime    Last Run               Last # of DB Queries
----------------------------------------  -----  ---------  --------  ----------  --------------  -------------------  ----------------------
/opt/airflow/dags/bash_python.py                                   1           0  0.14s           2026-08-07T08:36:52                      10
/opt/airflow/dags/sales_validator_dag.py                           0           1  0.13s           2026-08-07T08:36:48                       5
================================================================================
[2026-08-07T08:37:28.200+0000] {manager.py:997} INFO - 
================================================================================
DAG File Processing Stats

File Path                                 PID    Runtime      # DAGs    # Errors  Last Runtime    Last Run               Last # of DB Queries
----------------------------------------  -----  ---------  --------  ----------  --------------  -------------------  ----------------------
/opt/airflow/dags/bash_python.py                                   1           0  0.14s           2026-08-07T08:37:23                      10
/opt/airflow/dags/sales_validator_dag.py                           0           1  0.12s           2026-08-07T08:37:19                       5
================================================================================
[2026-08-07T08:37:58.524+0000] {manager.py:997} INFO - 
================================================================================
DAG File Processing Stats

File Path                                 PID    Runtime      # DAGs    # Errors  Last Runtime    Last Run               Last # of DB Queries
----------------------------------------  -----  ---------  --------  ----------  --------------  -------------------  ----------------------
/opt/airflow/dags/bash_python.py                                   1           0  0.14s           2026-08-07T08:37:53                      10
/opt/airflow/dags/sales_validator_dag.py                           0           1  0.08s           2026-08-07T08:37:49                       5
================================================================================
[2026-08-07T08:38:28.840+0000] {manager.py:997} INFO - 
================================================================================
DAG File Processing Stats

File Path                                 PID    Runtime      # DAGs    # Errors  Last Runtime    Last Run               Last # of DB Queries
----------------------------------------  -----  ---------  --------  ----------  --------------  -------------------  ----------------------
/opt/airflow/dags/bash_python.py                                   1           0  0.17s           2026-08-07T08:38:23                      10
/opt/airflow/dags/sales_validator_dag.py                           0           1  0.10s           2026-08-07T08:38:19                       5
================================================================================
[2026-08-07T08:38:59.234+0000] {manager.py:997} INFO - 
================================================================================
DAG File Processing Stats

File Path                                 PID    Runtime      # DAGs    # Errors  Last Runtime    Last Run               Last # of DB Queries
----------------------------------------  -----  ---------  --------  ----------  --------------  -------------------  ----------------------
/opt/airflow/dags/bash_python.py                                   1           0  0.13s           2026-08-07T08:38:54                      10
/opt/airflow/dags/sales_validator_dag.py                           0           1  0.08s           2026-08-07T08:38:39                       5
================================================================================
[2026-08-07T08:39:21.493+0000] {manager.py:821} INFO - Searching for files in /opt/airflow/dags
[2026-08-07T08:39:21.527+0000] {manager.py:824} INFO - There are 2 files in /opt/airflow/dags
[2026-08-07T08:39:29.635+0000] {manager.py:997} INFO - 
================================================================================
DAG File Processing Stats

File Path                                 PID    Runtime      # DAGs    # Errors  Last Runtime    Last Run               Last # of DB Queries
----------------------------------------  -----  ---------  --------  ----------  --------------  -------------------  ----------------------
/opt/airflow/dags/bash_python.py                                   1           0  0.17s           2026-08-07T08:39:24                      10
/opt/airflow/dags/sales_validator_dag.py                           0           1  0.11s           2026-08-07T08:39:09                       5
================================================================================
[2026-08-07T08:40:00.019+0000] {manager.py:997} INFO - 
================================================================================
DAG File Processing Stats

File Path                                 PID    Runtime      # DAGs    # Errors  Last Runtime    Last Run               Last # of DB Queries
----------------------------------------  -----  ---------  --------  ----------  --------------  -------------------  ----------------------
/opt/airflow/dags/bash_python.py                                   1           0  0.19s           2026-08-07T08:39:55                      10
/opt/airflow/dags/sales_validator_dag.py                           0           1  0.11s           2026-08-07T08:39:39                       5
================================================================================
[2026-08-07T08:40:30.318+0000] {manager.py:997} INFO - 
================================================================================
DAG File Processing Stats

File Path                                 PID    Runtime      # DAGs    # Errors  Last Runtime    Last Run               Last # of DB Queries
----------------------------------------  -----  ---------  --------  ----------  --------------  -------------------  ----------------------
/opt/airflow/dags/bash_python.py                                   1           0  0.13s           2026-08-07T08:40:25                      10
/opt/airflow/dags/sales_validator_dag.py                           0           1  0.10s           2026-08-07T08:40:10                       5
================================================================================
[2026-08-07T08:41:00.629+0000] {manager.py:997} INFO - 
================================================================================
DAG File Processing Stats

File Path                                 PID    Runtime      # DAGs    # Errors  Last Runtime    Last Run               Last # of DB Queries
----------------------------------------  -----  ---------  --------  ----------  --------------  -------------------  ----------------------
/opt/airflow/dags/bash_python.py                                   1           0  0.13s           2026-08-07T08:40:55                      10
/opt/airflow/dags/sales_validator_dag.py                           0           1  0.11s           2026-08-07T08:40:40                       5
================================================================================
[2026-08-07T08:41:31.009+0000] {manager.py:997} INFO - 
================================================================================
DAG File Processing Stats

File Path                                 PID    Runtime      # DAGs    # Errors  Last Runtime    Last Run               Last # of DB Queries
----------------------------------------  -----  ---------  --------  ----------  --------------  -------------------  ----------------------
/opt/airflow/dags/sales_validator_dag.py                           0           1  0.15s           2026-08-07T08:41:10                       5
/opt/airflow/dags/bash_python.py                                   1           0  0.15s           2026-08-07T08:41:26                      10
================================================================================
[2026-08-07T08:42:01.334+0000] {manager.py:997} INFO - 
================================================================================
DAG File Processing Stats

File Path                                 PID    Runtime      # DAGs    # Errors  Last Runtime    Last Run               Last # of DB Queries
----------------------------------------  -----  ---------  --------  ----------  --------------  -------------------  ----------------------
/opt/airflow/dags/bash_python.py                                   1           0  0.16s           2026-08-07T08:41:56                      10
/opt/airflow/dags/sales_validator_dag.py                           0           1  0.11s           2026-08-07T08:41:38                       5
================================================================================
[2026-08-07T08:42:31.666+0000] {manager.py:997} INFO - 
================================================================================
DAG File Processing Stats

File Path                                 PID    Runtime      # DAGs    # Errors  Last Runtime    Last Run               Last # of DB Queries
----------------------------------------  -----  ---------  --------  ----------  --------------  -------------------  ----------------------
/opt/airflow/dags/bash_python.py                                   1           0  0.11s           2026-08-07T08:42:26                      10
/opt/airflow/dags/sales_validator_dag.py                           0           1  0.10s           2026-08-07T08:42:08                       5
================================================================================
[2026-08-07T08:43:01.955+0000] {manager.py:997} INFO - 
================================================================================
DAG File Processing Stats

File Path                                 PID    Runtime      # DAGs    # Errors  Last Runtime    Last Run               Last # of DB Queries
----------------------------------------  -----  ---------  --------  ----------  --------------  -------------------  ----------------------
/opt/airflow/dags/bash_python.py                                   1           0  0.14s           2026-08-07T08:42:56                      10
/opt/airflow/dags/sales_validator_dag.py                           0           1  0.09s           2026-08-07T08:42:38                       5
================================================================================
[2026-08-07T08:43:32.285+0000] {manager.py:997} INFO - 
================================================================================
DAG File Processing Stats

File Path                                 PID    Runtime      # DAGs    # Errors  Last Runtime    Last Run               Last # of DB Queries
----------------------------------------  -----  ---------  --------  ----------  --------------  -------------------  ----------------------
/opt/airflow/dags/bash_python.py                                   1           0  0.12s           2026-08-07T08:43:27                      10
/opt/airflow/dags/sales_validator_dag.py                           0           1  0.10s           2026-08-07T08:43:09                       5
================================================================================
[2026-08-07T08:44:02.622+0000] {manager.py:997} INFO - 
================================================================================
DAG File Processing Stats

File Path                                 PID    Runtime      # DAGs    # Errors  Last Runtime    Last Run               Last # of DB Queries
----------------------------------------  -----  ---------  --------  ----------  --------------  -------------------  ----------------------
/opt/airflow/dags/bash_python.py                                   1           0  0.15s           2026-08-07T08:43:57                      10
/opt/airflow/dags/sales_validator_dag.py                           0           1  0.10s           2026-08-07T08:43:39                       5
================================================================================
[2026-08-07T08:44:21.877+0000] {manager.py:821} INFO - Searching for files in /opt/airflow/dags
[2026-08-07T08:44:21.906+0000] {manager.py:824} INFO - There are 2 files in /opt/airflow/dags
[2026-08-07T08:44:33.051+0000] {manager.py:997} INFO - 
================================================================================
DAG File Processing Stats

File Path                                 PID    Runtime      # DAGs    # Errors  Last Runtime    Last Run               Last # of DB Queries
----------------------------------------  -----  ---------  --------  ----------  --------------  -------------------  ----------------------
/opt/airflow/dags/bash_python.py                                   1           0  0.13s           2026-08-07T08:44:28                      10
/opt/airflow/dags/sales_validator_dag.py                           0           1  0.13s           2026-08-07T08:44:09                       5
================================================================================
[2026-08-07T08:45:03.432+0000] {manager.py:997} INFO - 
================================================================================
DAG File Processing Stats

File Path                                 PID    Runtime      # DAGs    # Errors  Last Runtime    Last Run               Last # of DB Queries
----------------------------------------  -----  ---------  --------  ----------  --------------  -------------------  ----------------------
/opt/airflow/dags/bash_python.py                                   1           0  0.13s           2026-08-07T08:44:58                      10
/opt/airflow/dags/sales_validator_dag.py                           0           1  0.08s           2026-08-07T08:44:48                       5
================================================================================
[2026-08-07T08:45:33.759+0000] {manager.py:997} INFO - 
================================================================================
DAG File Processing Stats

File Path                                 PID    Runtime      # DAGs    # Errors  Last Runtime    Last Run               Last # of DB Queries
----------------------------------------  -----  ---------  --------  ----------  --------------  -------------------  ----------------------
/opt/airflow/dags/bash_python.py                                   1           0  0.16s           2026-08-07T08:45:28                      10
/opt/airflow/dags/sales_validator_dag.py                           0           1  0.10s           2026-08-07T08:45:18                       5
================================================================================
[2026-08-07T08:46:04.235+0000] {manager.py:997} INFO - 
================================================================================
DAG File Processing Stats

File Path                                 PID    Runtime      # DAGs    # Errors  Last Runtime    Last Run               Last # of DB Queries
----------------------------------------  -----  ---------  --------  ----------  --------------  -------------------  ----------------------
/opt/airflow/dags/bash_python.py                                   1           0  0.16s           2026-08-07T08:45:59                      10
/opt/airflow/dags/sales_validator_dag.py                           0           1  0.12s           2026-08-07T08:45:54                       5
================================================================================
[2026-08-07T08:46:34.546+0000] {manager.py:997} INFO - 
================================================================================
DAG File Processing Stats

File Path                                 PID    Runtime      # DAGs    # Errors  Last Runtime    Last Run               Last # of DB Queries
----------------------------------------  -----  ---------  --------  ----------  --------------  -------------------  ----------------------
/opt/airflow/dags/bash_python.py                                   1           0  0.14s           2026-08-07T08:46:29                      10
/opt/airflow/dags/sales_validator_dag.py                           0           1  0.09s           2026-08-07T08:46:14                       5
================================================================================
[2026-08-07T08:47:04.945+0000] {manager.py:997} INFO - 
================================================================================
DAG File Processing Stats

File Path                                 PID    Runtime      # DAGs    # Errors  Last Runtime    Last Run               Last # of DB Queries
----------------------------------------  -----  ---------  --------  ----------  --------------  -------------------  ----------------------
/opt/airflow/dags/bash_python.py                                   1           0  0.17s           2026-08-07T08:47:00                      10
/opt/airflow/dags/sales_validator_dag.py                           0           1  0.13s           2026-08-07T08:46:57                       5
================================================================================
[2026-08-07T08:47:35.325+0000] {manager.py:997} INFO - 
================================================================================
DAG File Processing Stats

File Path                                 PID    Runtime      # DAGs    # Errors  Last Runtime    Last Run               Last # of DB Queries
----------------------------------------  -----  ---------  --------  ----------  --------------  -------------------  ----------------------
/opt/airflow/dags/bash_python.py                                   1           0  0.20s           2026-08-07T08:47:30                      10
/opt/airflow/dags/sales_validator_dag.py                           0           1  0.11s           2026-08-07T08:47:28                       5
================================================================================
[2026-08-07T08:48:05.765+0000] {manager.py:997} INFO - 
================================================================================
DAG File Processing Stats

File Path                                 PID    Runtime      # DAGs    # Errors  Last Runtime    Last Run               Last # of DB Queries
----------------------------------------  -----  ---------  --------  ----------  --------------  -------------------  ----------------------
/opt/airflow/dags/bash_python.py                                   1           0  0.15s           2026-08-07T08:48:00                      10
/opt/airflow/dags/sales_validator_dag.py                           0           1  0.12s           2026-08-07T08:48:04                       5
================================================================================
[2026-08-07T08:48:35.769+0000] {manager.py:997} INFO - 
================================================================================
DAG File Processing Stats

File Path                                 PID    Runtime      # DAGs    # Errors  Last Runtime    Last Run               Last # of DB Queries
----------------------------------------  -----  ---------  --------  ----------  --------------  -------------------  ----------------------
/opt/airflow/dags/bash_python.py                                   1           0  0.16s           2026-08-07T08:48:31                      10
/opt/airflow/dags/sales_validator_dag.py                           0           1  0.11s           2026-08-07T08:48:35                       5
================================================================================
[2026-08-07T08:49:05.968+0000] {manager.py:997} INFO - 
================================================================================
DAG File Processing Stats

File Path                                   PID  Runtime      # DAGs    # Errors  Last Runtime    Last Run               Last # of DB Queries
----------------------------------------  -----  ---------  --------  ----------  --------------  -------------------  ----------------------
/opt/airflow/dags/bash_python.py                                   1           0  0.13s           2026-08-07T08:49:01                      10
/opt/airflow/dags/sales_validator_dag.py    610  0.01s             0           1  0.11s           2026-08-07T08:48:35                       5
================================================================================
[2026-08-07T08:49:22.124+0000] {manager.py:821} INFO - Searching for files in /opt/airflow/dags
[2026-08-07T08:49:22.150+0000] {manager.py:824} INFO - There are 2 files in /opt/airflow/dags
[2026-08-07T08:49:36.302+0000] {manager.py:997} INFO - 
================================================================================
DAG File Processing Stats

File Path                                   PID  Runtime      # DAGs    # Errors  Last Runtime    Last Run               Last # of DB Queries
----------------------------------------  -----  ---------  --------  ----------  --------------  -------------------  ----------------------
/opt/airflow/dags/bash_python.py                                   1           0  0.13s           2026-08-07T08:49:32                      10
/opt/airflow/dags/sales_validator_dag.py    620  0.01s             0           1  0.10s           2026-08-07T08:49:06                       5
================================================================================
[2026-08-07T09:50:07.733+0000] {manager.py:821} INFO - Searching for files in /opt/airflow/dags
[2026-08-07T09:50:07.754+0000] {manager.py:824} INFO - There are 2 files in /opt/airflow/dags
[2026-08-07T10:04:26.717+0000] {manager.py:821} INFO - Searching for files in /opt/airflow/dags
[2026-08-07T10:04:26.853+0000] {manager.py:824} INFO - There are 2 files in /opt/airflow/dags
[2026-08-07T10:05:13.235+0000] {manager.py:997} INFO - 
================================================================================
DAG File Processing Stats

File Path                                 PID    Runtime      # DAGs    # Errors  Last Runtime    Last Run               Last # of DB Queries
----------------------------------------  -----  ---------  --------  ----------  --------------  -------------------  ----------------------
/opt/airflow/dags/bash_python.py                                   1           0  0.10s           2026-08-07T10:05:09                      10
/opt/airflow/dags/sales_validator_dag.py                           0           1  0.07s           2026-08-07T10:05:09                       5
================================================================================
[2026-08-07T10:05:43.537+0000] {manager.py:997} INFO - 
================================================================================
DAG File Processing Stats

File Path                                 PID    Runtime      # DAGs    # Errors  Last Runtime    Last Run               Last # of DB Queries
----------------------------------------  -----  ---------  --------  ----------  --------------  -------------------  ----------------------
/opt/airflow/dags/bash_python.py                                   1           0  0.12s           2026-08-07T10:05:39                      10
/opt/airflow/dags/sales_validator_dag.py                           0           1  0.09s           2026-08-07T10:05:39                       5
================================================================================
[2026-08-07T10:59:23.274+0000] {manager.py:821} INFO - Searching for files in /opt/airflow/dags
[2026-08-07T10:59:23.390+0000] {manager.py:824} INFO - There are 2 files in /opt/airflow/dags
[2026-08-08T08:00:44.872+0000] {manager.py:821} INFO - Searching for files in /opt/airflow/dags
[2026-08-08T08:00:44.919+0000] {manager.py:824} INFO - There are 2 files in /opt/airflow/dags
[2026-08-12T07:30:31.869+0000] {manager.py:821} INFO - Searching for files in /opt/airflow/dags
[2026-08-12T07:30:31.949+0000] {manager.py:824} INFO - There are 2 files in /opt/airflow/dags
[2026-08-12T07:30:32.016+0000] {manager.py:997} INFO - 
================================================================================
DAG File Processing Stats

File Path                                   PID  Runtime      # DAGs    # Errors  Last Runtime    Last Run               Last # of DB Queries
----------------------------------------  -----  ---------  --------  ----------  --------------  -------------------  ----------------------
/opt/airflow/dags/bash_python.py            698  0.01s             1           0  0.68s           2026-08-08T08:00:45                      32
/opt/airflow/dags/sales_validator_dag.py    695  0.03s             0           1  0.26s           2026-08-08T08:00:45                       5
================================================================================
[2026-08-12T07:31:02.490+0000] {manager.py:997} INFO - 
================================================================================
DAG File Processing Stats

File Path                                   PID  Runtime      # DAGs    # Errors  Last Runtime    Last Run               Last # of DB Queries
----------------------------------------  -----  ---------  --------  ----------  --------------  -------------------  ----------------------
/opt/airflow/dags/bash_python.py                                   1           0  0.63s           2026-08-12T07:30:32                      32
/opt/airflow/dags/sales_validator_dag.py    705  0.01s             0           1  0.27s           2026-08-12T07:30:32                       5
================================================================================
[2026-08-12T07:31:32.789+0000] {manager.py:997} INFO - 
================================================================================
DAG File Processing Stats

File Path                                   PID  Runtime      # DAGs    # Errors  Last Runtime    Last Run               Last # of DB Queries
----------------------------------------  -----  ---------  --------  ----------  --------------  -------------------  ----------------------
/opt/airflow/dags/bash_python.py                                   1           0  0.13s           2026-08-12T07:31:03                      10
/opt/airflow/dags/sales_validator_dag.py    715  0.01s             0           1  0.08s           2026-08-12T07:31:02                       5
================================================================================
[2026-08-12T07:31:59.348+0000] {manager.py:997} INFO - 
================================================================================
DAG File Processing Stats

File Path                                 PID    Runtime      # DAGs    # Errors  Last Runtime    Last Run               Last # of DB Queries
----------------------------------------  -----  ---------  --------  ----------  --------------  -------------------  ----------------------
/opt/airflow/dags/bash_python.py                                   1           0  0.12s           2026-08-12T07:31:33                      10
/opt/airflow/dags/sales_validator_dag.py                           0           1  0.08s           2026-08-12T07:31:32                       5
================================================================================
[2026-08-12T07:32:29.730+0000] {manager.py:997} INFO - 
================================================================================
DAG File Processing Stats

File Path                                 PID    Runtime      # DAGs    # Errors  Last Runtime    Last Run               Last # of DB Queries
----------------------------------------  -----  ---------  --------  ----------  --------------  -------------------  ----------------------
/opt/airflow/dags/bash_python.py                                   1           0  0.15s           2026-08-12T07:32:04                      10
/opt/airflow/dags/sales_validator_dag.py                           0           1  0.09s           2026-08-12T07:32:03                       5
================================================================================
[2026-08-12T07:33:00.145+0000] {manager.py:997} INFO - 
================================================================================
DAG File Processing Stats

File Path                                 PID    Runtime      # DAGs    # Errors  Last Runtime    Last Run               Last # of DB Queries
----------------------------------------  -----  ---------  --------  ----------  --------------  -------------------  ----------------------
/opt/airflow/dags/bash_python.py                                   1           0  0.15s           2026-08-12T07:32:35                      10
/opt/airflow/dags/sales_validator_dag.py                           0           1  0.13s           2026-08-12T07:32:33                       5
================================================================================
[2026-08-12T07:33:30.495+0000] {manager.py:997} INFO - 
================================================================================
DAG File Processing Stats

File Path                                 PID    Runtime      # DAGs    # Errors  Last Runtime    Last Run               Last # of DB Queries
----------------------------------------  -----  ---------  --------  ----------  --------------  -------------------  ----------------------
/opt/airflow/dags/bash_python.py                                   1           0  0.15s           2026-08-12T07:33:05                      10
/opt/airflow/dags/sales_validator_dag.py                           0           1  0.09s           2026-08-12T07:33:04                       5
================================================================================
[2026-08-12T08:18:48.197+0000] {manager.py:821} INFO - Searching for files in /opt/airflow/dags
[2026-08-12T08:18:48.225+0000] {manager.py:824} INFO - There are 2 files in /opt/airflow/dags
[2026-08-12T08:18:57.451+0000] {manager.py:997} INFO - 
================================================================================
DAG File Processing Stats

File Path                                 PID    Runtime      # DAGs    # Errors  Last Runtime    Last Run               Last # of DB Queries
----------------------------------------  -----  ---------  --------  ----------  --------------  -------------------  ----------------------
/opt/airflow/dags/bash_python.py                                   1           0  0.18s           2026-08-12T08:18:48                      10
/opt/airflow/dags/sales_validator_dag.py                           0           1  0.12s           2026-08-12T08:18:48                       5
================================================================================
[2026-08-12T08:19:27.812+0000] {manager.py:997} INFO - 
================================================================================
DAG File Processing Stats

File Path                                 PID    Runtime      # DAGs    # Errors  Last Runtime    Last Run               Last # of DB Queries
----------------------------------------  -----  ---------  --------  ----------  --------------  -------------------  ----------------------
/opt/airflow/dags/bash_python.py                                   1           0  0.17s           2026-08-12T08:19:18                      10
/opt/airflow/dags/sales_validator_dag.py                           0           1  0.11s           2026-08-12T08:19:18                       5
================================================================================
[2026-08-12T08:19:58.211+0000] {manager.py:997} INFO - 
================================================================================
DAG File Processing Stats

File Path                                 PID    Runtime      # DAGs    # Errors  Last Runtime    Last Run               Last # of DB Queries
----------------------------------------  -----  ---------  --------  ----------  --------------  -------------------  ----------------------
/opt/airflow/dags/bash_python.py                                   1           0  0.16s           2026-08-12T08:19:49                      10
/opt/airflow/dags/sales_validator_dag.py                           0           1  0.11s           2026-08-12T08:19:49                       5
================================================================================
[2026-08-12T08:20:28.629+0000] {manager.py:997} INFO - 
================================================================================
DAG File Processing Stats

File Path                                 PID    Runtime      # DAGs    # Errors  Last Runtime    Last Run               Last # of DB Queries
----------------------------------------  -----  ---------  --------  ----------  --------------  -------------------  ----------------------
/opt/airflow/dags/bash_python.py                                   1           0  0.17s           2026-08-12T08:20:19                      10
/opt/airflow/dags/sales_validator_dag.py                           0           1  0.12s           2026-08-12T08:20:19                       5
================================================================================
[2026-08-12T08:20:59.056+0000] {manager.py:997} INFO - 
================================================================================
DAG File Processing Stats

File Path                                 PID    Runtime      # DAGs    # Errors  Last Runtime    Last Run               Last # of DB Queries
----------------------------------------  -----  ---------  --------  ----------  --------------  -------------------  ----------------------
/opt/airflow/dags/bash_python.py                                   1           0  0.21s           2026-08-12T08:20:50                      10
/opt/airflow/dags/sales_validator_dag.py                           0           1  0.17s           2026-08-12T08:20:49                       5
================================================================================
[2026-08-12T08:21:29.487+0000] {manager.py:997} INFO - 
================================================================================
DAG File Processing Stats

File Path                                 PID    Runtime      # DAGs    # Errors  Last Runtime    Last Run               Last # of DB Queries
----------------------------------------  -----  ---------  --------  ----------  --------------  -------------------  ----------------------
/opt/airflow/dags/bash_python.py                                   1           0  0.16s           2026-08-12T08:21:20                      10
/opt/airflow/dags/sales_validator_dag.py                           0           1  0.13s           2026-08-12T08:21:20                       5
================================================================================
[2026-08-12T08:21:59.920+0000] {manager.py:997} INFO - 
================================================================================
DAG File Processing Stats

File Path                                 PID    Runtime      # DAGs    # Errors  Last Runtime    Last Run               Last # of DB Queries
----------------------------------------  -----  ---------  --------  ----------  --------------  -------------------  ----------------------
/opt/airflow/dags/bash_python.py                                   1           0  0.21s           2026-08-12T08:21:50                      10
/opt/airflow/dags/sales_validator_dag.py                           0           1  0.15s           2026-08-12T08:21:50                       5
================================================================================
[2026-08-12T08:22:30.329+0000] {manager.py:997} INFO - 
================================================================================
DAG File Processing Stats

File Path                                 PID    Runtime      # DAGs    # Errors  Last Runtime    Last Run               Last # of DB Queries
----------------------------------------  -----  ---------  --------  ----------  --------------  -------------------  ----------------------
/opt/airflow/dags/bash_python.py                                   1           0  0.17s           2026-08-12T08:22:21                      10
/opt/airflow/dags/sales_validator_dag.py                           0           1  0.11s           2026-08-12T08:22:21                       5
================================================================================
[2026-08-12T08:23:00.733+0000] {manager.py:997} INFO - 
================================================================================
DAG File Processing Stats

File Path                                 PID    Runtime      # DAGs    # Errors  Last Runtime    Last Run               Last # of DB Queries
----------------------------------------  -----  ---------  --------  ----------  --------------  -------------------  ----------------------
/opt/airflow/dags/bash_python.py                                   1           0  0.16s           2026-08-12T08:22:51                      10
/opt/airflow/dags/sales_validator_dag.py                           0           1  0.13s           2026-08-12T08:22:51                       5
================================================================================
[2026-08-12T08:23:31.118+0000] {manager.py:997} INFO - 
================================================================================
DAG File Processing Stats

File Path                                 PID    Runtime      # DAGs    # Errors  Last Runtime    Last Run               Last # of DB Queries
----------------------------------------  -----  ---------  --------  ----------  --------------  -------------------  ----------------------
/opt/airflow/dags/bash_python.py                                   1           0  0.15s           2026-08-12T08:23:22                      10
/opt/airflow/dags/sales_validator_dag.py                           0           1  0.10s           2026-08-12T08:23:22                       5
================================================================================
[2026-08-12T08:23:48.260+0000] {manager.py:821} INFO - Searching for files in /opt/airflow/dags
[2026-08-12T08:23:48.293+0000] {manager.py:824} INFO - There are 2 files in /opt/airflow/dags
[2026-08-12T08:24:01.553+0000] {manager.py:997} INFO - 
================================================================================
DAG File Processing Stats

File Path                                 PID    Runtime      # DAGs    # Errors  Last Runtime    Last Run               Last # of DB Queries
----------------------------------------  -----  ---------  --------  ----------  --------------  -------------------  ----------------------
/opt/airflow/dags/bash_python.py                                   1           0  0.19s           2026-08-12T08:23:52                      10
/opt/airflow/dags/sales_validator_dag.py                           0           1  0.11s           2026-08-12T08:23:52                       5
================================================================================
[2026-08-12T08:24:31.964+0000] {manager.py:997} INFO - 
================================================================================
DAG File Processing Stats

File Path                                 PID    Runtime      # DAGs    # Errors  Last Runtime    Last Run               Last # of DB Queries
----------------------------------------  -----  ---------  --------  ----------  --------------  -------------------  ----------------------
/opt/airflow/dags/bash_python.py                                   1           0  0.16s           2026-08-12T08:24:22                      10
/opt/airflow/dags/sales_validator_dag.py                           0           1  0.13s           2026-08-12T08:24:22                       5
================================================================================
[2026-08-12T08:25:02.341+0000] {manager.py:997} INFO - 
================================================================================
DAG File Processing Stats

File Path                                 PID    Runtime      # DAGs    # Errors  Last Runtime    Last Run               Last # of DB Queries
----------------------------------------  -----  ---------  --------  ----------  --------------  -------------------  ----------------------
/opt/airflow/dags/bash_python.py                                   1           0  0.14s           2026-08-12T08:24:53                      10
/opt/airflow/dags/sales_validator_dag.py                           0           1  0.10s           2026-08-12T08:24:53                       5
================================================================================
[2026-08-12T08:25:32.786+0000] {manager.py:997} INFO - 
================================================================================
DAG File Processing Stats

File Path                                 PID    Runtime      # DAGs    # Errors  Last Runtime    Last Run               Last # of DB Queries
----------------------------------------  -----  ---------  --------  ----------  --------------  -------------------  ----------------------
/opt/airflow/dags/bash_python.py                                   1           0  0.19s           2026-08-12T08:25:23                      10
/opt/airflow/dags/sales_validator_dag.py                           0           1  0.14s           2026-08-12T08:25:23                       5
================================================================================
[2026-08-12T08:26:03.175+0000] {manager.py:997} INFO - 
================================================================================
DAG File Processing Stats

File Path                                 PID    Runtime      # DAGs    # Errors  Last Runtime    Last Run               Last # of DB Queries
----------------------------------------  -----  ---------  --------  ----------  --------------  -------------------  ----------------------
/opt/airflow/dags/bash_python.py                                   1           0  0.18s           2026-08-12T08:25:54                      10
/opt/airflow/dags/sales_validator_dag.py                           0           1  0.11s           2026-08-12T08:25:54                       5
================================================================================
[2026-08-12T08:26:33.582+0000] {manager.py:997} INFO - 
================================================================================
DAG File Processing Stats

File Path                                 PID    Runtime      # DAGs    # Errors  Last Runtime    Last Run               Last # of DB Queries
----------------------------------------  -----  ---------  --------  ----------  --------------  -------------------  ----------------------
/opt/airflow/dags/bash_python.py                                   1           0  0.17s           2026-08-12T08:26:24                      10
/opt/airflow/dags/sales_validator_dag.py                           0           1  0.14s           2026-08-12T08:26:24                       5
================================================================================
[2026-08-12T08:27:03.935+0000] {manager.py:997} INFO - 
================================================================================
DAG File Processing Stats

File Path                                 PID    Runtime      # DAGs    # Errors  Last Runtime    Last Run               Last # of DB Queries
----------------------------------------  -----  ---------  --------  ----------  --------------  -------------------  ----------------------
/opt/airflow/dags/bash_python.py                                   1           0  0.18s           2026-08-12T08:26:54                      10
/opt/airflow/dags/sales_validator_dag.py                           0           1  0.12s           2026-08-12T08:26:54                       5
================================================================================
[2026-08-12T08:27:34.310+0000] {manager.py:997} INFO - 
================================================================================
DAG File Processing Stats

File Path                                 PID    Runtime      # DAGs    # Errors  Last Runtime    Last Run               Last # of DB Queries
----------------------------------------  -----  ---------  --------  ----------  --------------  -------------------  ----------------------
/opt/airflow/dags/bash_python.py                                   1           0  0.16s           2026-08-12T08:27:25                      10
/opt/airflow/dags/sales_validator_dag.py                           0           1  0.11s           2026-08-12T08:27:25                       5
================================================================================
[2026-08-12T08:28:04.632+0000] {manager.py:997} INFO - 
================================================================================
DAG File Processing Stats

File Path                                 PID    Runtime      # DAGs    # Errors  Last Runtime    Last Run               Last # of DB Queries
----------------------------------------  -----  ---------  --------  ----------  --------------  -------------------  ----------------------
/opt/airflow/dags/bash_python.py                                   1           0  0.14s           2026-08-12T08:27:55                      10
/opt/airflow/dags/sales_validator_dag.py                           0           1  0.10s           2026-08-12T08:27:55                       5
================================================================================
[2026-08-12T08:28:34.990+0000] {manager.py:997} INFO - 
================================================================================
DAG File Processing Stats

File Path                                 PID    Runtime      # DAGs    # Errors  Last Runtime    Last Run               Last # of DB Queries
----------------------------------------  -----  ---------  --------  ----------  --------------  -------------------  ----------------------
/opt/airflow/dags/bash_python.py                                   1           0  0.15s           2026-08-12T08:28:25                      10
/opt/airflow/dags/sales_validator_dag.py                           0           1  0.11s           2026-08-12T08:28:25                       5
================================================================================
[2026-08-12T08:28:49.084+0000] {manager.py:821} INFO - Searching for files in /opt/airflow/dags
[2026-08-12T08:28:49.109+0000] {manager.py:824} INFO - There are 2 files in /opt/airflow/dags
[2026-08-12T08:29:05.344+0000] {manager.py:997} INFO - 
================================================================================
DAG File Processing Stats

File Path                                 PID    Runtime      # DAGs    # Errors  Last Runtime    Last Run               Last # of DB Queries
----------------------------------------  -----  ---------  --------  ----------  --------------  -------------------  ----------------------
/opt/airflow/dags/bash_python.py                                   1           0  0.12s           2026-08-12T08:28:56                      10
/opt/airflow/dags/sales_validator_dag.py                           0           1  0.09s           2026-08-12T08:28:56                       5
================================================================================
[2026-08-12T08:29:35.682+0000] {manager.py:997} INFO - 
================================================================================
DAG File Processing Stats

File Path                                 PID    Runtime      # DAGs    # Errors  Last Runtime    Last Run               Last # of DB Queries
----------------------------------------  -----  ---------  --------  ----------  --------------  -------------------  ----------------------
/opt/airflow/dags/bash_python.py                                   1           0  0.12s           2026-08-12T08:29:26                      10
/opt/airflow/dags/sales_validator_dag.py                           0           1  0.11s           2026-08-12T08:29:26                       5
================================================================================
[2026-08-12T08:30:06.011+0000] {manager.py:997} INFO - 
================================================================================
DAG File Processing Stats

File Path                                 PID    Runtime      # DAGs    # Errors  Last Runtime    Last Run               Last # of DB Queries
----------------------------------------  -----  ---------  --------  ----------  --------------  -------------------  ----------------------
/opt/airflow/dags/bash_python.py                                   1           0  0.14s           2026-08-12T08:29:56                      10
/opt/airflow/dags/sales_validator_dag.py                           0           1  0.12s           2026-08-12T08:29:56                       5
================================================================================
[2026-08-12T08:30:36.322+0000] {manager.py:997} INFO - 
================================================================================
DAG File Processing Stats

File Path                                 PID    Runtime      # DAGs    # Errors  Last Runtime    Last Run               Last # of DB Queries
----------------------------------------  -----  ---------  --------  ----------  --------------  -------------------  ----------------------
/opt/airflow/dags/bash_python.py                                   1           0  0.15s           2026-08-12T08:30:27                      10
/opt/airflow/dags/sales_validator_dag.py                           0           1  0.09s           2026-08-12T08:30:27                       5
================================================================================
[2026-08-12T08:31:06.687+0000] {manager.py:997} INFO - 
================================================================================
DAG File Processing Stats

File Path                                 PID    Runtime      # DAGs    # Errors  Last Runtime    Last Run               Last # of DB Queries
----------------------------------------  -----  ---------  --------  ----------  --------------  -------------------  ----------------------
/opt/airflow/dags/bash_python.py                                   1           0  0.16s           2026-08-12T08:30:57                      10
/opt/airflow/dags/sales_validator_dag.py                           0           1  0.13s           2026-08-12T08:30:57                       5
================================================================================
[2026-08-12T08:31:37.048+0000] {manager.py:997} INFO - 
================================================================================
DAG File Processing Stats

File Path                                 PID    Runtime      # DAGs    # Errors  Last Runtime    Last Run               Last # of DB Queries
----------------------------------------  -----  ---------  --------  ----------  --------------  -------------------  ----------------------
/opt/airflow/dags/bash_python.py                                   1           0  0.19s           2026-08-12T08:31:28                      10
/opt/airflow/dags/sales_validator_dag.py                           0           1  0.12s           2026-08-12T08:31:27                       5
================================================================================
[2026-08-12T08:32:07.424+0000] {manager.py:997} INFO - 
================================================================================
DAG File Processing Stats

File Path                                 PID    Runtime      # DAGs    # Errors  Last Runtime    Last Run               Last # of DB Queries
----------------------------------------  -----  ---------  --------  ----------  --------------  -------------------  ----------------------
/opt/airflow/dags/bash_python.py                                   1           0  0.22s           2026-08-12T08:31:58                      10
/opt/airflow/dags/sales_validator_dag.py                           0           1  0.12s           2026-08-12T08:31:58                       5
================================================================================
[2026-08-12T08:32:37.802+0000] {manager.py:997} INFO - 
================================================================================
DAG File Processing Stats

File Path                                 PID    Runtime      # DAGs    # Errors  Last Runtime    Last Run               Last # of DB Queries
----------------------------------------  -----  ---------  --------  ----------  --------------  -------------------  ----------------------
/opt/airflow/dags/bash_python.py                                   1           0  0.17s           2026-08-12T08:32:28                      10
/opt/airflow/dags/sales_validator_dag.py                           0           1  0.12s           2026-08-12T08:32:28                       5
================================================================================
[2026-08-12T08:33:08.190+0000] {manager.py:997} INFO - 
================================================================================
DAG File Processing Stats

File Path                                 PID    Runtime      # DAGs    # Errors  Last Runtime    Last Run               Last # of DB Queries
----------------------------------------  -----  ---------  --------  ----------  --------------  -------------------  ----------------------
/opt/airflow/dags/bash_python.py                                   1           0  0.16s           2026-08-12T08:32:59                      10
/opt/airflow/dags/sales_validator_dag.py                           0           1  0.13s           2026-08-12T08:32:59                       5
================================================================================
[2026-08-12T08:33:38.929+0000] {manager.py:997} INFO - 
================================================================================
DAG File Processing Stats

File Path                                 PID    Runtime      # DAGs    # Errors  Last Runtime    Last Run               Last # of DB Queries
----------------------------------------  -----  ---------  --------  ----------  --------------  -------------------  ----------------------
/opt/airflow/dags/sales_validator_dag.py                           0           1  0.50s           2026-08-12T08:33:29                       5
/opt/airflow/dags/bash_python.py                                   1           0  0.50s           2026-08-12T08:33:29                      10
================================================================================
[2026-08-12T08:33:50.013+0000] {manager.py:821} INFO - Searching for files in /opt/airflow/dags
[2026-08-12T08:33:50.038+0000] {manager.py:824} INFO - There are 2 files in /opt/airflow/dags
[2026-08-12T08:34:09.308+0000] {manager.py:997} INFO - 
================================================================================
DAG File Processing Stats

File Path                                 PID    Runtime      # DAGs    # Errors  Last Runtime    Last Run               Last # of DB Queries
----------------------------------------  -----  ---------  --------  ----------  --------------  -------------------  ----------------------
/opt/airflow/dags/bash_python.py                                   1           0  0.13s           2026-08-12T08:34:00                      10
/opt/airflow/dags/sales_validator_dag.py                           0           1  0.11s           2026-08-12T08:34:00                       5
================================================================================
[2026-08-12T08:34:39.646+0000] {manager.py:997} INFO - 
================================================================================
DAG File Processing Stats

File Path                                 PID    Runtime      # DAGs    # Errors  Last Runtime    Last Run               Last # of DB Queries
----------------------------------------  -----  ---------  --------  ----------  --------------  -------------------  ----------------------
/opt/airflow/dags/bash_python.py                                   1           0  0.14s           2026-08-12T08:34:30                      10
/opt/airflow/dags/sales_validator_dag.py                           0           1  0.10s           2026-08-12T08:34:30                       5
================================================================================
[2026-08-12T08:35:10.021+0000] {manager.py:997} INFO - 
================================================================================
DAG File Processing Stats

File Path                                 PID    Runtime      # DAGs    # Errors  Last Runtime    Last Run               Last # of DB Queries
----------------------------------------  -----  ---------  --------  ----------  --------------  -------------------  ----------------------
/opt/airflow/dags/bash_python.py                                   1           0  0.14s           2026-08-12T08:35:00                      10
/opt/airflow/dags/sales_validator_dag.py                           0           1  0.11s           2026-08-12T08:35:00                       5
================================================================================
[2026-08-12T08:35:40.395+0000] {manager.py:997} INFO - 
================================================================================
DAG File Processing Stats

File Path                                 PID    Runtime      # DAGs    # Errors  Last Runtime    Last Run               Last # of DB Queries
----------------------------------------  -----  ---------  --------  ----------  --------------  -------------------  ----------------------
/opt/airflow/dags/bash_python.py                                   1           0  0.15s           2026-08-12T08:35:31                      10
/opt/airflow/dags/sales_validator_dag.py                           0           1  0.12s           2026-08-12T08:35:31                       5
================================================================================
[2026-08-12T08:36:10.770+0000] {manager.py:997} INFO - 
================================================================================
DAG File Processing Stats

File Path                                 PID    Runtime      # DAGs    # Errors  Last Runtime    Last Run               Last # of DB Queries
----------------------------------------  -----  ---------  --------  ----------  --------------  -------------------  ----------------------
/opt/airflow/dags/bash_python.py                                   1           0  0.12s           2026-08-12T08:36:01                      10
/opt/airflow/dags/sales_validator_dag.py                           0           1  0.10s           2026-08-12T08:36:01                       5
================================================================================
[2026-08-12T08:36:41.115+0000] {manager.py:997} INFO - 
================================================================================
DAG File Processing Stats

File Path                                 PID    Runtime      # DAGs    # Errors  Last Runtime    Last Run               Last # of DB Queries
----------------------------------------  -----  ---------  --------  ----------  --------------  -------------------  ----------------------
/opt/airflow/dags/bash_python.py                                   1           0  0.11s           2026-08-12T08:36:32                      10
/opt/airflow/dags/sales_validator_dag.py                           0           1  0.10s           2026-08-12T08:36:32                       5
================================================================================
[2026-08-12T08:37:11.468+0000] {manager.py:997} INFO - 
================================================================================
DAG File Processing Stats

File Path                                 PID    Runtime      # DAGs    # Errors  Last Runtime    Last Run               Last # of DB Queries
----------------------------------------  -----  ---------  --------  ----------  --------------  -------------------  ----------------------
/opt/airflow/dags/bash_python.py                                   1           0  0.15s           2026-08-12T08:37:02                      10
/opt/airflow/dags/sales_validator_dag.py                           0           1  0.11s           2026-08-12T08:37:02                       5
================================================================================
[2026-08-12T08:37:41.833+0000] {manager.py:997} INFO - 
================================================================================
DAG File Processing Stats

File Path                                 PID    Runtime      # DAGs    # Errors  Last Runtime    Last Run               Last # of DB Queries
----------------------------------------  -----  ---------  --------  ----------  --------------  -------------------  ----------------------
/opt/airflow/dags/bash_python.py                                   1           0  0.13s           2026-08-12T08:37:32                      10
/opt/airflow/dags/sales_validator_dag.py                           0           1  0.11s           2026-08-12T08:37:32                       5
================================================================================
[2026-08-12T08:38:12.200+0000] {manager.py:997} INFO - 
================================================================================
DAG File Processing Stats

File Path                                 PID    Runtime      # DAGs    # Errors  Last Runtime    Last Run               Last # of DB Queries
----------------------------------------  -----  ---------  --------  ----------  --------------  -------------------  ----------------------
/opt/airflow/dags/bash_python.py                                   1           0  0.15s           2026-08-12T08:38:03                      10
/opt/airflow/dags/sales_validator_dag.py                           0           1  0.12s           2026-08-12T08:38:03                       5
================================================================================
[2026-08-12T08:38:42.586+0000] {manager.py:997} INFO - 
================================================================================
DAG File Processing Stats

File Path                                 PID    Runtime      # DAGs    # Errors  Last Runtime    Last Run               Last # of DB Queries
----------------------------------------  -----  ---------  --------  ----------  --------------  -------------------  ----------------------
/opt/airflow/dags/bash_python.py                                   1           0  0.17s           2026-08-12T08:38:33                      10
/opt/airflow/dags/sales_validator_dag.py                           0           1  0.14s           2026-08-12T08:38:33                       5
================================================================================
[2026-08-12T08:38:50.639+0000] {manager.py:821} INFO - Searching for files in /opt/airflow/dags
[2026-08-12T08:38:50.663+0000] {manager.py:824} INFO - There are 2 files in /opt/airflow/dags
[2026-08-12T08:39:12.963+0000] {manager.py:997} INFO - 
================================================================================
DAG File Processing Stats

File Path                                 PID    Runtime      # DAGs    # Errors  Last Runtime    Last Run               Last # of DB Queries
----------------------------------------  -----  ---------  --------  ----------  --------------  -------------------  ----------------------
/opt/airflow/dags/bash_python.py                                   1           0  0.16s           2026-08-12T08:39:03                      10
/opt/airflow/dags/sales_validator_dag.py                           0           1  0.10s           2026-08-12T08:39:03                       5
================================================================================
[2026-08-12T08:39:43.344+0000] {manager.py:997} INFO - 
================================================================================
DAG File Processing Stats

File Path                                 PID    Runtime      # DAGs    # Errors  Last Runtime    Last Run               Last # of DB Queries
----------------------------------------  -----  ---------  --------  ----------  --------------  -------------------  ----------------------
/opt/airflow/dags/bash_python.py                                   1           0  0.17s           2026-08-12T08:39:34                      10
/opt/airflow/dags/sales_validator_dag.py                           0           1  0.12s           2026-08-12T08:39:34                       5
================================================================================
[2026-08-12T08:40:13.700+0000] {manager.py:997} INFO - 
================================================================================
DAG File Processing Stats

File Path                                 PID    Runtime      # DAGs    # Errors  Last Runtime    Last Run               Last # of DB Queries
----------------------------------------  -----  ---------  --------  ----------  --------------  -------------------  ----------------------
/opt/airflow/dags/bash_python.py                                   1           0  0.12s           2026-08-12T08:40:04                      10
/opt/airflow/dags/sales_validator_dag.py                           0           1  0.11s           2026-08-12T08:40:04                       5
================================================================================
[2026-08-12T08:40:44.086+0000] {manager.py:997} INFO - 
================================================================================
DAG File Processing Stats

File Path                                 PID    Runtime      # DAGs    # Errors  Last Runtime    Last Run               Last # of DB Queries
----------------------------------------  -----  ---------  --------  ----------  --------------  -------------------  ----------------------
/opt/airflow/dags/bash_python.py                                   1           0  0.17s           2026-08-12T08:40:35                      10
/opt/airflow/dags/sales_validator_dag.py                           0           1  0.14s           2026-08-12T08:40:35                       5
================================================================================
[2026-08-12T08:41:14.450+0000] {manager.py:997} INFO - 
================================================================================
DAG File Processing Stats

File Path                                 PID    Runtime      # DAGs    # Errors  Last Runtime    Last Run               Last # of DB Queries
----------------------------------------  -----  ---------  --------  ----------  --------------  -------------------  ----------------------
/opt/airflow/dags/bash_python.py                                   1           0  0.12s           2026-08-12T08:41:05                      10
/opt/airflow/dags/sales_validator_dag.py                           0           1  0.09s           2026-08-12T08:41:05                       5
================================================================================
[2026-08-12T08:41:44.781+0000] {manager.py:997} INFO - 
================================================================================
DAG File Processing Stats

File Path                                 PID    Runtime      # DAGs    # Errors  Last Runtime    Last Run               Last # of DB Queries
----------------------------------------  -----  ---------  --------  ----------  --------------  -------------------  ----------------------
/opt/airflow/dags/bash_python.py                                   1           0  0.12s           2026-08-12T08:41:35                      10
/opt/airflow/dags/sales_validator_dag.py                           0           1  0.09s           2026-08-12T08:41:35                       5
================================================================================
[2026-08-12T08:42:15.135+0000] {manager.py:997} INFO - 
================================================================================
DAG File Processing Stats

File Path                                 PID    Runtime      # DAGs    # Errors  Last Runtime    Last Run               Last # of DB Queries
----------------------------------------  -----  ---------  --------  ----------  --------------  -------------------  ----------------------
/opt/airflow/dags/bash_python.py                                   1           0  0.13s           2026-08-12T08:42:06                      10
/opt/airflow/dags/sales_validator_dag.py                           0           1  0.12s           2026-08-12T08:42:06                       5
================================================================================
[2026-08-12T08:42:45.458+0000] {manager.py:997} INFO - 
================================================================================
DAG File Processing Stats

File Path                                 PID    Runtime      # DAGs    # Errors  Last Runtime    Last Run               Last # of DB Queries
----------------------------------------  -----  ---------  --------  ----------  --------------  -------------------  ----------------------
/opt/airflow/dags/bash_python.py                                   1           0  0.12s           2026-08-12T08:42:36                      10
/opt/airflow/dags/sales_validator_dag.py                           0           1  0.10s           2026-08-12T08:42:36                       5
================================================================================
[2026-08-12T08:43:15.863+0000] {manager.py:997} INFO - 
================================================================================
DAG File Processing Stats

File Path                                 PID    Runtime      # DAGs    # Errors  Last Runtime    Last Run               Last # of DB Queries
----------------------------------------  -----  ---------  --------  ----------  --------------  -------------------  ----------------------
/opt/airflow/dags/bash_python.py                                   1           0  0.18s           2026-08-12T08:43:06                      10
/opt/airflow/dags/sales_validator_dag.py                           0           1  0.15s           2026-08-12T08:43:06                       5
================================================================================
[2026-08-12T08:43:46.190+0000] {manager.py:997} INFO - 
================================================================================
DAG File Processing Stats

File Path                                 PID    Runtime      # DAGs    # Errors  Last Runtime    Last Run               Last # of DB Queries
----------------------------------------  -----  ---------  --------  ----------  --------------  -------------------  ----------------------
/opt/airflow/dags/bash_python.py                                   1           0  0.11s           2026-08-12T08:43:37                      10
/opt/airflow/dags/sales_validator_dag.py                           0           1  0.08s           2026-08-12T08:43:37                       5
================================================================================
[2026-08-12T08:43:51.225+0000] {manager.py:821} INFO - Searching for files in /opt/airflow/dags
[2026-08-12T08:43:51.249+0000] {manager.py:824} INFO - There are 2 files in /opt/airflow/dags
[2026-08-12T08:44:16.587+0000] {manager.py:997} INFO - 
================================================================================
DAG File Processing Stats

File Path                                 PID    Runtime      # DAGs    # Errors  Last Runtime    Last Run               Last # of DB Queries
----------------------------------------  -----  ---------  --------  ----------  --------------  -------------------  ----------------------
/opt/airflow/dags/bash_python.py                                   1           0  0.15s           2026-08-12T08:44:07                      10
/opt/airflow/dags/sales_validator_dag.py                           0           1  0.12s           2026-08-12T08:44:07                       5
================================================================================
[2026-08-12T08:44:46.943+0000] {manager.py:997} INFO - 
================================================================================
DAG File Processing Stats

File Path                                 PID    Runtime      # DAGs    # Errors  Last Runtime    Last Run               Last # of DB Queries
----------------------------------------  -----  ---------  --------  ----------  --------------  -------------------  ----------------------
/opt/airflow/dags/bash_python.py                                   1           0  0.12s           2026-08-12T08:44:37                      10
/opt/airflow/dags/sales_validator_dag.py                           0           1  0.11s           2026-08-12T08:44:37                       5
================================================================================
[2026-08-12T08:45:17.269+0000] {manager.py:997} INFO - 
================================================================================
DAG File Processing Stats

File Path                                 PID    Runtime      # DAGs    # Errors  Last Runtime    Last Run               Last # of DB Queries
----------------------------------------  -----  ---------  --------  ----------  --------------  -------------------  ----------------------
/opt/airflow/dags/bash_python.py                                   1           0  0.16s           2026-08-12T08:45:08                      10
/opt/airflow/dags/sales_validator_dag.py                           0           1  0.11s           2026-08-12T08:45:08                       5
================================================================================
[2026-08-12T08:45:47.599+0000] {manager.py:997} INFO - 
================================================================================
DAG File Processing Stats

File Path                                 PID    Runtime      # DAGs    # Errors  Last Runtime    Last Run               Last # of DB Queries
----------------------------------------  -----  ---------  --------  ----------  --------------  -------------------  ----------------------
/opt/airflow/dags/bash_python.py                                   1           0  0.13s           2026-08-12T08:45:38                      10
/opt/airflow/dags/sales_validator_dag.py                           0           1  0.09s           2026-08-12T08:45:38                       5
================================================================================
[2026-08-12T08:46:17.945+0000] {manager.py:997} INFO - 
================================================================================
DAG File Processing Stats

File Path                                 PID    Runtime      # DAGs    # Errors  Last Runtime    Last Run               Last # of DB Queries
----------------------------------------  -----  ---------  --------  ----------  --------------  -------------------  ----------------------
/opt/airflow/dags/bash_python.py                                   1           0  0.14s           2026-08-12T08:46:08                      10
/opt/airflow/dags/sales_validator_dag.py                           0           1  0.09s           2026-08-12T08:46:08                       5
================================================================================
[2026-08-12T08:46:48.273+0000] {manager.py:997} INFO - 
================================================================================
DAG File Processing Stats

File Path                                 PID    Runtime      # DAGs    # Errors  Last Runtime    Last Run               Last # of DB Queries
----------------------------------------  -----  ---------  --------  ----------  --------------  -------------------  ----------------------
/opt/airflow/dags/bash_python.py                                   1           0  0.13s           2026-08-12T08:46:39                      10
/opt/airflow/dags/sales_validator_dag.py                           0           1  0.10s           2026-08-12T08:46:39                       5
================================================================================
[2026-08-12T08:47:18.619+0000] {manager.py:997} INFO - 
================================================================================
DAG File Processing Stats

File Path                                 PID    Runtime      # DAGs    # Errors  Last Runtime    Last Run               Last # of DB Queries
----------------------------------------  -----  ---------  --------  ----------  --------------  -------------------  ----------------------
/opt/airflow/dags/bash_python.py                                   1           0  0.14s           2026-08-12T08:47:09                      10
/opt/airflow/dags/sales_validator_dag.py                           0           1  0.10s           2026-08-12T08:47:09                       5
================================================================================
[2026-08-12T08:47:49.012+0000] {manager.py:997} INFO - 
================================================================================
DAG File Processing Stats

File Path                                 PID    Runtime      # DAGs    # Errors  Last Runtime    Last Run               Last # of DB Queries
----------------------------------------  -----  ---------  --------  ----------  --------------  -------------------  ----------------------
/opt/airflow/dags/bash_python.py                                   1           0  0.16s           2026-08-12T08:47:40                      10
/opt/airflow/dags/sales_validator_dag.py                           0           1  0.12s           2026-08-12T08:47:39                       5
================================================================================
[2026-08-12T08:48:19.383+0000] {manager.py:997} INFO - 
================================================================================
DAG File Processing Stats

File Path                                 PID    Runtime      # DAGs    # Errors  Last Runtime    Last Run               Last # of DB Queries
----------------------------------------  -----  ---------  --------  ----------  --------------  -------------------  ----------------------
/opt/airflow/dags/bash_python.py                                   1           0  0.16s           2026-08-12T08:48:10                      10
/opt/airflow/dags/sales_validator_dag.py                           0           1  0.13s           2026-08-12T08:48:10                       5
================================================================================
[2026-08-12T08:48:49.725+0000] {manager.py:997} INFO - 
================================================================================
DAG File Processing Stats

File Path                                 PID    Runtime      # DAGs    # Errors  Last Runtime    Last Run               Last # of DB Queries
----------------------------------------  -----  ---------  --------  ----------  --------------  -------------------  ----------------------
/opt/airflow/dags/bash_python.py                                   1           0  0.12s           2026-08-12T08:48:40                      10
/opt/airflow/dags/sales_validator_dag.py                           0           1  0.11s           2026-08-12T08:48:40                       5
================================================================================
[2026-08-12T08:48:51.739+0000] {manager.py:821} INFO - Searching for files in /opt/airflow/dags
[2026-08-12T08:48:51.804+0000] {manager.py:824} INFO - There are 2 files in /opt/airflow/dags
[2026-08-12T08:49:20.190+0000] {manager.py:997} INFO - 
================================================================================
DAG File Processing Stats

File Path                                 PID    Runtime      # DAGs    # Errors  Last Runtime    Last Run               Last # of DB Queries
----------------------------------------  -----  ---------  --------  ----------  --------------  -------------------  ----------------------
/opt/airflow/dags/bash_python.py                                   1           0  0.16s           2026-08-12T08:49:11                      10
/opt/airflow/dags/sales_validator_dag.py                           0           1  0.15s           2026-08-12T08:49:11                       5
================================================================================
[2026-08-12T08:49:50.583+0000] {manager.py:997} INFO - 
================================================================================
DAG File Processing Stats

File Path                                 PID    Runtime      # DAGs    # Errors  Last Runtime    Last Run               Last # of DB Queries
----------------------------------------  -----  ---------  --------  ----------  --------------  -------------------  ----------------------
/opt/airflow/dags/bash_python.py                                   1           0  0.14s           2026-08-12T08:49:41                      10
/opt/airflow/dags/sales_validator_dag.py                           0           1  0.12s           2026-08-12T08:49:41                       5
================================================================================
[2026-08-12T08:50:20.947+0000] {manager.py:997} INFO - 
================================================================================
DAG File Processing Stats

File Path                                 PID    Runtime      # DAGs    # Errors  Last Runtime    Last Run               Last # of DB Queries
----------------------------------------  -----  ---------  --------  ----------  --------------  -------------------  ----------------------
/opt/airflow/dags/bash_python.py                                   1           0  0.16s           2026-08-12T08:50:11                      10
/opt/airflow/dags/sales_validator_dag.py                           0           1  0.10s           2026-08-12T08:50:11                       5
================================================================================
[2026-08-12T08:50:51.330+0000] {manager.py:997} INFO - 
================================================================================
DAG File Processing Stats

File Path                                 PID    Runtime      # DAGs    # Errors  Last Runtime    Last Run               Last # of DB Queries
----------------------------------------  -----  ---------  --------  ----------  --------------  -------------------  ----------------------
/opt/airflow/dags/bash_python.py                                   1           0  0.16s           2026-08-12T08:50:42                      10
/opt/airflow/dags/sales_validator_dag.py                           0           1  0.13s           2026-08-12T08:50:42                       5
================================================================================
[2026-08-12T08:51:21.669+0000] {manager.py:997} INFO - 
================================================================================
DAG File Processing Stats

File Path                                 PID    Runtime      # DAGs    # Errors  Last Runtime    Last Run               Last # of DB Queries
----------------------------------------  -----  ---------  --------  ----------  --------------  -------------------  ----------------------
/opt/airflow/dags/bash_python.py                                   1           0  0.11s           2026-08-12T08:51:12                      10
/opt/airflow/dags/sales_validator_dag.py                           0           1  0.09s           2026-08-12T08:51:12                       5
================================================================================
[2026-08-12T08:51:52.037+0000] {manager.py:997} INFO - 
================================================================================
DAG File Processing Stats

File Path                                 PID    Runtime      # DAGs    # Errors  Last Runtime    Last Run               Last # of DB Queries
----------------------------------------  -----  ---------  --------  ----------  --------------  -------------------  ----------------------
/opt/airflow/dags/bash_python.py                                   1           0  0.14s           2026-08-12T08:51:43                      10
/opt/airflow/dags/sales_validator_dag.py                           0           1  0.12s           2026-08-12T08:51:42                       5
================================================================================
[2026-08-12T08:52:22.425+0000] {manager.py:997} INFO - 
================================================================================
DAG File Processing Stats

File Path                                 PID    Runtime      # DAGs    # Errors  Last Runtime    Last Run               Last # of DB Queries
----------------------------------------  -----  ---------  --------  ----------  --------------  -------------------  ----------------------
/opt/airflow/dags/bash_python.py                                   1           0  0.18s           2026-08-12T08:52:13                      10
/opt/airflow/dags/sales_validator_dag.py                           0           1  0.12s           2026-08-12T08:52:13                       5
================================================================================
[2026-08-12T08:52:52.791+0000] {manager.py:997} INFO - 
================================================================================
DAG File Processing Stats

File Path                                 PID    Runtime      # DAGs    # Errors  Last Runtime    Last Run               Last # of DB Queries
----------------------------------------  -----  ---------  --------  ----------  --------------  -------------------  ----------------------
/opt/airflow/dags/bash_python.py                                   1           0  0.17s           2026-08-12T08:52:43                      10
/opt/airflow/dags/sales_validator_dag.py                           0           1  0.13s           2026-08-12T08:52:43                       5
================================================================================
[2026-08-12T08:53:23.127+0000] {manager.py:997} INFO - 
================================================================================
DAG File Processing Stats

File Path                                 PID    Runtime      # DAGs    # Errors  Last Runtime    Last Run               Last # of DB Queries
----------------------------------------  -----  ---------  --------  ----------  --------------  -------------------  ----------------------
/opt/airflow/dags/bash_python.py                                   1           0  0.13s           2026-08-12T08:53:14                      10
/opt/airflow/dags/sales_validator_dag.py                           0           1  0.10s           2026-08-12T08:53:14                       5
================================================================================
[2026-08-12T08:53:52.514+0000] {manager.py:821} INFO - Searching for files in /opt/airflow/dags
[2026-08-12T08:53:52.542+0000] {manager.py:824} INFO - There are 2 files in /opt/airflow/dags
[2026-08-12T08:53:53.562+0000] {manager.py:997} INFO - 
================================================================================
DAG File Processing Stats

File Path                                 PID    Runtime      # DAGs    # Errors  Last Runtime    Last Run               Last # of DB Queries
----------------------------------------  -----  ---------  --------  ----------  --------------  -------------------  ----------------------
/opt/airflow/dags/bash_python.py                                   1           0  0.17s           2026-08-12T08:53:44                      10
/opt/airflow/dags/sales_validator_dag.py                           0           1  0.13s           2026-08-12T08:53:44                       5
================================================================================
[2026-08-12T08:54:23.916+0000] {manager.py:997} INFO - 
================================================================================
DAG File Processing Stats

File Path                                 PID    Runtime      # DAGs    # Errors  Last Runtime    Last Run               Last # of DB Queries
----------------------------------------  -----  ---------  --------  ----------  --------------  -------------------  ----------------------
/opt/airflow/dags/bash_python.py                                   1           0  0.15s           2026-08-12T08:54:14                      10
/opt/airflow/dags/sales_validator_dag.py                           0           1  0.11s           2026-08-12T08:54:14                       5
================================================================================
[2026-08-12T08:54:54.317+0000] {manager.py:997} INFO - 
================================================================================
DAG File Processing Stats

File Path                                 PID    Runtime      # DAGs    # Errors  Last Runtime    Last Run               Last # of DB Queries
----------------------------------------  -----  ---------  --------  ----------  --------------  -------------------  ----------------------
/opt/airflow/dags/bash_python.py                                   1           0  0.16s           2026-08-12T08:54:45                      10
/opt/airflow/dags/sales_validator_dag.py                           0           1  0.14s           2026-08-12T08:54:45                       5
================================================================================
[2026-08-12T08:55:24.681+0000] {manager.py:997} INFO - 
================================================================================
DAG File Processing Stats

File Path                                 PID    Runtime      # DAGs    # Errors  Last Runtime    Last Run               Last # of DB Queries
----------------------------------------  -----  ---------  --------  ----------  --------------  -------------------  ----------------------
/opt/airflow/dags/bash_python.py                                   1           0  0.12s           2026-08-12T08:55:15                      10
/opt/airflow/dags/sales_validator_dag.py                           0           1  0.12s           2026-08-12T08:55:15                       5
================================================================================
[2026-08-12T08:55:55.019+0000] {manager.py:997} INFO - 
================================================================================
DAG File Processing Stats

File Path                                 PID    Runtime      # DAGs    # Errors  Last Runtime    Last Run               Last # of DB Queries
----------------------------------------  -----  ---------  --------  ----------  --------------  -------------------  ----------------------
/opt/airflow/dags/bash_python.py                                   1           0  0.12s           2026-08-12T08:55:45                      10
/opt/airflow/dags/sales_validator_dag.py                           0           1  0.09s           2026-08-12T08:55:45                       5
================================================================================
[2026-08-12T08:56:25.370+0000] {manager.py:997} INFO - 
================================================================================
DAG File Processing Stats

File Path                                 PID    Runtime      # DAGs    # Errors  Last Runtime    Last Run               Last # of DB Queries
----------------------------------------  -----  ---------  --------  ----------  --------------  -------------------  ----------------------
/opt/airflow/dags/bash_python.py                                   1           0  0.13s           2026-08-12T08:56:16                      10
/opt/airflow/dags/sales_validator_dag.py                           0           1  0.10s           2026-08-12T08:56:16                       5
================================================================================
[2026-08-12T08:56:55.663+0000] {manager.py:997} INFO - 
================================================================================
DAG File Processing Stats

File Path                                 PID    Runtime      # DAGs    # Errors  Last Runtime    Last Run               Last # of DB Queries
----------------------------------------  -----  ---------  --------  ----------  --------------  -------------------  ----------------------
/opt/airflow/dags/bash_python.py                                   1           0  0.12s           2026-08-12T08:56:46                      10
/opt/airflow/dags/sales_validator_dag.py                           0           1  0.08s           2026-08-12T08:56:46                       5
================================================================================
[2026-08-12T08:57:26.029+0000] {manager.py:997} INFO - 
================================================================================
DAG File Processing Stats

File Path                                 PID    Runtime      # DAGs    # Errors  Last Runtime    Last Run               Last # of DB Queries
----------------------------------------  -----  ---------  --------  ----------  --------------  -------------------  ----------------------
/opt/airflow/dags/bash_python.py                                   1           0  0.13s           2026-08-12T08:57:16                      10
/opt/airflow/dags/sales_validator_dag.py                           0           1  0.09s           2026-08-12T08:57:16                       5
================================================================================
[2026-08-12T08:57:56.403+0000] {manager.py:997} INFO - 
================================================================================
DAG File Processing Stats

File Path                                 PID    Runtime      # DAGs    # Errors  Last Runtime    Last Run               Last # of DB Queries
----------------------------------------  -----  ---------  --------  ----------  --------------  -------------------  ----------------------
/opt/airflow/dags/bash_python.py                                   1           0  0.16s           2026-08-12T08:57:47                      10
/opt/airflow/dags/sales_validator_dag.py                           0           1  0.12s           2026-08-12T08:57:47                       5
================================================================================
[2026-08-12T08:58:26.743+0000] {manager.py:997} INFO - 
================================================================================
DAG File Processing Stats

File Path                                 PID    Runtime      # DAGs    # Errors  Last Runtime    Last Run               Last # of DB Queries
----------------------------------------  -----  ---------  --------  ----------  --------------  -------------------  ----------------------
/opt/airflow/dags/bash_python.py                                   1           0  0.14s           2026-08-12T08:58:17                      10
/opt/airflow/dags/sales_validator_dag.py                           0           1  0.10s           2026-08-12T08:58:17                       5
================================================================================
[2026-08-12T08:58:53.030+0000] {manager.py:821} INFO - Searching for files in /opt/airflow/dags
[2026-08-12T08:58:53.054+0000] {manager.py:824} INFO - There are 2 files in /opt/airflow/dags
[2026-08-12T08:58:57.090+0000] {manager.py:997} INFO - 
================================================================================
DAG File Processing Stats

File Path                                 PID    Runtime      # DAGs    # Errors  Last Runtime    Last Run               Last # of DB Queries
----------------------------------------  -----  ---------  --------  ----------  --------------  -------------------  ----------------------
/opt/airflow/dags/bash_python.py                                   1           0  0.13s           2026-08-12T08:58:48                      10
/opt/airflow/dags/sales_validator_dag.py                           0           1  0.10s           2026-08-12T08:58:47                       5
================================================================================
[2026-08-12T08:59:27.465+0000] {manager.py:997} INFO - 
================================================================================
DAG File Processing Stats

File Path                                 PID    Runtime      # DAGs    # Errors  Last Runtime    Last Run               Last # of DB Queries
----------------------------------------  -----  ---------  --------  ----------  --------------  -------------------  ----------------------
/opt/airflow/dags/bash_python.py                                   1           0  0.18s           2026-08-12T08:59:18                      10
/opt/airflow/dags/sales_validator_dag.py                           0           1  0.14s           2026-08-12T08:59:18                       5
================================================================================
[2026-08-12T08:59:57.821+0000] {manager.py:997} INFO - 
================================================================================
DAG File Processing Stats

File Path                                 PID    Runtime      # DAGs    # Errors  Last Runtime    Last Run               Last # of DB Queries
----------------------------------------  -----  ---------  --------  ----------  --------------  -------------------  ----------------------
/opt/airflow/dags/bash_python.py                                   1           0  0.14s           2026-08-12T08:59:48                      10
/opt/airflow/dags/sales_validator_dag.py                           0           1  0.12s           2026-08-12T08:59:48                       5
================================================================================
[2026-08-12T09:00:28.183+0000] {manager.py:997} INFO - 
================================================================================
DAG File Processing Stats

File Path                                 PID    Runtime      # DAGs    # Errors  Last Runtime    Last Run               Last # of DB Queries
----------------------------------------  -----  ---------  --------  ----------  --------------  -------------------  ----------------------
/opt/airflow/dags/bash_python.py                                   1           0  0.15s           2026-08-12T09:00:19                      10
/opt/airflow/dags/sales_validator_dag.py                           0           1  0.12s           2026-08-12T09:00:19                       5
================================================================================
[2026-08-12T09:00:58.533+0000] {manager.py:997} INFO - 
================================================================================
DAG File Processing Stats

File Path                                 PID    Runtime      # DAGs    # Errors  Last Runtime    Last Run               Last # of DB Queries
----------------------------------------  -----  ---------  --------  ----------  --------------  -------------------  ----------------------
/opt/airflow/dags/bash_python.py                                   1           0  0.12s           2026-08-12T09:00:49                      10
/opt/airflow/dags/sales_validator_dag.py                           0           1  0.10s           2026-08-12T09:00:49                       5
================================================================================
[2026-08-12T09:01:28.899+0000] {manager.py:997} INFO - 
================================================================================
DAG File Processing Stats

File Path                                 PID    Runtime      # DAGs    # Errors  Last Runtime    Last Run               Last # of DB Queries
----------------------------------------  -----  ---------  --------  ----------  --------------  -------------------  ----------------------
/opt/airflow/dags/bash_python.py                                   1           0  0.13s           2026-08-12T09:01:19                      10
/opt/airflow/dags/sales_validator_dag.py                           0           1  0.10s           2026-08-12T09:01:19                       5
================================================================================
[2026-08-12T09:01:59.246+0000] {manager.py:997} INFO - 
================================================================================
DAG File Processing Stats

File Path                                 PID    Runtime      # DAGs    # Errors  Last Runtime    Last Run               Last # of DB Queries
----------------------------------------  -----  ---------  --------  ----------  --------------  -------------------  ----------------------
/opt/airflow/dags/bash_python.py                                   1           0  0.12s           2026-08-12T09:01:50                      10
/opt/airflow/dags/sales_validator_dag.py                           0           1  0.09s           2026-08-12T09:01:50                       5
================================================================================
[2026-08-12T09:02:29.613+0000] {manager.py:997} INFO - 
================================================================================
DAG File Processing Stats

File Path                                 PID    Runtime      # DAGs    # Errors  Last Runtime    Last Run               Last # of DB Queries
----------------------------------------  -----  ---------  --------  ----------  --------------  -------------------  ----------------------
/opt/airflow/dags/bash_python.py                                   1           0  0.19s           2026-08-12T09:02:20                      10
/opt/airflow/dags/sales_validator_dag.py                           0           1  0.13s           2026-08-12T09:02:20                       5
================================================================================
[2026-08-12T09:02:59.956+0000] {manager.py:997} INFO - 
================================================================================
DAG File Processing Stats

File Path                                 PID    Runtime      # DAGs    # Errors  Last Runtime    Last Run               Last # of DB Queries
----------------------------------------  -----  ---------  --------  ----------  --------------  -------------------  ----------------------
/opt/airflow/dags/bash_python.py                                   1           0  0.12s           2026-08-12T09:02:50                      10
/opt/airflow/dags/sales_validator_dag.py                           0           1  0.11s           2026-08-12T09:02:50                       5
================================================================================
[2026-08-12T09:03:30.282+0000] {manager.py:997} INFO - 
================================================================================
DAG File Processing Stats

File Path                                 PID    Runtime      # DAGs    # Errors  Last Runtime    Last Run               Last # of DB Queries
----------------------------------------  -----  ---------  --------  ----------  --------------  -------------------  ----------------------
/opt/airflow/dags/bash_python.py                                   1           0  0.14s           2026-08-12T09:03:21                      10
/opt/airflow/dags/sales_validator_dag.py                           0           1  0.10s           2026-08-12T09:03:21                       5
================================================================================
[2026-08-12T09:03:53.577+0000] {manager.py:821} INFO - Searching for files in /opt/airflow/dags
[2026-08-12T09:03:53.605+0000] {manager.py:824} INFO - There are 2 files in /opt/airflow/dags
[2026-08-12T09:04:00.672+0000] {manager.py:997} INFO - 
================================================================================
DAG File Processing Stats

File Path                                 PID    Runtime      # DAGs    # Errors  Last Runtime    Last Run               Last # of DB Queries
----------------------------------------  -----  ---------  --------  ----------  --------------  -------------------  ----------------------
/opt/airflow/dags/bash_python.py                                   1           0  0.12s           2026-08-12T09:03:51                      10
/opt/airflow/dags/sales_validator_dag.py                           0           1  0.11s           2026-08-12T09:03:51                       5
================================================================================
[2026-08-12T09:04:31.007+0000] {manager.py:997} INFO - 
================================================================================
DAG File Processing Stats

File Path                                 PID    Runtime      # DAGs    # Errors  Last Runtime    Last Run               Last # of DB Queries
----------------------------------------  -----  ---------  --------  ----------  --------------  -------------------  ----------------------
/opt/airflow/dags/bash_python.py                                   1           0  0.14s           2026-08-12T09:04:21                      10
/opt/airflow/dags/sales_validator_dag.py                           0           1  0.10s           2026-08-12T09:04:21                       5
================================================================================
[2026-08-12T09:05:01.388+0000] {manager.py:997} INFO - 
================================================================================
DAG File Processing Stats

File Path                                 PID    Runtime      # DAGs    # Errors  Last Runtime    Last Run               Last # of DB Queries
----------------------------------------  -----  ---------  --------  ----------  --------------  -------------------  ----------------------
/opt/airflow/dags/bash_python.py                                   1           0  0.14s           2026-08-12T09:04:52                      10
/opt/airflow/dags/sales_validator_dag.py                           0           1  0.12s           2026-08-12T09:04:52                       5
================================================================================
[2026-08-12T09:05:31.733+0000] {manager.py:997} INFO - 
================================================================================
DAG File Processing Stats

File Path                                 PID    Runtime      # DAGs    # Errors  Last Runtime    Last Run               Last # of DB Queries
----------------------------------------  -----  ---------  --------  ----------  --------------  -------------------  ----------------------
/opt/airflow/dags/bash_python.py                                   1           0  0.11s           2026-08-12T09:05:22                      10
/opt/airflow/dags/sales_validator_dag.py                           0           1  0.09s           2026-08-12T09:05:22                       5
================================================================================
[2026-08-12T09:06:02.124+0000] {manager.py:997} INFO - 
================================================================================
DAG File Processing Stats

File Path                                 PID    Runtime      # DAGs    # Errors  Last Runtime    Last Run               Last # of DB Queries
----------------------------------------  -----  ---------  --------  ----------  --------------  -------------------  ----------------------
/opt/airflow/dags/bash_python.py                                   1           0  0.15s           2026-08-12T09:05:53                      10
/opt/airflow/dags/sales_validator_dag.py                           0           1  0.13s           2026-08-12T09:05:53                       5
================================================================================
[2026-08-12T09:06:32.479+0000] {manager.py:997} INFO - 
================================================================================
DAG File Processing Stats

File Path                                 PID    Runtime      # DAGs    # Errors  Last Runtime    Last Run               Last # of DB Queries
----------------------------------------  -----  ---------  --------  ----------  --------------  -------------------  ----------------------
/opt/airflow/dags/bash_python.py                                   1           0  0.12s           2026-08-12T09:06:23                      10
/opt/airflow/dags/sales_validator_dag.py                           0           1  0.11s           2026-08-12T09:06:23                       5
================================================================================
[2026-08-12T09:07:02.830+0000] {manager.py:997} INFO - 
================================================================================
DAG File Processing Stats

File Path                                 PID    Runtime      # DAGs    # Errors  Last Runtime    Last Run               Last # of DB Queries
----------------------------------------  -----  ---------  --------  ----------  --------------  -------------------  ----------------------
/opt/airflow/dags/bash_python.py                                   1           0  0.14s           2026-08-12T09:06:53                      10
/opt/airflow/dags/sales_validator_dag.py                           0           1  0.10s           2026-08-12T09:06:53                       5
================================================================================
[2026-08-12T09:07:33.199+0000] {manager.py:997} INFO - 
================================================================================
DAG File Processing Stats

File Path                                 PID    Runtime      # DAGs    # Errors  Last Runtime    Last Run               Last # of DB Queries
----------------------------------------  -----  ---------  --------  ----------  --------------  -------------------  ----------------------
/opt/airflow/dags/bash_python.py                                   1           0  0.15s           2026-08-12T09:07:24                      10
/opt/airflow/dags/sales_validator_dag.py                           0           1  0.13s           2026-08-12T09:07:24                       5
================================================================================
[2026-08-12T09:08:03.525+0000] {manager.py:997} INFO - 
================================================================================
DAG File Processing Stats

File Path                                 PID    Runtime      # DAGs    # Errors  Last Runtime    Last Run               Last # of DB Queries
----------------------------------------  -----  ---------  --------  ----------  --------------  -------------------  ----------------------
/opt/airflow/dags/bash_python.py                                   1           0  0.14s           2026-08-12T09:07:54                      10
/opt/airflow/dags/sales_validator_dag.py                           0           1  0.09s           2026-08-12T09:07:54                       5
================================================================================
[2026-08-12T09:08:33.856+0000] {manager.py:997} INFO - 
================================================================================
DAG File Processing Stats

File Path                                 PID    Runtime      # DAGs    # Errors  Last Runtime    Last Run               Last # of DB Queries
----------------------------------------  -----  ---------  --------  ----------  --------------  -------------------  ----------------------
/opt/airflow/dags/bash_python.py                                   1           0  0.15s           2026-08-12T09:08:24                      10
/opt/airflow/dags/sales_validator_dag.py                           0           1  0.11s           2026-08-12T09:08:24                       5
================================================================================
[2026-08-12T09:08:53.994+0000] {manager.py:821} INFO - Searching for files in /opt/airflow/dags
[2026-08-12T09:08:54.018+0000] {manager.py:824} INFO - There are 2 files in /opt/airflow/dags
[2026-08-12T09:09:04.229+0000] {manager.py:997} INFO - 
================================================================================
DAG File Processing Stats

File Path                                 PID    Runtime      # DAGs    # Errors  Last Runtime    Last Run               Last # of DB Queries
----------------------------------------  -----  ---------  --------  ----------  --------------  -------------------  ----------------------
/opt/airflow/dags/bash_python.py                                   1           0  0.16s           2026-08-12T09:08:55                      10
/opt/airflow/dags/sales_validator_dag.py                           0           1  0.12s           2026-08-12T09:08:55                       5
================================================================================
[2026-08-12T09:09:34.568+0000] {manager.py:997} INFO - 
================================================================================
DAG File Processing Stats

File Path                                 PID    Runtime      # DAGs    # Errors  Last Runtime    Last Run               Last # of DB Queries
----------------------------------------  -----  ---------  --------  ----------  --------------  -------------------  ----------------------
/opt/airflow/dags/bash_python.py                                   1           0  0.12s           2026-08-12T09:09:25                      10
/opt/airflow/dags/sales_validator_dag.py                           0           1  0.10s           2026-08-12T09:09:25                       5
================================================================================
[2026-08-12T09:10:04.907+0000] {manager.py:997} INFO - 
================================================================================
DAG File Processing Stats

File Path                                 PID    Runtime      # DAGs    # Errors  Last Runtime    Last Run               Last # of DB Queries
----------------------------------------  -----  ---------  --------  ----------  --------------  -------------------  ----------------------
/opt/airflow/dags/bash_python.py                                   1           0  0.15s           2026-08-12T09:09:55                      10
/opt/airflow/dags/sales_validator_dag.py                           0           1  0.10s           2026-08-12T09:09:55                       5
================================================================================
[2026-08-12T10:32:59.034+0000] {manager.py:821} INFO - Searching for files in /opt/airflow/dags
[2026-08-12T10:32:59.059+0000] {manager.py:824} INFO - There are 2 files in /opt/airflow/dags
[2026-08-12T10:33:11.254+0000] {manager.py:997} INFO - 
================================================================================
DAG File Processing Stats

File Path                                 PID    Runtime      # DAGs    # Errors  Last Runtime    Last Run               Last # of DB Queries
----------------------------------------  -----  ---------  --------  ----------  --------------  -------------------  ----------------------
/opt/airflow/dags/bash_python.py                                   1           0  0.11s           2026-08-12T10:32:59                      10
/opt/airflow/dags/sales_validator_dag.py                           0           1  0.08s           2026-08-12T10:32:59                       5
================================================================================
[2026-08-12T10:33:41.574+0000] {manager.py:997} INFO - 
================================================================================
DAG File Processing Stats

File Path                                 PID    Runtime      # DAGs    # Errors  Last Runtime    Last Run               Last # of DB Queries
----------------------------------------  -----  ---------  --------  ----------  --------------  -------------------  ----------------------
/opt/airflow/dags/bash_python.py                                   1           0  0.12s           2026-08-12T10:33:29                      10
/opt/airflow/dags/sales_validator_dag.py                           0           1  0.09s           2026-08-12T10:33:29                       5
================================================================================
[2026-08-12T10:34:11.989+0000] {manager.py:997} INFO - 
================================================================================
DAG File Processing Stats

File Path                                 PID    Runtime      # DAGs    # Errors  Last Runtime    Last Run               Last # of DB Queries
----------------------------------------  -----  ---------  --------  ----------  --------------  -------------------  ----------------------
/opt/airflow/dags/bash_python.py                                   1           0  0.20s           2026-08-12T10:33:59                      10
/opt/airflow/dags/sales_validator_dag.py                           0           1  0.14s           2026-08-12T10:33:59                       5
================================================================================
[2026-08-12T10:34:42.344+0000] {manager.py:997} INFO - 
================================================================================
DAG File Processing Stats

File Path                                 PID    Runtime      # DAGs    # Errors  Last Runtime    Last Run               Last # of DB Queries
----------------------------------------  -----  ---------  --------  ----------  --------------  -------------------  ----------------------
/opt/airflow/dags/bash_python.py                                   1           0  0.16s           2026-08-12T10:34:30                      10
/opt/airflow/dags/sales_validator_dag.py                           0           1  0.12s           2026-08-12T10:34:30                       5
================================================================================
[2026-08-12T10:35:12.689+0000] {manager.py:997} INFO - 
================================================================================
DAG File Processing Stats

File Path                                 PID    Runtime      # DAGs    # Errors  Last Runtime    Last Run               Last # of DB Queries
----------------------------------------  -----  ---------  --------  ----------  --------------  -------------------  ----------------------
/opt/airflow/dags/bash_python.py                                   1           0  0.13s           2026-08-12T10:35:00                      10
/opt/airflow/dags/sales_validator_dag.py                           0           1  0.12s           2026-08-12T10:35:00                       5
================================================================================
[2026-08-12T10:35:43.005+0000] {manager.py:997} INFO - 
================================================================================
DAG File Processing Stats

File Path                                 PID    Runtime      # DAGs    # Errors  Last Runtime    Last Run               Last # of DB Queries
----------------------------------------  -----  ---------  --------  ----------  --------------  -------------------  ----------------------
/opt/airflow/dags/bash_python.py                                   1           0  0.12s           2026-08-12T10:35:30                      10
/opt/airflow/dags/sales_validator_dag.py                           0           1  0.09s           2026-08-12T10:35:30                       5
================================================================================
[2026-08-12T10:36:13.341+0000] {manager.py:997} INFO - 
================================================================================
DAG File Processing Stats

File Path                                 PID    Runtime      # DAGs    # Errors  Last Runtime    Last Run               Last # of DB Queries
----------------------------------------  -----  ---------  --------  ----------  --------------  -------------------  ----------------------
/opt/airflow/dags/bash_python.py                                   1           0  0.16s           2026-08-12T10:36:01                      10
/opt/airflow/dags/sales_validator_dag.py                           0           1  0.09s           2026-08-12T10:36:01                       5
================================================================================
[2026-08-13T01:52:57.718+0000] {manager.py:821} INFO - Searching for files in /opt/airflow/dags
[2026-08-13T01:52:57.806+0000] {manager.py:824} INFO - There are 2 files in /opt/airflow/dags
[2026-08-17T12:57:59.275+0000] {manager.py:821} INFO - Searching for files in /opt/airflow/dags
[2026-08-17T12:57:59.766+0000] {manager.py:824} INFO - There are 2 files in /opt/airflow/dags
[2026-08-17T12:58:14.057+0000] {manager.py:997} INFO - 
================================================================================
DAG File Processing Stats

File Path                                 PID    Runtime      # DAGs    # Errors  Last Runtime    Last Run               Last # of DB Queries
----------------------------------------  -----  ---------  --------  ----------  --------------  -------------------  ----------------------
/opt/airflow/dags/bash_python.py                                   1           0  2.43s           2026-08-17T12:58:02                      32
/opt/airflow/dags/sales_validator_dag.py                           0           1  0.14s           2026-08-17T12:57:59                       5
================================================================================
[2026-08-17T12:58:44.388+0000] {manager.py:997} INFO - 
================================================================================
DAG File Processing Stats

File Path                                 PID    Runtime      # DAGs    # Errors  Last Runtime    Last Run               Last # of DB Queries
----------------------------------------  -----  ---------  --------  ----------  --------------  -------------------  ----------------------
/opt/airflow/dags/bash_python.py                                   1           0  0.14s           2026-08-17T12:58:32                      10
/opt/airflow/dags/sales_validator_dag.py                           0           1  0.09s           2026-08-17T12:58:30                       5
================================================================================
[2026-08-17T12:59:11.558+0000] {manager.py:997} INFO - 
================================================================================
DAG File Processing Stats

File Path                                   PID  Runtime      # DAGs    # Errors  Last Runtime    Last Run               Last # of DB Queries
----------------------------------------  -----  ---------  --------  ----------  --------------  -------------------  ----------------------
/opt/airflow/dags/bash_python.py                                   1           0  0.12s           2026-08-17T12:59:02                      10
/opt/airflow/dags/sales_validator_dag.py   1935  0.01s             0           1  0.07s           2026-08-17T12:59:11                       5
================================================================================
[2026-08-17T12:59:45.108+0000] {manager.py:997} INFO - 
================================================================================
DAG File Processing Stats

File Path                                 PID    Runtime      # DAGs    # Errors  Last Runtime    Last Run               Last # of DB Queries
----------------------------------------  -----  ---------  --------  ----------  --------------  -------------------  ----------------------
/opt/airflow/dags/bash_python.py                                   1           0  0.15s           2026-08-17T12:59:33                      10
/opt/airflow/dags/sales_validator_dag.py                           0           1  0.10s           2026-08-17T12:59:42                       5
================================================================================
[2026-08-17T13:00:15.895+0000] {manager.py:997} INFO - 
================================================================================
DAG File Processing Stats

File Path                                 PID    Runtime      # DAGs    # Errors  Last Runtime    Last Run               Last # of DB Queries
----------------------------------------  -----  ---------  --------  ----------  --------------  -------------------  ----------------------
/opt/airflow/dags/bash_python.py                                   1           0  0.19s           2026-08-17T13:00:03                      10
/opt/airflow/dags/sales_validator_dag.py                           0           1  0.12s           2026-08-17T13:00:12                       5
================================================================================
[2026-08-17T13:00:46.276+0000] {manager.py:997} INFO - 
================================================================================
DAG File Processing Stats

File Path                                 PID    Runtime      # DAGs    # Errors  Last Runtime    Last Run               Last # of DB Queries
----------------------------------------  -----  ---------  --------  ----------  --------------  -------------------  ----------------------
/opt/airflow/dags/bash_python.py                                   1           0  0.16s           2026-08-17T13:00:34                      10
/opt/airflow/dags/sales_validator_dag.py                           0           1  0.11s           2026-08-17T13:00:43                       5
================================================================================
[2026-08-17T13:01:16.649+0000] {manager.py:997} INFO - 
================================================================================
DAG File Processing Stats

File Path                                 PID    Runtime      # DAGs    # Errors  Last Runtime    Last Run               Last # of DB Queries
----------------------------------------  -----  ---------  --------  ----------  --------------  -------------------  ----------------------
/opt/airflow/dags/bash_python.py                                   1           0  0.12s           2026-08-17T13:01:04                      10
/opt/airflow/dags/sales_validator_dag.py                           0           1  0.10s           2026-08-17T13:01:13                       5
================================================================================
[2026-08-17T13:01:47.044+0000] {manager.py:997} INFO - 
================================================================================
DAG File Processing Stats

File Path                                 PID    Runtime      # DAGs    # Errors  Last Runtime    Last Run               Last # of DB Queries
----------------------------------------  -----  ---------  --------  ----------  --------------  -------------------  ----------------------
/opt/airflow/dags/bash_python.py                                   1           0  0.15s           2026-08-17T13:01:34                      10
/opt/airflow/dags/sales_validator_dag.py                           0           1  0.12s           2026-08-17T13:01:44                       5
================================================================================
[2026-08-17T13:02:17.320+0000] {manager.py:997} INFO - 
================================================================================
DAG File Processing Stats

File Path                                 PID    Runtime      # DAGs    # Errors  Last Runtime    Last Run               Last # of DB Queries
----------------------------------------  -----  ---------  --------  ----------  --------------  -------------------  ----------------------
/opt/airflow/dags/bash_python.py                                   1           0  0.12s           2026-08-17T13:02:05                      10
/opt/airflow/dags/sales_validator_dag.py                           0           1  0.08s           2026-08-17T13:02:14                       5
================================================================================
[2026-08-17T13:12:26.711+0000] {manager.py:821} INFO - Searching for files in /opt/airflow/dags
[2026-08-17T13:12:26.792+0000] {manager.py:824} INFO - There are 2 files in /opt/airflow/dags
[2026-08-17T13:14:52.400+0000] {manager.py:997} INFO - 
================================================================================
DAG File Processing Stats

File Path                                 PID    Runtime      # DAGs    # Errors  Last Runtime    Last Run               Last # of DB Queries
----------------------------------------  -----  ---------  --------  ----------  --------------  -------------------  ----------------------
/opt/airflow/dags/bash_python.py                                   1           0  0.17s           2026-08-17T13:14:46                      10
/opt/airflow/dags/sales_validator_dag.py                           0           1  0.10s           2026-08-17T13:14:46                       5
================================================================================
[2026-08-17T13:15:22.815+0000] {manager.py:997} INFO - 
================================================================================
DAG File Processing Stats

File Path                                 PID    Runtime      # DAGs    # Errors  Last Runtime    Last Run               Last # of DB Queries
----------------------------------------  -----  ---------  --------  ----------  --------------  -------------------  ----------------------
/opt/airflow/dags/bash_python.py                                   1           0  0.14s           2026-08-17T13:15:16                      10
/opt/airflow/dags/sales_validator_dag.py                           0           1  0.12s           2026-08-17T13:15:16                       5
================================================================================
[2026-08-17T13:15:53.176+0000] {manager.py:997} INFO - 
================================================================================
DAG File Processing Stats

File Path                                 PID    Runtime      # DAGs    # Errors  Last Runtime    Last Run               Last # of DB Queries
----------------------------------------  -----  ---------  --------  ----------  --------------  -------------------  ----------------------
/opt/airflow/dags/bash_python.py                                   1           0  0.17s           2026-08-17T13:15:47                      10
/opt/airflow/dags/sales_validator_dag.py                           0           1  0.11s           2026-08-17T13:15:47                       5
================================================================================
[2026-08-17T13:16:23.582+0000] {manager.py:997} INFO - 
================================================================================
DAG File Processing Stats

File Path                                 PID    Runtime      # DAGs    # Errors  Last Runtime    Last Run               Last # of DB Queries
----------------------------------------  -----  ---------  --------  ----------  --------------  -------------------  ----------------------
/opt/airflow/dags/bash_python.py                                   1           0  0.16s           2026-08-17T13:16:17                      10
/opt/airflow/dags/sales_validator_dag.py                           0           1  0.14s           2026-08-17T13:16:17                       5
================================================================================
[2026-08-17T13:16:53.989+0000] {manager.py:997} INFO - 
================================================================================
DAG File Processing Stats

File Path                                 PID    Runtime      # DAGs    # Errors  Last Runtime    Last Run               Last # of DB Queries
----------------------------------------  -----  ---------  --------  ----------  --------------  -------------------  ----------------------
/opt/airflow/dags/bash_python.py                                   1           0  0.17s           2026-08-17T13:16:47                      10
/opt/airflow/dags/sales_validator_dag.py                           0           1  0.13s           2026-08-17T13:16:47                       5
================================================================================
[2026-08-17T13:17:24.456+0000] {manager.py:997} INFO - 
================================================================================
DAG File Processing Stats

File Path                                 PID    Runtime      # DAGs    # Errors  Last Runtime    Last Run               Last # of DB Queries
----------------------------------------  -----  ---------  --------  ----------  --------------  -------------------  ----------------------
/opt/airflow/dags/bash_python.py                                   1           0  0.18s           2026-08-17T13:17:18                      10
/opt/airflow/dags/sales_validator_dag.py                           0           1  0.14s           2026-08-17T13:17:18                       5
================================================================================
[2026-08-17T13:17:27.483+0000] {manager.py:821} INFO - Searching for files in /opt/airflow/dags
[2026-08-17T13:17:27.521+0000] {manager.py:824} INFO - There are 2 files in /opt/airflow/dags
[2026-08-17T13:17:54.895+0000] {manager.py:997} INFO - 
================================================================================
DAG File Processing Stats

File Path                                 PID    Runtime      # DAGs    # Errors  Last Runtime    Last Run               Last # of DB Queries
----------------------------------------  -----  ---------  --------  ----------  --------------  -------------------  ----------------------
/opt/airflow/dags/bash_python.py                                   1           0  0.15s           2026-08-17T13:17:48                      10
/opt/airflow/dags/sales_validator_dag.py                           0           1  0.10s           2026-08-17T13:17:48                       5
================================================================================
[2026-08-17T13:18:25.246+0000] {manager.py:997} INFO - 
================================================================================
DAG File Processing Stats

File Path                                 PID    Runtime      # DAGs    # Errors  Last Runtime    Last Run               Last # of DB Queries
----------------------------------------  -----  ---------  --------  ----------  --------------  -------------------  ----------------------
/opt/airflow/dags/bash_python.py                                   1           0  0.11s           2026-08-17T13:18:19                      10
/opt/airflow/dags/sales_validator_dag.py                           0           1  0.09s           2026-08-17T13:18:19                       5
================================================================================
[2026-08-17T13:18:55.580+0000] {manager.py:997} INFO - 
================================================================================
DAG File Processing Stats

File Path                                 PID    Runtime      # DAGs    # Errors  Last Runtime    Last Run               Last # of DB Queries
----------------------------------------  -----  ---------  --------  ----------  --------------  -------------------  ----------------------
/opt/airflow/dags/bash_python.py                                   1           0  0.12s           2026-08-17T13:18:49                      10
/opt/airflow/dags/sales_validator_dag.py                           0           1  0.08s           2026-08-17T13:18:49                       5
================================================================================
[2026-08-17T13:19:25.955+0000] {manager.py:997} INFO - 
================================================================================
DAG File Processing Stats

File Path                                 PID    Runtime      # DAGs    # Errors  Last Runtime    Last Run               Last # of DB Queries
----------------------------------------  -----  ---------  --------  ----------  --------------  -------------------  ----------------------
/opt/airflow/dags/bash_python.py                                   1           0  0.17s           2026-08-17T13:19:19                      10
/opt/airflow/dags/sales_validator_dag.py                           0           1  0.12s           2026-08-17T13:19:19                       5
================================================================================
[2026-08-17T13:19:56.307+0000] {manager.py:997} INFO - 
================================================================================
DAG File Processing Stats

File Path                                 PID    Runtime      # DAGs    # Errors  Last Runtime    Last Run               Last # of DB Queries
----------------------------------------  -----  ---------  --------  ----------  --------------  -------------------  ----------------------
/opt/airflow/dags/bash_python.py                                   1           0  0.15s           2026-08-17T13:19:50                      10
/opt/airflow/dags/sales_validator_dag.py                           0           1  0.09s           2026-08-17T13:19:50                       5
================================================================================
[2026-08-17T13:20:36.638+0000] {manager.py:997} INFO - 
================================================================================
DAG File Processing Stats

File Path                                 PID    Runtime      # DAGs    # Errors  Last Runtime    Last Run               Last # of DB Queries
----------------------------------------  -----  ---------  --------  ----------  --------------  -------------------  ----------------------
/opt/airflow/dags/bash_python.py                                   1           0  0.44s           2026-08-17T13:20:20                      10
/opt/airflow/dags/sales_validator_dag.py                           0           1  0.27s           2026-08-17T13:20:20                       5
================================================================================
[2026-08-17T13:21:07.184+0000] {manager.py:997} INFO - 
================================================================================
DAG File Processing Stats

File Path                                 PID    Runtime      # DAGs    # Errors  Last Runtime    Last Run               Last # of DB Queries
----------------------------------------  -----  ---------  --------  ----------  --------------  -------------------  ----------------------
/opt/airflow/dags/bash_python.py                                   1           0  0.12s           2026-08-17T13:20:51                      10
/opt/airflow/dags/sales_validator_dag.py                           0           1  0.08s           2026-08-17T13:20:51                       5
================================================================================
[2026-08-17T13:21:37.552+0000] {manager.py:997} INFO - 
================================================================================
DAG File Processing Stats

File Path                                 PID    Runtime      # DAGs    # Errors  Last Runtime    Last Run               Last # of DB Queries
----------------------------------------  -----  ---------  --------  ----------  --------------  -------------------  ----------------------
/opt/airflow/dags/bash_python.py                                   1           0  0.16s           2026-08-17T13:21:21                      10
/opt/airflow/dags/sales_validator_dag.py                           0           1  0.13s           2026-08-17T13:21:21                       5
================================================================================
[2026-08-17T13:22:07.880+0000] {manager.py:997} INFO - 
================================================================================
DAG File Processing Stats

File Path                                 PID    Runtime      # DAGs    # Errors  Last Runtime    Last Run               Last # of DB Queries
----------------------------------------  -----  ---------  --------  ----------  --------------  -------------------  ----------------------
/opt/airflow/dags/bash_python.py                                   1           0  0.13s           2026-08-17T13:21:51                      10
/opt/airflow/dags/sales_validator_dag.py                           0           1  0.08s           2026-08-17T13:21:51                       5
================================================================================
[2026-08-17T13:22:28.140+0000] {manager.py:821} INFO - Searching for files in /opt/airflow/dags
[2026-08-17T13:22:28.166+0000] {manager.py:824} INFO - There are 2 files in /opt/airflow/dags
[2026-08-17T13:22:38.261+0000] {manager.py:997} INFO - 
================================================================================
DAG File Processing Stats

File Path                                 PID    Runtime      # DAGs    # Errors  Last Runtime    Last Run               Last # of DB Queries
----------------------------------------  -----  ---------  --------  ----------  --------------  -------------------  ----------------------
/opt/airflow/dags/bash_python.py                                   1           0  0.17s           2026-08-17T13:22:22                      10
/opt/airflow/dags/sales_validator_dag.py                           0           1  0.11s           2026-08-17T13:22:22                       5
================================================================================
[2026-08-17T13:23:08.650+0000] {manager.py:997} INFO - 
================================================================================
DAG File Processing Stats

File Path                                 PID    Runtime      # DAGs    # Errors  Last Runtime    Last Run               Last # of DB Queries
----------------------------------------  -----  ---------  --------  ----------  --------------  -------------------  ----------------------
/opt/airflow/dags/bash_python.py                                   1           0  0.20s           2026-08-17T13:22:52                      10
/opt/airflow/dags/sales_validator_dag.py                           0           1  0.12s           2026-08-17T13:22:52                       5
================================================================================
[2026-08-17T13:23:39.053+0000] {manager.py:997} INFO - 
================================================================================
DAG File Processing Stats

File Path                                 PID    Runtime      # DAGs    # Errors  Last Runtime    Last Run               Last # of DB Queries
----------------------------------------  -----  ---------  --------  ----------  --------------  -------------------  ----------------------
/opt/airflow/dags/bash_python.py                                   1           0  0.19s           2026-08-17T13:23:22                      10
/opt/airflow/dags/sales_validator_dag.py                           0           1  0.13s           2026-08-17T13:23:22                       5
================================================================================
[2026-08-17T13:24:09.567+0000] {manager.py:997} INFO - 
================================================================================
DAG File Processing Stats

File Path                                 PID    Runtime      # DAGs    # Errors  Last Runtime    Last Run               Last # of DB Queries
----------------------------------------  -----  ---------  --------  ----------  --------------  -------------------  ----------------------
/opt/airflow/dags/bash_python.py                                   1           0  0.14s           2026-08-17T13:23:53                      10
/opt/airflow/dags/sales_validator_dag.py                           0           1  0.12s           2026-08-17T13:24:08                       5
================================================================================
[2026-08-17T13:24:39.971+0000] {manager.py:997} INFO - 
================================================================================
DAG File Processing Stats

File Path                                 PID    Runtime      # DAGs    # Errors  Last Runtime    Last Run               Last # of DB Queries
----------------------------------------  -----  ---------  --------  ----------  --------------  -------------------  ----------------------
/opt/airflow/dags/bash_python.py                                   1           0  0.16s           2026-08-17T13:24:23                      10
/opt/airflow/dags/sales_validator_dag.py                           0           1  0.16s           2026-08-17T13:24:38                       5
================================================================================
[2026-08-17T13:25:10.383+0000] {manager.py:997} INFO - 
================================================================================
DAG File Processing Stats

File Path                                 PID    Runtime      # DAGs    # Errors  Last Runtime    Last Run               Last # of DB Queries
----------------------------------------  -----  ---------  --------  ----------  --------------  -------------------  ----------------------
/opt/airflow/dags/bash_python.py                                   1           0  0.19s           2026-08-17T13:24:54                      10
/opt/airflow/dags/sales_validator_dag.py                           0           1  0.16s           2026-08-17T13:25:09                       5
================================================================================
[2026-08-17T13:25:40.687+0000] {manager.py:997} INFO - 
================================================================================
DAG File Processing Stats

File Path                                 PID    Runtime      # DAGs    # Errors  Last Runtime    Last Run               Last # of DB Queries
----------------------------------------  -----  ---------  --------  ----------  --------------  -------------------  ----------------------
/opt/airflow/dags/bash_python.py                                   1           0  0.16s           2026-08-17T13:25:24                      10
/opt/airflow/dags/sales_validator_dag.py                           0           1  0.11s           2026-08-17T13:25:39                       5
================================================================================
[2026-08-17T13:26:11.256+0000] {manager.py:997} INFO - 
================================================================================
DAG File Processing Stats

File Path                                 PID    Runtime      # DAGs    # Errors  Last Runtime    Last Run               Last # of DB Queries
----------------------------------------  -----  ---------  --------  ----------  --------------  -------------------  ----------------------
/opt/airflow/dags/bash_python.py                                   1           0  0.18s           2026-08-17T13:25:55                      10
/opt/airflow/dags/sales_validator_dag.py                           0           1  0.17s           2026-08-17T13:26:08                       5
================================================================================
[2026-08-17T13:26:41.675+0000] {manager.py:997} INFO - 
================================================================================
DAG File Processing Stats

File Path                                 PID    Runtime      # DAGs    # Errors  Last Runtime    Last Run               Last # of DB Queries
----------------------------------------  -----  ---------  --------  ----------  --------------  -------------------  ----------------------
/opt/airflow/dags/bash_python.py                                   1           0  0.17s           2026-08-17T13:26:25                      10
/opt/airflow/dags/sales_validator_dag.py                           0           1  0.12s           2026-08-17T13:26:38                       5
================================================================================
[2026-08-17T13:27:12.069+0000] {manager.py:997} INFO - 
================================================================================
DAG File Processing Stats

File Path                                 PID    Runtime      # DAGs    # Errors  Last Runtime    Last Run               Last # of DB Queries
----------------------------------------  -----  ---------  --------  ----------  --------------  -------------------  ----------------------
/opt/airflow/dags/bash_python.py                                   1           0  0.20s           2026-08-17T13:26:56                      10
/opt/airflow/dags/sales_validator_dag.py                           0           1  0.13s           2026-08-17T13:26:42                       5
================================================================================
[2026-08-17T13:27:28.525+0000] {manager.py:821} INFO - Searching for files in /opt/airflow/dags
[2026-08-17T13:27:28.564+0000] {manager.py:824} INFO - There are 2 files in /opt/airflow/dags
[2026-08-17T13:27:42.754+0000] {manager.py:997} INFO - 
================================================================================
DAG File Processing Stats

File Path                                 PID    Runtime      # DAGs    # Errors  Last Runtime    Last Run               Last # of DB Queries
----------------------------------------  -----  ---------  --------  ----------  --------------  -------------------  ----------------------
/opt/airflow/dags/bash_python.py                                   1           0  0.14s           2026-08-17T13:27:26                      10
/opt/airflow/dags/sales_validator_dag.py                           0           1  0.13s           2026-08-17T13:27:28                       5
================================================================================
[2026-08-17T13:28:13.123+0000] {manager.py:997} INFO - 
================================================================================
DAG File Processing Stats

File Path                                 PID    Runtime      # DAGs    # Errors  Last Runtime    Last Run               Last # of DB Queries
----------------------------------------  -----  ---------  --------  ----------  --------------  -------------------  ----------------------
/opt/airflow/dags/bash_python.py                                   1           0  0.18s           2026-08-17T13:27:57                      10
/opt/airflow/dags/sales_validator_dag.py                           0           1  0.10s           2026-08-17T13:27:59                       5
================================================================================
[2026-08-17T13:28:43.465+0000] {manager.py:997} INFO - 
================================================================================
DAG File Processing Stats

File Path                                 PID    Runtime      # DAGs    # Errors  Last Runtime    Last Run               Last # of DB Queries
----------------------------------------  -----  ---------  --------  ----------  --------------  -------------------  ----------------------
/opt/airflow/dags/bash_python.py                                   1           0  0.19s           2026-08-17T13:28:27                      10
/opt/airflow/dags/sales_validator_dag.py                           0           1  0.11s           2026-08-17T13:28:29                       5
================================================================================
[2026-08-17T13:29:13.899+0000] {manager.py:997} INFO - 
================================================================================
DAG File Processing Stats

File Path                                 PID    Runtime      # DAGs    # Errors  Last Runtime    Last Run               Last # of DB Queries
----------------------------------------  -----  ---------  --------  ----------  --------------  -------------------  ----------------------
/opt/airflow/dags/bash_python.py                                   1           0  0.16s           2026-08-17T13:28:57                      10
/opt/airflow/dags/sales_validator_dag.py                           0           1  0.10s           2026-08-17T13:28:59                       5
================================================================================
[2026-08-17T13:29:44.186+0000] {manager.py:997} INFO - 
================================================================================
DAG File Processing Stats

File Path                                 PID    Runtime      # DAGs    # Errors  Last Runtime    Last Run               Last # of DB Queries
----------------------------------------  -----  ---------  --------  ----------  --------------  -------------------  ----------------------
/opt/airflow/dags/bash_python.py                                   1           0  0.15s           2026-08-17T13:29:28                      10
/opt/airflow/dags/sales_validator_dag.py                           0           1  0.08s           2026-08-17T13:29:30                       5
================================================================================
[2026-08-17T13:30:14.521+0000] {manager.py:997} INFO - 
================================================================================
DAG File Processing Stats

File Path                                 PID    Runtime      # DAGs    # Errors  Last Runtime    Last Run               Last # of DB Queries
----------------------------------------  -----  ---------  --------  ----------  --------------  -------------------  ----------------------
/opt/airflow/dags/bash_python.py                                   1           0  0.22s           2026-08-17T13:29:58                      10
/opt/airflow/dags/sales_validator_dag.py                           0           1  0.09s           2026-08-17T13:30:00                       5
================================================================================
[2026-08-17T13:30:44.983+0000] {manager.py:997} INFO - 
================================================================================
DAG File Processing Stats

File Path                                 PID    Runtime      # DAGs    # Errors  Last Runtime    Last Run               Last # of DB Queries
----------------------------------------  -----  ---------  --------  ----------  --------------  -------------------  ----------------------
/opt/airflow/dags/bash_python.py                                   1           0  0.18s           2026-08-17T13:30:28                      10
/opt/airflow/dags/sales_validator_dag.py                           0           1  0.12s           2026-08-17T13:30:30                       5
================================================================================
[2026-08-17T13:31:15.284+0000] {manager.py:997} INFO - 
================================================================================
DAG File Processing Stats

File Path                                 PID    Runtime      # DAGs    # Errors  Last Runtime    Last Run               Last # of DB Queries
----------------------------------------  -----  ---------  --------  ----------  --------------  -------------------  ----------------------
/opt/airflow/dags/bash_python.py                                   1           0  0.12s           2026-08-17T13:30:59                      10
/opt/airflow/dags/sales_validator_dag.py                           0           1  0.09s           2026-08-17T13:31:01                       5
================================================================================
[2026-08-17T13:31:45.631+0000] {manager.py:997} INFO - 
================================================================================
DAG File Processing Stats

File Path                                 PID    Runtime      # DAGs    # Errors  Last Runtime    Last Run               Last # of DB Queries
----------------------------------------  -----  ---------  --------  ----------  --------------  -------------------  ----------------------
/opt/airflow/dags/bash_python.py                                   1           0  0.21s           2026-08-17T13:31:29                      10
/opt/airflow/dags/sales_validator_dag.py                           0           1  0.10s           2026-08-17T13:31:31                       5
================================================================================
[2026-08-17T13:32:16.073+0000] {manager.py:997} INFO - 
================================================================================
DAG File Processing Stats

File Path                                 PID    Runtime      # DAGs    # Errors  Last Runtime    Last Run               Last # of DB Queries
----------------------------------------  -----  ---------  --------  ----------  --------------  -------------------  ----------------------
/opt/airflow/dags/bash_python.py                                   1           0  0.22s           2026-08-17T13:32:00                      10
/opt/airflow/dags/sales_validator_dag.py                           0           1  0.12s           2026-08-17T13:32:01                       5
================================================================================
[2026-08-17T13:32:29.183+0000] {manager.py:821} INFO - Searching for files in /opt/airflow/dags
[2026-08-17T13:32:29.213+0000] {manager.py:824} INFO - There are 2 files in /opt/airflow/dags
[2026-08-17T13:32:46.412+0000] {manager.py:997} INFO - 
================================================================================
DAG File Processing Stats

File Path                                 PID    Runtime      # DAGs    # Errors  Last Runtime    Last Run               Last # of DB Queries
----------------------------------------  -----  ---------  --------  ----------  --------------  -------------------  ----------------------
/opt/airflow/dags/bash_python.py                                   1           0  0.15s           2026-08-17T13:32:30                      10
/opt/airflow/dags/sales_validator_dag.py                           0           1  0.10s           2026-08-17T13:32:32                       5
================================================================================
[2026-08-17T13:33:16.766+0000] {manager.py:997} INFO - 
================================================================================
DAG File Processing Stats

File Path                                 PID    Runtime      # DAGs    # Errors  Last Runtime    Last Run               Last # of DB Queries
----------------------------------------  -----  ---------  --------  ----------  --------------  -------------------  ----------------------
/opt/airflow/dags/bash_python.py                                   1           0  0.20s           2026-08-17T13:33:00                      10
/opt/airflow/dags/sales_validator_dag.py                           0           1  0.12s           2026-08-17T13:33:02                       5
================================================================================
[2026-08-17T13:33:47.149+0000] {manager.py:997} INFO - 
================================================================================
DAG File Processing Stats

File Path                                 PID    Runtime      # DAGs    # Errors  Last Runtime    Last Run               Last # of DB Queries
----------------------------------------  -----  ---------  --------  ----------  --------------  -------------------  ----------------------
/opt/airflow/dags/bash_python.py                                   1           0  0.18s           2026-08-17T13:33:31                      10
/opt/airflow/dags/sales_validator_dag.py                           0           1  0.09s           2026-08-17T13:33:33                       5
================================================================================
[2026-08-17T13:34:17.453+0000] {manager.py:997} INFO - 
================================================================================
DAG File Processing Stats

File Path                                 PID    Runtime      # DAGs    # Errors  Last Runtime    Last Run               Last # of DB Queries
----------------------------------------  -----  ---------  --------  ----------  --------------  -------------------  ----------------------
/opt/airflow/dags/bash_python.py                                   1           0  0.16s           2026-08-17T13:34:01                      10
/opt/airflow/dags/sales_validator_dag.py                           0           1  0.08s           2026-08-17T13:34:03                       5
================================================================================
[2026-08-17T13:34:47.780+0000] {manager.py:997} INFO - 
================================================================================
DAG File Processing Stats

File Path                                 PID    Runtime      # DAGs    # Errors  Last Runtime    Last Run               Last # of DB Queries
----------------------------------------  -----  ---------  --------  ----------  --------------  -------------------  ----------------------
/opt/airflow/dags/bash_python.py                                   1           0  0.16s           2026-08-17T13:34:31                      10
/opt/airflow/dags/sales_validator_dag.py                           0           1  0.12s           2026-08-17T13:34:33                       5
================================================================================
[2026-08-17T13:35:18.208+0000] {manager.py:997} INFO - 
================================================================================
DAG File Processing Stats

File Path                                 PID    Runtime      # DAGs    # Errors  Last Runtime    Last Run               Last # of DB Queries
----------------------------------------  -----  ---------  --------  ----------  --------------  -------------------  ----------------------
/opt/airflow/dags/bash_python.py                                   1           0  0.16s           2026-08-17T13:35:02                      10
/opt/airflow/dags/sales_validator_dag.py                           0           1  0.10s           2026-08-17T13:35:04                       5
================================================================================
[2026-08-17T13:35:48.505+0000] {manager.py:997} INFO - 
================================================================================
DAG File Processing Stats

File Path                                 PID    Runtime      # DAGs    # Errors  Last Runtime    Last Run               Last # of DB Queries
----------------------------------------  -----  ---------  --------  ----------  --------------  -------------------  ----------------------
/opt/airflow/dags/bash_python.py                                   1           0  0.15s           2026-08-17T13:35:32                      10
/opt/airflow/dags/sales_validator_dag.py                           0           1  0.11s           2026-08-17T13:35:34                       5
================================================================================
[2026-08-17T13:36:18.866+0000] {manager.py:997} INFO - 
================================================================================
DAG File Processing Stats

File Path                                 PID    Runtime      # DAGs    # Errors  Last Runtime    Last Run               Last # of DB Queries
----------------------------------------  -----  ---------  --------  ----------  --------------  -------------------  ----------------------
/opt/airflow/dags/bash_python.py                                   1           0  0.20s           2026-08-17T13:36:02                      10
/opt/airflow/dags/sales_validator_dag.py                           0           1  0.10s           2026-08-17T13:36:04                       5
================================================================================
[2026-08-17T13:36:49.283+0000] {manager.py:997} INFO - 
================================================================================
DAG File Processing Stats

File Path                                 PID    Runtime      # DAGs    # Errors  Last Runtime    Last Run               Last # of DB Queries
----------------------------------------  -----  ---------  --------  ----------  --------------  -------------------  ----------------------
/opt/airflow/dags/bash_python.py                                   1           0  0.18s           2026-08-17T13:36:33                      10
/opt/airflow/dags/sales_validator_dag.py                           0           1  0.13s           2026-08-17T13:36:24                       5
================================================================================
[2026-08-17T13:37:19.783+0000] {manager.py:997} INFO - 
================================================================================
DAG File Processing Stats

File Path                                 PID    Runtime      # DAGs    # Errors  Last Runtime    Last Run               Last # of DB Queries
----------------------------------------  -----  ---------  --------  ----------  --------------  -------------------  ----------------------
/opt/airflow/dags/bash_python.py                                   1           0  0.16s           2026-08-17T13:37:03                      10
/opt/airflow/dags/sales_validator_dag.py                           0           1  0.10s           2026-08-17T13:37:16                       5
================================================================================
[2026-08-17T13:37:29.871+0000] {manager.py:821} INFO - Searching for files in /opt/airflow/dags
[2026-08-17T13:37:29.903+0000] {manager.py:824} INFO - There are 2 files in /opt/airflow/dags
[2026-08-17T13:37:50.137+0000] {manager.py:997} INFO - 
================================================================================
DAG File Processing Stats

File Path                                 PID    Runtime      # DAGs    # Errors  Last Runtime    Last Run               Last # of DB Queries
----------------------------------------  -----  ---------  --------  ----------  --------------  -------------------  ----------------------
/opt/airflow/dags/bash_python.py                                   1           0  0.18s           2026-08-17T13:37:34                      10
/opt/airflow/dags/sales_validator_dag.py                           0           1  0.10s           2026-08-17T13:37:47                       5
================================================================================
[2026-08-17T13:38:20.546+0000] {manager.py:997} INFO - 
================================================================================
DAG File Processing Stats

File Path                                 PID    Runtime      # DAGs    # Errors  Last Runtime    Last Run               Last # of DB Queries
----------------------------------------  -----  ---------  --------  ----------  --------------  -------------------  ----------------------
/opt/airflow/dags/bash_python.py                                   1           0  0.15s           2026-08-17T13:38:04                      10
/opt/airflow/dags/sales_validator_dag.py                           0           1  0.10s           2026-08-17T13:38:14                       5
================================================================================
[2026-08-17T13:38:50.875+0000] {manager.py:997} INFO - 
================================================================================
DAG File Processing Stats

File Path                                 PID    Runtime      # DAGs    # Errors  Last Runtime    Last Run               Last # of DB Queries
----------------------------------------  -----  ---------  --------  ----------  --------------  -------------------  ----------------------
/opt/airflow/dags/bash_python.py                                   1           0  0.18s           2026-08-17T13:38:34                      10
/opt/airflow/dags/sales_validator_dag.py                           0           1  0.12s           2026-08-17T13:38:44                       5
================================================================================
[2026-08-17T13:39:20.930+0000] {manager.py:997} INFO - 
================================================================================
DAG File Processing Stats

File Path                                 PID    Runtime      # DAGs    # Errors  Last Runtime    Last Run               Last # of DB Queries
----------------------------------------  -----  ---------  --------  ----------  --------------  -------------------  ----------------------
/opt/airflow/dags/bash_python.py                                   1           0  0.63s           2026-08-17T13:39:05                      10
/opt/airflow/dags/sales_validator_dag.py                           0           1  0.12s           2026-08-17T13:39:20                       5
================================================================================
[2026-08-17T13:39:51.327+0000] {manager.py:997} INFO - 
================================================================================
DAG File Processing Stats

File Path                                 PID    Runtime      # DAGs    # Errors  Last Runtime    Last Run               Last # of DB Queries
----------------------------------------  -----  ---------  --------  ----------  --------------  -------------------  ----------------------
/opt/airflow/dags/bash_python.py                                   1           0  0.17s           2026-08-17T13:39:36                      10
/opt/airflow/dags/sales_validator_dag.py                           0           1  0.11s           2026-08-17T13:39:44                       5
================================================================================
[2026-08-17T13:40:21.838+0000] {manager.py:997} INFO - 
================================================================================
DAG File Processing Stats

File Path                                 PID    Runtime      # DAGs    # Errors  Last Runtime    Last Run               Last # of DB Queries
----------------------------------------  -----  ---------  --------  ----------  --------------  -------------------  ----------------------
/opt/airflow/dags/bash_python.py                                   1           0  0.15s           2026-08-17T13:40:06                      10
/opt/airflow/dags/sales_validator_dag.py                           0           1  0.13s           2026-08-17T13:40:07                       5
================================================================================
[2026-08-17T13:40:52.200+0000] {manager.py:997} INFO - 
================================================================================
DAG File Processing Stats

File Path                                 PID    Runtime      # DAGs    # Errors  Last Runtime    Last Run               Last # of DB Queries
----------------------------------------  -----  ---------  --------  ----------  --------------  -------------------  ----------------------
/opt/airflow/dags/bash_python.py                                   1           0  0.16s           2026-08-17T13:40:37                      10
/opt/airflow/dags/sales_validator_dag.py                           0           1  0.11s           2026-08-17T13:40:34                       5
================================================================================
[2026-08-17T13:41:22.685+0000] {manager.py:997} INFO - 
================================================================================
DAG File Processing Stats

File Path                                 PID    Runtime      # DAGs    # Errors  Last Runtime    Last Run               Last # of DB Queries
----------------------------------------  -----  ---------  --------  ----------  --------------  -------------------  ----------------------
/opt/airflow/dags/sales_validator_dag.py                           0           1  0.15s           2026-08-17T13:41:11                       5
/opt/airflow/dags/bash_python.py                                   1           0  0.15s           2026-08-17T13:41:07                      10
================================================================================
[2026-08-17T13:41:53.034+0000] {manager.py:997} INFO - 
================================================================================
DAG File Processing Stats

File Path                                 PID    Runtime      # DAGs    # Errors  Last Runtime    Last Run               Last # of DB Queries
----------------------------------------  -----  ---------  --------  ----------  --------------  -------------------  ----------------------
/opt/airflow/dags/bash_python.py                                   1           0  0.19s           2026-08-17T13:41:38                      10
/opt/airflow/dags/sales_validator_dag.py                           0           1  0.13s           2026-08-17T13:41:42                       5
================================================================================
[2026-08-17T13:42:23.478+0000] {manager.py:997} INFO - 
================================================================================
DAG File Processing Stats

File Path                                 PID    Runtime      # DAGs    # Errors  Last Runtime    Last Run               Last # of DB Queries
----------------------------------------  -----  ---------  --------  ----------  --------------  -------------------  ----------------------
/opt/airflow/dags/bash_python.py                                   1           0  0.18s           2026-08-17T13:42:08                      10
/opt/airflow/dags/sales_validator_dag.py                           0           1  0.09s           2026-08-17T13:42:12                       5
================================================================================
[2026-08-17T13:42:30.541+0000] {manager.py:821} INFO - Searching for files in /opt/airflow/dags
[2026-08-17T13:42:30.568+0000] {manager.py:824} INFO - There are 2 files in /opt/airflow/dags
[2026-08-17T13:42:53.818+0000] {manager.py:997} INFO - 
================================================================================
DAG File Processing Stats

File Path                                 PID    Runtime      # DAGs    # Errors  Last Runtime    Last Run               Last # of DB Queries
----------------------------------------  -----  ---------  --------  ----------  --------------  -------------------  ----------------------
/opt/airflow/dags/bash_python.py                                   1           0  0.18s           2026-08-17T13:42:38                      10
/opt/airflow/dags/sales_validator_dag.py                           0           1  0.12s           2026-08-17T13:42:42                       5
================================================================================
[2026-08-17T13:43:24.322+0000] {manager.py:997} INFO - 
================================================================================
DAG File Processing Stats

File Path                                 PID    Runtime      # DAGs    # Errors  Last Runtime    Last Run               Last # of DB Queries
----------------------------------------  -----  ---------  --------  ----------  --------------  -------------------  ----------------------
/opt/airflow/dags/bash_python.py                                   1           0  0.19s           2026-08-17T13:43:09                      10
/opt/airflow/dags/sales_validator_dag.py                           0           1  0.13s           2026-08-17T13:43:14                       5
================================================================================
[2026-08-17T13:43:54.668+0000] {manager.py:997} INFO - 
================================================================================
DAG File Processing Stats

File Path                                 PID    Runtime      # DAGs    # Errors  Last Runtime    Last Run               Last # of DB Queries
----------------------------------------  -----  ---------  --------  ----------  --------------  -------------------  ----------------------
/opt/airflow/dags/bash_python.py                                   1           0  0.20s           2026-08-17T13:43:39                      10
/opt/airflow/dags/sales_validator_dag.py                           0           1  0.10s           2026-08-17T13:43:44                       5
================================================================================
[2026-08-17T13:44:25.153+0000] {manager.py:997} INFO - 
================================================================================
DAG File Processing Stats

File Path                                 PID    Runtime      # DAGs    # Errors  Last Runtime    Last Run               Last # of DB Queries
----------------------------------------  -----  ---------  --------  ----------  --------------  -------------------  ----------------------
/opt/airflow/dags/bash_python.py                                   1           0  0.19s           2026-08-17T13:44:09                      10
/opt/airflow/dags/sales_validator_dag.py                           0           1  0.14s           2026-08-17T13:44:20                       5
================================================================================
[2026-08-17T13:44:55.545+0000] {manager.py:997} INFO - 
================================================================================
DAG File Processing Stats

File Path                                 PID    Runtime      # DAGs    # Errors  Last Runtime    Last Run               Last # of DB Queries
----------------------------------------  -----  ---------  --------  ----------  --------------  -------------------  ----------------------
/opt/airflow/dags/bash_python.py                                   1           0  0.14s           2026-08-17T13:44:40                      10
/opt/airflow/dags/sales_validator_dag.py                           0           1  0.08s           2026-08-17T13:44:50                       5
================================================================================
[2026-08-17T13:45:25.857+0000] {manager.py:997} INFO - 
================================================================================
DAG File Processing Stats

File Path                                 PID    Runtime      # DAGs    # Errors  Last Runtime    Last Run               Last # of DB Queries
----------------------------------------  -----  ---------  --------  ----------  --------------  -------------------  ----------------------
/opt/airflow/dags/bash_python.py                                   1           0  0.16s           2026-08-17T13:45:10                      10
/opt/airflow/dags/sales_validator_dag.py                           0           1  0.13s           2026-08-17T13:45:17                       5
================================================================================
[2026-08-17T13:45:56.282+0000] {manager.py:997} INFO - 
================================================================================
DAG File Processing Stats

File Path                                 PID    Runtime      # DAGs    # Errors  Last Runtime    Last Run               Last # of DB Queries
----------------------------------------  -----  ---------  --------  ----------  --------------  -------------------  ----------------------
/opt/airflow/dags/bash_python.py                                   1           0  0.18s           2026-08-17T13:45:41                      10
/opt/airflow/dags/sales_validator_dag.py                           0           1  0.09s           2026-08-17T13:45:48                       5
================================================================================
[2026-08-17T13:46:26.643+0000] {manager.py:997} INFO - 
================================================================================
DAG File Processing Stats

File Path                                 PID    Runtime      # DAGs    # Errors  Last Runtime    Last Run               Last # of DB Queries
----------------------------------------  -----  ---------  --------  ----------  --------------  -------------------  ----------------------
/opt/airflow/dags/bash_python.py                                   1           0  0.21s           2026-08-17T13:46:11                      10
/opt/airflow/dags/sales_validator_dag.py                           0           1  0.11s           2026-08-17T13:46:18                       5
================================================================================
[2026-08-17T13:46:57.082+0000] {manager.py:997} INFO - 
================================================================================
DAG File Processing Stats

File Path                                 PID    Runtime      # DAGs    # Errors  Last Runtime    Last Run               Last # of DB Queries
----------------------------------------  -----  ---------  --------  ----------  --------------  -------------------  ----------------------
/opt/airflow/dags/bash_python.py                                   1           0  0.18s           2026-08-17T13:46:41                      10
/opt/airflow/dags/sales_validator_dag.py                           0           1  0.11s           2026-08-17T13:46:49                       5
================================================================================
[2026-08-17T13:47:27.369+0000] {manager.py:997} INFO - 
================================================================================
DAG File Processing Stats

File Path                                 PID    Runtime      # DAGs    # Errors  Last Runtime    Last Run               Last # of DB Queries
----------------------------------------  -----  ---------  --------  ----------  --------------  -------------------  ----------------------
/opt/airflow/dags/bash_python.py                                   1           0  0.14s           2026-08-17T13:47:12                      10
/opt/airflow/dags/sales_validator_dag.py                           0           1  0.08s           2026-08-17T13:47:19                       5
================================================================================
[2026-08-17T13:47:31.395+0000] {manager.py:821} INFO - Searching for files in /opt/airflow/dags
[2026-08-17T13:47:31.474+0000] {manager.py:824} INFO - There are 2 files in /opt/airflow/dags
[2026-08-17T13:47:57.733+0000] {manager.py:997} INFO - 
================================================================================
DAG File Processing Stats

File Path                                 PID    Runtime      # DAGs    # Errors  Last Runtime    Last Run               Last # of DB Queries
----------------------------------------  -----  ---------  --------  ----------  --------------  -------------------  ----------------------
/opt/airflow/dags/bash_python.py                                   1           0  0.12s           2026-08-17T13:47:42                      10
/opt/airflow/dags/sales_validator_dag.py                           0           1  0.10s           2026-08-17T13:47:49                       5
================================================================================
[2026-08-17T13:48:28.231+0000] {manager.py:997} INFO - 
================================================================================
DAG File Processing Stats

File Path                                 PID    Runtime      # DAGs    # Errors  Last Runtime    Last Run               Last # of DB Queries
----------------------------------------  -----  ---------  --------  ----------  --------------  -------------------  ----------------------
/opt/airflow/dags/bash_python.py                                   1           0  0.14s           2026-08-17T13:48:13                      10
/opt/airflow/dags/sales_validator_dag.py                           0           1  0.13s           2026-08-17T13:48:21                       5
================================================================================
[2026-08-17T13:48:58.524+0000] {manager.py:997} INFO - 
================================================================================
DAG File Processing Stats

File Path                                 PID    Runtime      # DAGs    # Errors  Last Runtime    Last Run               Last # of DB Queries
----------------------------------------  -----  ---------  --------  ----------  --------------  -------------------  ----------------------
/opt/airflow/dags/bash_python.py                                   1           0  0.15s           2026-08-17T13:48:43                      10
/opt/airflow/dags/sales_validator_dag.py                           0           1  0.12s           2026-08-17T13:48:51                       5
================================================================================
[2026-08-17T13:49:29.074+0000] {manager.py:997} INFO - 
================================================================================
DAG File Processing Stats

File Path                                   PID  Runtime      # DAGs    # Errors  Last Runtime    Last Run               Last # of DB Queries
----------------------------------------  -----  ---------  --------  ----------  --------------  -------------------  ----------------------
/opt/airflow/dags/bash_python.py                                   1           0  0.26s           2026-08-17T13:49:13                      10
/opt/airflow/dags/sales_validator_dag.py   2805  2.03s             0           1  0.12s           2026-08-17T13:49:20                       5
================================================================================
[2026-08-17T13:49:59.389+0000] {manager.py:997} INFO - 
================================================================================
DAG File Processing Stats

File Path                                 PID    Runtime      # DAGs    # Errors  Last Runtime    Last Run               Last # of DB Queries
----------------------------------------  -----  ---------  --------  ----------  --------------  -------------------  ----------------------
/opt/airflow/dags/sales_validator_dag.py                           0           1  3.72s           2026-08-17T13:49:30                       5
/opt/airflow/dags/bash_python.py                                   1           0  0.15s           2026-08-17T13:49:44                      10
================================================================================
[2026-08-17T13:50:29.765+0000] {manager.py:997} INFO - 
================================================================================
DAG File Processing Stats

File Path                                 PID    Runtime      # DAGs    # Errors  Last Runtime    Last Run               Last # of DB Queries
----------------------------------------  -----  ---------  --------  ----------  --------------  -------------------  ----------------------
/opt/airflow/dags/sales_validator_dag.py                           0           1  0.72s           2026-08-17T13:50:02                       5
/opt/airflow/dags/bash_python.py                                   1           0  0.17s           2026-08-17T13:50:14                      10
================================================================================
[2026-08-17T13:50:59.821+0000] {manager.py:997} INFO - 
================================================================================
DAG File Processing Stats

File Path                                 PID    Runtime      # DAGs    # Errors  Last Runtime    Last Run               Last # of DB Queries
----------------------------------------  -----  ---------  --------  ----------  --------------  -------------------  ----------------------
/opt/airflow/dags/sales_validator_dag.py                           0           1  0.62s           2026-08-17T13:50:41                       5
/opt/airflow/dags/bash_python.py                                   1           0  0.17s           2026-08-17T13:50:45                      10
================================================================================
[2026-08-17T13:51:30.238+0000] {manager.py:997} INFO - 
================================================================================
DAG File Processing Stats

File Path                                 PID    Runtime      # DAGs    # Errors  Last Runtime    Last Run               Last # of DB Queries
----------------------------------------  -----  ---------  --------  ----------  --------------  -------------------  ----------------------
/opt/airflow/dags/sales_validator_dag.py                           0           1  0.68s           2026-08-17T13:51:12                       5
/opt/airflow/dags/bash_python.py                                   1           0  0.14s           2026-08-17T13:51:16                      10
================================================================================
[2026-08-17T13:52:00.621+0000] {manager.py:997} INFO - 
================================================================================
DAG File Processing Stats

File Path                                 PID    Runtime      # DAGs    # Errors  Last Runtime    Last Run               Last # of DB Queries
----------------------------------------  -----  ---------  --------  ----------  --------------  -------------------  ----------------------
/opt/airflow/dags/sales_validator_dag.py                           0           1  0.80s           2026-08-17T13:51:44                       5
/opt/airflow/dags/bash_python.py                                   1           0  0.21s           2026-08-17T13:51:46                      10
================================================================================
[2026-08-17T13:52:31.077+0000] {manager.py:997} INFO - 
================================================================================
DAG File Processing Stats

File Path                                 PID    Runtime      # DAGs    # Errors  Last Runtime    Last Run               Last # of DB Queries
----------------------------------------  -----  ---------  --------  ----------  --------------  -------------------  ----------------------
/opt/airflow/dags/sales_validator_dag.py                           0           1  0.72s           2026-08-17T13:52:08                       5
/opt/airflow/dags/bash_python.py                                   1           0  0.19s           2026-08-17T13:52:17                      10
================================================================================
[2026-08-17T13:52:32.083+0000] {manager.py:821} INFO - Searching for files in /opt/airflow/dags
[2026-08-17T13:52:32.117+0000] {manager.py:824} INFO - There are 2 files in /opt/airflow/dags
[2026-08-17T13:53:01.473+0000] {manager.py:997} INFO - 
================================================================================
DAG File Processing Stats

File Path                                 PID    Runtime      # DAGs    # Errors  Last Runtime    Last Run               Last # of DB Queries
----------------------------------------  -----  ---------  --------  ----------  --------------  -------------------  ----------------------
/opt/airflow/dags/sales_validator_dag.py                           0           1  0.71s           2026-08-17T13:52:54                       5
/opt/airflow/dags/bash_python.py                                   1           0  0.14s           2026-08-17T13:52:47                      10
================================================================================
[2026-08-17T13:53:31.508+0000] {manager.py:997} INFO - 
================================================================================
DAG File Processing Stats

File Path                                 PID    Runtime      # DAGs    # Errors  Last Runtime    Last Run               Last # of DB Queries
----------------------------------------  -----  ---------  --------  ----------  --------------  -------------------  ----------------------
/opt/airflow/dags/sales_validator_dag.py                           0           1  0.78s           2026-08-17T13:53:26                       5
/opt/airflow/dags/bash_python.py                                   1           0  0.14s           2026-08-17T13:53:17                      10
================================================================================
[2026-08-17T13:54:02.122+0000] {manager.py:997} INFO - 
================================================================================
DAG File Processing Stats

File Path                                 PID    Runtime      # DAGs    # Errors  Last Runtime    Last Run               Last # of DB Queries
----------------------------------------  -----  ---------  --------  ----------  --------------  -------------------  ----------------------
/opt/airflow/dags/sales_validator_dag.py                           0           1  0.69s           2026-08-17T13:53:40                       5
/opt/airflow/dags/bash_python.py                                   1           0  0.20s           2026-08-17T13:53:48                      10
================================================================================
[2026-08-17T13:54:32.310+0000] {manager.py:997} INFO - 
================================================================================
DAG File Processing Stats

File Path                                 PID    Runtime      # DAGs    # Errors  Last Runtime    Last Run               Last # of DB Queries
----------------------------------------  -----  ---------  --------  ----------  --------------  -------------------  ----------------------
/opt/airflow/dags/sales_validator_dag.py                           0           1  0.71s           2026-08-17T13:54:21                       5
/opt/airflow/dags/bash_python.py                                   1           0  0.17s           2026-08-17T13:54:18                      10
================================================================================
[2026-08-17T13:55:02.884+0000] {manager.py:997} INFO - 
================================================================================
DAG File Processing Stats

File Path                                 PID    Runtime      # DAGs    # Errors  Last Runtime    Last Run               Last # of DB Queries
----------------------------------------  -----  ---------  --------  ----------  --------------  -------------------  ----------------------
/opt/airflow/dags/sales_validator_dag.py                           0           1  0.80s           2026-08-17T13:54:41                       5
/opt/airflow/dags/bash_python.py                                   1           0  0.21s           2026-08-17T13:54:48                      10
================================================================================
[2026-08-17T13:55:33.321+0000] {manager.py:997} INFO - 
================================================================================
DAG File Processing Stats

File Path                                 PID    Runtime      # DAGs    # Errors  Last Runtime    Last Run               Last # of DB Queries
----------------------------------------  -----  ---------  --------  ----------  --------------  -------------------  ----------------------
/opt/airflow/dags/sales_validator_dag.py                           0           1  0.54s           2026-08-17T13:55:12                       5
/opt/airflow/dags/bash_python.py                                   1           0  0.16s           2026-08-17T13:55:19                      10
================================================================================
[2026-08-17T13:56:03.718+0000] {manager.py:997} INFO - 
================================================================================
DAG File Processing Stats

File Path                                 PID    Runtime      # DAGs    # Errors  Last Runtime    Last Run               Last # of DB Queries
----------------------------------------  -----  ---------  --------  ----------  --------------  -------------------  ----------------------
/opt/airflow/dags/sales_validator_dag.py                           0           1  0.62s           2026-08-17T13:55:43                       5
/opt/airflow/dags/bash_python.py                                   1           0  0.13s           2026-08-17T13:55:49                      10
================================================================================
[2026-08-17T13:56:34.103+0000] {manager.py:997} INFO - 
================================================================================
DAG File Processing Stats

File Path                                 PID    Runtime      # DAGs    # Errors  Last Runtime    Last Run               Last # of DB Queries
----------------------------------------  -----  ---------  --------  ----------  --------------  -------------------  ----------------------
/opt/airflow/dags/bash_python.py                                   1           0  0.17s           2026-08-17T13:56:20                      10
/opt/airflow/dags/sales_validator_dag.py                           0           1  0.14s           2026-08-17T13:56:07                       5
================================================================================
[2026-08-17T13:57:04.429+0000] {manager.py:997} INFO - 
================================================================================
DAG File Processing Stats

File Path                                 PID    Runtime      # DAGs    # Errors  Last Runtime    Last Run               Last # of DB Queries
----------------------------------------  -----  ---------  --------  ----------  --------------  -------------------  ----------------------
/opt/airflow/dags/bash_python.py                                   1           0  0.14s           2026-08-17T13:56:50                      10
/opt/airflow/dags/sales_validator_dag.py                           0           1  0.10s           2026-08-17T13:56:38                       5
================================================================================
[2026-08-17T13:57:32.791+0000] {manager.py:821} INFO - Searching for files in /opt/airflow/dags
[2026-08-17T13:57:32.819+0000] {manager.py:824} INFO - There are 2 files in /opt/airflow/dags
[2026-08-17T13:57:34.850+0000] {manager.py:997} INFO - 
================================================================================
DAG File Processing Stats

File Path                                 PID    Runtime      # DAGs    # Errors  Last Runtime    Last Run               Last # of DB Queries
----------------------------------------  -----  ---------  --------  ----------  --------------  -------------------  ----------------------
/opt/airflow/dags/bash_python.py                                   1           0  0.13s           2026-08-17T13:57:20                      10
/opt/airflow/dags/sales_validator_dag.py                           0           1  0.10s           2026-08-17T13:57:08                       5
================================================================================
[2026-08-17T13:58:05.158+0000] {manager.py:997} INFO - 
================================================================================
DAG File Processing Stats

File Path                                 PID    Runtime      # DAGs    # Errors  Last Runtime    Last Run               Last # of DB Queries
----------------------------------------  -----  ---------  --------  ----------  --------------  -------------------  ----------------------
/opt/airflow/dags/sales_validator_dag.py                           1           0  0.97s           2026-08-17T13:57:39                      45
/opt/airflow/dags/bash_python.py                                   1           0  0.14s           2026-08-17T13:57:51                      10
================================================================================
[2026-08-17T13:58:44.849+0000] {manager.py:997} INFO - 
================================================================================
DAG File Processing Stats

File Path                                 PID    Runtime      # DAGs    # Errors  Last Runtime    Last Run               Last # of DB Queries
----------------------------------------  -----  ---------  --------  ----------  --------------  -------------------  ----------------------
/opt/airflow/dags/sales_validator_dag.py                           1           0  0.62s           2026-08-17T13:58:44                      12
/opt/airflow/dags/bash_python.py                                   1           0  0.24s           2026-08-17T13:58:21                      10
================================================================================
[2026-08-17T13:59:15.159+0000] {manager.py:997} INFO - 
================================================================================
DAG File Processing Stats

File Path                                   PID  Runtime      # DAGs    # Errors  Last Runtime    Last Run               Last # of DB Queries
----------------------------------------  -----  ---------  --------  ----------  --------------  -------------------  ----------------------
/opt/airflow/dags/sales_validator_dag.py   3055  0.01s             1           0  0.62s           2026-08-17T13:58:44                      12
/opt/airflow/dags/bash_python.py                                   1           0  0.13s           2026-08-17T13:58:52                      10
================================================================================
[2026-08-17T13:59:45.419+0000] {manager.py:997} INFO - 
================================================================================
DAG File Processing Stats

File Path                                 PID    Runtime      # DAGs    # Errors  Last Runtime    Last Run               Last # of DB Queries
----------------------------------------  -----  ---------  --------  ----------  --------------  -------------------  ----------------------
/opt/airflow/dags/sales_validator_dag.py                           1           0  0.77s           2026-08-17T13:59:15                      12
/opt/airflow/dags/bash_python.py                                   1           0  0.12s           2026-08-17T13:59:22                      10
================================================================================
[2026-08-17T14:00:15.752+0000] {manager.py:997} INFO - 
================================================================================
DAG File Processing Stats

File Path                                 PID    Runtime      # DAGs    # Errors  Last Runtime    Last Run               Last # of DB Queries
----------------------------------------  -----  ---------  --------  ----------  --------------  -------------------  ----------------------
/opt/airflow/dags/sales_validator_dag.py                           1           0  0.59s           2026-08-17T13:59:47                      12
/opt/airflow/dags/bash_python.py                                   1           0  0.13s           2026-08-17T13:59:52                      10
================================================================================
[2026-08-17T14:00:46.093+0000] {manager.py:997} INFO - 
================================================================================
DAG File Processing Stats

File Path                                 PID    Runtime      # DAGs    # Errors  Last Runtime    Last Run               Last # of DB Queries
----------------------------------------  -----  ---------  --------  ----------  --------------  -------------------  ----------------------
/opt/airflow/dags/sales_validator_dag.py                           1           0  0.60s           2026-08-17T14:00:18                      12
/opt/airflow/dags/bash_python.py                                   1           0  0.13s           2026-08-17T14:00:23                      10
================================================================================
[2026-08-17T14:01:16.467+0000] {manager.py:997} INFO - 
================================================================================
DAG File Processing Stats

File Path                                 PID    Runtime      # DAGs    # Errors  Last Runtime    Last Run               Last # of DB Queries
----------------------------------------  -----  ---------  --------  ----------  --------------  -------------------  ----------------------
/opt/airflow/dags/sales_validator_dag.py                           1           0  0.54s           2026-08-17T14:00:49                      12
/opt/airflow/dags/bash_python.py                                   1           0  0.13s           2026-08-17T14:00:53                      10
================================================================================
[2026-08-17T14:01:46.844+0000] {manager.py:997} INFO - 
================================================================================
DAG File Processing Stats

File Path                                 PID    Runtime      # DAGs    # Errors  Last Runtime    Last Run               Last # of DB Queries
----------------------------------------  -----  ---------  --------  ----------  --------------  -------------------  ----------------------
/opt/airflow/dags/sales_validator_dag.py                           1           0  0.53s           2026-08-17T14:01:21                      12
/opt/airflow/dags/bash_python.py                                   1           0  0.13s           2026-08-17T14:01:23                      10
================================================================================
[2026-08-17T14:02:17.203+0000] {manager.py:997} INFO - 
================================================================================
DAG File Processing Stats

File Path                                 PID    Runtime      # DAGs    # Errors  Last Runtime    Last Run               Last # of DB Queries
----------------------------------------  -----  ---------  --------  ----------  --------------  -------------------  ----------------------
/opt/airflow/dags/sales_validator_dag.py                           1           0  0.58s           2026-08-17T14:01:52                      12
/opt/airflow/dags/bash_python.py                                   1           0  0.14s           2026-08-17T14:01:54                      10
================================================================================
[2026-08-17T14:02:33.449+0000] {manager.py:821} INFO - Searching for files in /opt/airflow/dags
[2026-08-17T14:02:33.474+0000] {manager.py:824} INFO - There are 2 files in /opt/airflow/dags
[2026-08-17T14:02:47.607+0000] {manager.py:997} INFO - 
================================================================================
DAG File Processing Stats

File Path                                 PID    Runtime      # DAGs    # Errors  Last Runtime    Last Run               Last # of DB Queries
----------------------------------------  -----  ---------  --------  ----------  --------------  -------------------  ----------------------
/opt/airflow/dags/sales_validator_dag.py                           1           0  0.76s           2026-08-17T14:02:24                      12
/opt/airflow/dags/bash_python.py                                   1           0  0.14s           2026-08-17T14:02:24                      10
================================================================================
[2026-08-17T14:03:17.991+0000] {manager.py:997} INFO - 
================================================================================
DAG File Processing Stats

File Path                                 PID    Runtime      # DAGs    # Errors  Last Runtime    Last Run               Last # of DB Queries
----------------------------------------  -----  ---------  --------  ----------  --------------  -------------------  ----------------------
/opt/airflow/dags/sales_validator_dag.py                           1           0  0.55s           2026-08-17T14:02:55                      12
/opt/airflow/dags/bash_python.py                                   1           0  0.12s           2026-08-17T14:02:54                      10
================================================================================
[2026-08-17T14:03:48.356+0000] {manager.py:997} INFO - 
================================================================================
DAG File Processing Stats

File Path                                 PID    Runtime      # DAGs    # Errors  Last Runtime    Last Run               Last # of DB Queries
----------------------------------------  -----  ---------  --------  ----------  --------------  -------------------  ----------------------
/opt/airflow/dags/sales_validator_dag.py                           1           0  0.58s           2026-08-17T14:03:26                      12
/opt/airflow/dags/bash_python.py                                   1           0  0.12s           2026-08-17T14:03:25                      10
================================================================================
[2026-08-17T14:04:18.723+0000] {manager.py:997} INFO - 
================================================================================
DAG File Processing Stats

File Path                                 PID    Runtime      # DAGs    # Errors  Last Runtime    Last Run               Last # of DB Queries
----------------------------------------  -----  ---------  --------  ----------  --------------  -------------------  ----------------------
/opt/airflow/dags/sales_validator_dag.py                           1           0  0.54s           2026-08-17T14:03:57                      12
/opt/airflow/dags/bash_python.py                                   1           0  0.12s           2026-08-17T14:03:55                      10
================================================================================
[2026-08-17T14:04:49.103+0000] {manager.py:997} INFO - 
================================================================================
DAG File Processing Stats

File Path                                 PID    Runtime      # DAGs    # Errors  Last Runtime    Last Run               Last # of DB Queries
----------------------------------------  -----  ---------  --------  ----------  --------------  -------------------  ----------------------
/opt/airflow/dags/sales_validator_dag.py                           1           0  0.57s           2026-08-17T14:04:29                      12
/opt/airflow/dags/bash_python.py                                   1           0  0.13s           2026-08-17T14:04:25                      10
================================================================================
[2026-08-17T14:05:19.490+0000] {manager.py:997} INFO - 
================================================================================
DAG File Processing Stats

File Path                                 PID    Runtime      # DAGs    # Errors  Last Runtime    Last Run               Last # of DB Queries
----------------------------------------  -----  ---------  --------  ----------  --------------  -------------------  ----------------------
/opt/airflow/dags/sales_validator_dag.py                           1           0  0.58s           2026-08-17T14:05:00                      12
/opt/airflow/dags/bash_python.py                                   1           0  0.14s           2026-08-17T14:04:56                      10
================================================================================
[2026-08-17T14:05:49.881+0000] {manager.py:997} INFO - 
================================================================================
DAG File Processing Stats

File Path                                 PID    Runtime      # DAGs    # Errors  Last Runtime    Last Run               Last # of DB Queries
----------------------------------------  -----  ---------  --------  ----------  --------------  -------------------  ----------------------
/opt/airflow/dags/sales_validator_dag.py                           1           0  0.57s           2026-08-17T14:05:32                      12
/opt/airflow/dags/bash_python.py                                   1           0  0.14s           2026-08-17T14:05:26                      10
================================================================================
[2026-08-17T14:06:20.269+0000] {manager.py:997} INFO - 
================================================================================
DAG File Processing Stats

File Path                                 PID    Runtime      # DAGs    # Errors  Last Runtime    Last Run               Last # of DB Queries
----------------------------------------  -----  ---------  --------  ----------  --------------  -------------------  ----------------------
/opt/airflow/dags/sales_validator_dag.py                           1           0  0.55s           2026-08-17T14:06:03                      12
/opt/airflow/dags/bash_python.py                                   1           0  0.14s           2026-08-17T14:05:57                      10
================================================================================
[2026-08-17T14:06:50.679+0000] {manager.py:997} INFO - 
================================================================================
DAG File Processing Stats

File Path                                 PID    Runtime      # DAGs    # Errors  Last Runtime    Last Run               Last # of DB Queries
----------------------------------------  -----  ---------  --------  ----------  --------------  -------------------  ----------------------
/opt/airflow/dags/sales_validator_dag.py                           1           0  0.57s           2026-08-17T14:06:34                      12
/opt/airflow/dags/bash_python.py                                   1           0  0.16s           2026-08-17T14:06:27                      10
================================================================================
[2026-08-17T14:07:21.038+0000] {manager.py:997} INFO - 
================================================================================
DAG File Processing Stats

File Path                                 PID    Runtime      # DAGs    # Errors  Last Runtime    Last Run               Last # of DB Queries
----------------------------------------  -----  ---------  --------  ----------  --------------  -------------------  ----------------------
/opt/airflow/dags/sales_validator_dag.py                           1           0  0.56s           2026-08-17T14:07:06                      12
/opt/airflow/dags/bash_python.py                                   1           0  0.12s           2026-08-17T14:06:57                      10
================================================================================
[2026-08-17T14:07:34.149+0000] {manager.py:821} INFO - Searching for files in /opt/airflow/dags
[2026-08-17T14:07:34.178+0000] {manager.py:824} INFO - There are 2 files in /opt/airflow/dags
[2026-08-17T14:07:51.400+0000] {manager.py:997} INFO - 
================================================================================
DAG File Processing Stats

File Path                                 PID    Runtime      # DAGs    # Errors  Last Runtime    Last Run               Last # of DB Queries
----------------------------------------  -----  ---------  --------  ----------  --------------  -------------------  ----------------------
/opt/airflow/dags/sales_validator_dag.py                           1           0  0.55s           2026-08-17T14:07:37                      12
/opt/airflow/dags/bash_python.py                                   1           0  0.12s           2026-08-17T14:07:28                      10
================================================================================
[2026-08-17T14:08:21.730+0000] {manager.py:997} INFO - 
================================================================================
DAG File Processing Stats

File Path                                 PID    Runtime      # DAGs    # Errors  Last Runtime    Last Run               Last # of DB Queries
----------------------------------------  -----  ---------  --------  ----------  --------------  -------------------  ----------------------
/opt/airflow/dags/sales_validator_dag.py                           1           0  0.48s           2026-08-17T14:08:09                      12
/opt/airflow/dags/bash_python.py                                   1           0  0.12s           2026-08-17T14:07:58                      10
================================================================================
[2026-08-17T14:08:52.061+0000] {manager.py:997} INFO - 
================================================================================
DAG File Processing Stats

File Path                                 PID    Runtime      # DAGs    # Errors  Last Runtime    Last Run               Last # of DB Queries
----------------------------------------  -----  ---------  --------  ----------  --------------  -------------------  ----------------------
/opt/airflow/dags/sales_validator_dag.py                           1           0  0.52s           2026-08-17T14:08:40                      12
/opt/airflow/dags/bash_python.py                                   1           0  0.12s           2026-08-17T14:08:28                      10
================================================================================
[2026-08-17T14:09:25.420+0000] {manager.py:997} INFO - 
================================================================================
DAG File Processing Stats

File Path                                 PID    Runtime      # DAGs    # Errors  Last Runtime    Last Run               Last # of DB Queries
----------------------------------------  -----  ---------  --------  ----------  --------------  -------------------  ----------------------
/opt/airflow/dags/sales_validator_dag.py                           1           0  0.51s           2026-08-17T14:09:11                      12
/opt/airflow/dags/bash_python.py                                   1           0  0.12s           2026-08-17T14:08:59                      10
================================================================================
[2026-08-17T14:09:56.748+0000] {manager.py:997} INFO - 
================================================================================
DAG File Processing Stats

File Path                                 PID    Runtime      # DAGs    # Errors  Last Runtime    Last Run               Last # of DB Queries
----------------------------------------  -----  ---------  --------  ----------  --------------  -------------------  ----------------------
/opt/airflow/dags/sales_validator_dag.py                           1           0  0.46s           2026-08-17T14:09:43                      12
/opt/airflow/dags/bash_python.py                                   1           0  0.11s           2026-08-17T14:09:29                      10
================================================================================
[2026-08-17T14:16:54.898+0000] {manager.py:821} INFO - Searching for files in /opt/airflow/dags
[2026-08-17T14:16:54.979+0000] {manager.py:824} INFO - There are 2 files in /opt/airflow/dags
[2026-08-17T14:30:39.311+0000] {manager.py:821} INFO - Searching for files in /opt/airflow/dags
[2026-08-17T14:30:39.554+0000] {manager.py:824} INFO - There are 2 files in /opt/airflow/dags
[2026-08-18T00:50:04.568+0000] {manager.py:821} INFO - Searching for files in /opt/airflow/dags
[2026-08-18T00:50:04.738+0000] {manager.py:824} INFO - There are 2 files in /opt/airflow/dags
[2026-08-18T06:48:02.147+0000] {manager.py:821} INFO - Searching for files in /opt/airflow/dags
[2026-08-18T06:48:02.231+0000] {manager.py:824} INFO - There are 2 files in /opt/airflow/dags
[2026-08-18T06:48:17.579+0000] {manager.py:997} INFO - 
================================================================================
DAG File Processing Stats

File Path                                 PID    Runtime      # DAGs    # Errors  Last Runtime    Last Run               Last # of DB Queries
----------------------------------------  -----  ---------  --------  ----------  --------------  -------------------  ----------------------
/opt/airflow/dags/sales_validator_dag.py                           1           0  1.26s           2026-08-18T06:48:03                      12
/opt/airflow/dags/bash_python.py                                   1           0  0.26s           2026-08-18T06:48:02                      10
================================================================================
[2026-08-18T06:48:47.965+0000] {manager.py:997} INFO - 
================================================================================
DAG File Processing Stats

File Path                                 PID    Runtime      # DAGs    # Errors  Last Runtime    Last Run               Last # of DB Queries
----------------------------------------  -----  ---------  --------  ----------  --------------  -------------------  ----------------------
/opt/airflow/dags/sales_validator_dag.py                           1           0  0.53s           2026-08-18T06:48:34                      12
/opt/airflow/dags/bash_python.py                                   1           0  0.15s           2026-08-18T06:48:32                      10
================================================================================
[2026-08-18T06:49:18.305+0000] {manager.py:997} INFO - 
================================================================================
DAG File Processing Stats

File Path                                 PID    Runtime      # DAGs    # Errors  Last Runtime    Last Run               Last # of DB Queries
----------------------------------------  -----  ---------  --------  ----------  --------------  -------------------  ----------------------
/opt/airflow/dags/sales_validator_dag.py                           1           0  0.54s           2026-08-18T06:49:05                      12
/opt/airflow/dags/bash_python.py                                   1           0  0.11s           2026-08-18T06:49:03                      10
================================================================================
[2026-08-18T06:49:48.498+0000] {manager.py:997} INFO - 
================================================================================
DAG File Processing Stats

File Path                                 PID    Runtime      # DAGs    # Errors  Last Runtime    Last Run               Last # of DB Queries
----------------------------------------  -----  ---------  --------  ----------  --------------  -------------------  ----------------------
/opt/airflow/dags/sales_validator_dag.py                           1           0  0.74s           2026-08-18T06:49:36                      12
/opt/airflow/dags/bash_python.py                                   1           0  0.19s           2026-08-18T06:49:33                      10
================================================================================
[2026-08-18T06:50:18.505+0000] {manager.py:997} INFO - 
================================================================================
DAG File Processing Stats

File Path                                 PID    Runtime      # DAGs    # Errors  Last Runtime    Last Run               Last # of DB Queries
----------------------------------------  -----  ---------  --------  ----------  --------------  -------------------  ----------------------
/opt/airflow/dags/sales_validator_dag.py                           1           0  0.74s           2026-08-18T06:50:07                      12
/opt/airflow/dags/bash_python.py                                   1           0  0.14s           2026-08-18T06:50:03                      10
================================================================================
[2026-08-18T06:50:48.813+0000] {manager.py:997} INFO - 
================================================================================
DAG File Processing Stats

File Path                                 PID    Runtime      # DAGs    # Errors  Last Runtime    Last Run               Last # of DB Queries
----------------------------------------  -----  ---------  --------  ----------  --------------  -------------------  ----------------------
/opt/airflow/dags/sales_validator_dag.py                           1           0  0.66s           2026-08-18T06:50:38                      12
/opt/airflow/dags/bash_python.py                                   1           0  0.17s           2026-08-18T06:50:34                      10
================================================================================
[2026-08-18T06:51:19.243+0000] {manager.py:997} INFO - 
================================================================================
DAG File Processing Stats

File Path                                 PID    Runtime      # DAGs    # Errors  Last Runtime    Last Run               Last # of DB Queries
----------------------------------------  -----  ---------  --------  ----------  --------------  -------------------  ----------------------
/opt/airflow/dags/sales_validator_dag.py                           1           0  0.69s           2026-08-18T06:51:18                      11
/opt/airflow/dags/bash_python.py                                   1           0  0.15s           2026-08-18T06:51:04                      10
================================================================================
[2026-08-18T06:51:49.441+0000] {manager.py:997} INFO - 
================================================================================
DAG File Processing Stats

File Path                                 PID    Runtime      # DAGs    # Errors  Last Runtime    Last Run               Last # of DB Queries
----------------------------------------  -----  ---------  --------  ----------  --------------  -------------------  ----------------------
/opt/airflow/dags/sales_validator_dag.py                           1           0  0.77s           2026-08-18T06:51:49                      34
/opt/airflow/dags/bash_python.py                                   1           0  0.20s           2026-08-18T06:51:35                      10
================================================================================
[2026-08-18T06:52:19.722+0000] {manager.py:997} INFO - 
================================================================================
DAG File Processing Stats

File Path                                   PID  Runtime      # DAGs    # Errors  Last Runtime    Last Run               Last # of DB Queries
----------------------------------------  -----  ---------  --------  ----------  --------------  -------------------  ----------------------
/opt/airflow/dags/sales_validator_dag.py   3441  0.01s             1           0  0.77s           2026-08-18T06:51:49                      34
/opt/airflow/dags/bash_python.py                                   1           0  0.13s           2026-08-18T06:52:05                      10
================================================================================
[2026-08-18T06:52:49.925+0000] {manager.py:997} INFO - 
================================================================================
DAG File Processing Stats

File Path                                 PID    Runtime      # DAGs    # Errors  Last Runtime    Last Run               Last # of DB Queries
----------------------------------------  -----  ---------  --------  ----------  --------------  -------------------  ----------------------
/opt/airflow/dags/sales_validator_dag.py                           1           0  0.82s           2026-08-18T06:52:44                      34
/opt/airflow/dags/bash_python.py                                   1           0  0.15s           2026-08-18T06:52:36                      10
================================================================================
[2026-08-18T06:53:02.326+0000] {manager.py:821} INFO - Searching for files in /opt/airflow/dags
[2026-08-18T06:53:02.357+0000] {manager.py:824} INFO - There are 2 files in /opt/airflow/dags
[2026-08-18T06:53:20.026+0000] {manager.py:997} INFO - 
================================================================================
DAG File Processing Stats

File Path                                 PID    Runtime      # DAGs    # Errors  Last Runtime    Last Run               Last # of DB Queries
----------------------------------------  -----  ---------  --------  ----------  --------------  -------------------  ----------------------
/opt/airflow/dags/sales_validator_dag.py                           1           0  0.52s           2026-08-18T06:53:15                      12
/opt/airflow/dags/bash_python.py                                   1           0  0.12s           2026-08-18T06:53:06                      10
================================================================================
[2026-08-18T06:53:50.466+0000] {manager.py:997} INFO - 
================================================================================
DAG File Processing Stats

File Path                                 PID    Runtime      # DAGs    # Errors  Last Runtime    Last Run               Last # of DB Queries
----------------------------------------  -----  ---------  --------  ----------  --------------  -------------------  ----------------------
/opt/airflow/dags/sales_validator_dag.py                           1           0  0.64s           2026-08-18T06:53:47                      12
/opt/airflow/dags/bash_python.py                                   1           0  0.12s           2026-08-18T06:53:36                      10
================================================================================
[2026-08-18T06:54:20.674+0000] {manager.py:997} INFO - 
================================================================================
DAG File Processing Stats

File Path                                 PID    Runtime      # DAGs    # Errors  Last Runtime    Last Run               Last # of DB Queries
----------------------------------------  -----  ---------  --------  ----------  --------------  -------------------  ----------------------
/opt/airflow/dags/sales_validator_dag.py                           1           0  0.53s           2026-08-18T06:54:18                      12
/opt/airflow/dags/bash_python.py                                   1           0  0.12s           2026-08-18T06:54:07                      10
================================================================================
[2026-08-18T06:54:51.178+0000] {manager.py:997} INFO - 
================================================================================
DAG File Processing Stats

File Path                                 PID    Runtime      # DAGs    # Errors  Last Runtime    Last Run               Last # of DB Queries
----------------------------------------  -----  ---------  --------  ----------  --------------  -------------------  ----------------------
/opt/airflow/dags/sales_validator_dag.py                           1           0  0.67s           2026-08-18T06:54:50                      12
/opt/airflow/dags/bash_python.py                                   1           0  0.11s           2026-08-18T06:54:37                      10
================================================================================
[2026-08-18T06:55:21.415+0000] {manager.py:997} INFO - 
================================================================================
DAG File Processing Stats

File Path                                 PID    Runtime      # DAGs    # Errors  Last Runtime    Last Run               Last # of DB Queries
----------------------------------------  -----  ---------  --------  ----------  --------------  -------------------  ----------------------
/opt/airflow/dags/sales_validator_dag.py                           1           0  0.55s           2026-08-18T06:55:21                      12
/opt/airflow/dags/bash_python.py                                   1           0  0.13s           2026-08-18T06:55:07                      10
================================================================================
[2026-08-18T06:55:52.218+0000] {manager.py:997} INFO - 
================================================================================
DAG File Processing Stats

File Path                                   PID  Runtime      # DAGs    # Errors  Last Runtime    Last Run               Last # of DB Queries
----------------------------------------  -----  ---------  --------  ----------  --------------  -------------------  ----------------------
/opt/airflow/dags/sales_validator_dag.py   3532  0.01s             1           0  0.55s           2026-08-18T06:55:21                      12
/opt/airflow/dags/bash_python.py                                   1           0  0.13s           2026-08-18T06:55:38                      10
================================================================================
[2026-08-18T06:56:22.565+0000] {manager.py:997} INFO - 
================================================================================
DAG File Processing Stats

File Path                                 PID    Runtime      # DAGs    # Errors  Last Runtime    Last Run               Last # of DB Queries
----------------------------------------  -----  ---------  --------  ----------  --------------  -------------------  ----------------------
/opt/airflow/dags/sales_validator_dag.py                           1           0  0.61s           2026-08-18T06:55:52                      12
/opt/airflow/dags/bash_python.py                                   1           0  0.12s           2026-08-18T06:56:08                      10
================================================================================
[2026-08-18T06:56:53.189+0000] {manager.py:997} INFO - 
================================================================================
DAG File Processing Stats

File Path                                 PID    Runtime      # DAGs    # Errors  Last Runtime    Last Run               Last # of DB Queries
----------------------------------------  -----  ---------  --------  ----------  --------------  -------------------  ----------------------
/opt/airflow/dags/sales_validator_dag.py                           1           0  0.81s           2026-08-18T06:56:48                      12
/opt/airflow/dags/bash_python.py                                   1           0  0.15s           2026-08-18T06:56:39                      10
================================================================================
[2026-08-18T06:57:23.372+0000] {manager.py:997} INFO - 
================================================================================
DAG File Processing Stats

File Path                                 PID    Runtime      # DAGs    # Errors  Last Runtime    Last Run               Last # of DB Queries
----------------------------------------  -----  ---------  --------  ----------  --------------  -------------------  ----------------------
/opt/airflow/dags/sales_validator_dag.py                           1           0  0.59s           2026-08-18T06:57:19                      12
/opt/airflow/dags/bash_python.py                                   1           0  0.18s           2026-08-18T06:57:09                      10
================================================================================
[2026-08-18T06:57:55.844+0000] {manager.py:997} INFO - 
================================================================================
DAG File Processing Stats

File Path                                 PID    Runtime      # DAGs    # Errors  Last Runtime    Last Run               Last # of DB Queries
----------------------------------------  -----  ---------  --------  ----------  --------------  -------------------  ----------------------
/opt/airflow/dags/sales_validator_dag.py                           1           0  0.53s           2026-08-18T06:57:50                      12
/opt/airflow/dags/bash_python.py                                   1           0  0.17s           2026-08-18T06:57:40                      10
================================================================================
[2026-08-18T06:58:02.594+0000] {manager.py:821} INFO - Searching for files in /opt/airflow/dags
[2026-08-18T06:58:02.625+0000] {manager.py:824} INFO - There are 2 files in /opt/airflow/dags
[2026-08-18T06:58:26.413+0000] {manager.py:997} INFO - 
================================================================================
DAG File Processing Stats

File Path                                 PID    Runtime      # DAGs    # Errors  Last Runtime    Last Run               Last # of DB Queries
----------------------------------------  -----  ---------  --------  ----------  --------------  -------------------  ----------------------
/opt/airflow/dags/sales_validator_dag.py                           1           0  0.70s           2026-08-18T06:57:59                      12
/opt/airflow/dags/bash_python.py                                   1           0  0.18s           2026-08-18T06:58:10                      10
================================================================================
[2026-08-18T06:58:56.879+0000] {manager.py:997} INFO - 
================================================================================
DAG File Processing Stats

File Path                                 PID    Runtime      # DAGs    # Errors  Last Runtime    Last Run               Last # of DB Queries
----------------------------------------  -----  ---------  --------  ----------  --------------  -------------------  ----------------------
/opt/airflow/dags/sales_validator_dag.py                           1           0  0.74s           2026-08-18T06:58:30                      12
/opt/airflow/dags/bash_python.py                                   1           0  0.16s           2026-08-18T06:58:40                      10
================================================================================
[2026-08-18T06:59:27.285+0000] {manager.py:997} INFO - 
================================================================================
DAG File Processing Stats

File Path                                 PID    Runtime      # DAGs    # Errors  Last Runtime    Last Run               Last # of DB Queries
----------------------------------------  -----  ---------  --------  ----------  --------------  -------------------  ----------------------
/opt/airflow/dags/sales_validator_dag.py                           1           0  0.76s           2026-08-18T06:59:01                      12
/opt/airflow/dags/bash_python.py                                   1           0  0.21s           2026-08-18T06:59:11                      10
================================================================================
[2026-08-18T06:59:57.740+0000] {manager.py:997} INFO - 
================================================================================
DAG File Processing Stats

File Path                                 PID    Runtime      # DAGs    # Errors  Last Runtime    Last Run               Last # of DB Queries
----------------------------------------  -----  ---------  --------  ----------  --------------  -------------------  ----------------------
/opt/airflow/dags/sales_validator_dag.py                           1           0  0.74s           2026-08-18T06:59:33                      12
/opt/airflow/dags/bash_python.py                                   1           0  0.17s           2026-08-18T06:59:41                      10
================================================================================
[2026-08-18T07:00:28.182+0000] {manager.py:997} INFO - 
================================================================================
DAG File Processing Stats

File Path                                 PID    Runtime      # DAGs    # Errors  Last Runtime    Last Run               Last # of DB Queries
----------------------------------------  -----  ---------  --------  ----------  --------------  -------------------  ----------------------
/opt/airflow/dags/sales_validator_dag.py                           1           0  0.65s           2026-08-18T07:00:04                      12
/opt/airflow/dags/bash_python.py                                   1           0  0.35s           2026-08-18T07:00:12                      10
================================================================================
[2026-08-18T07:00:58.794+0000] {manager.py:997} INFO - 
================================================================================
DAG File Processing Stats

File Path                                 PID    Runtime      # DAGs    # Errors  Last Runtime    Last Run               Last # of DB Queries
----------------------------------------  -----  ---------  --------  ----------  --------------  -------------------  ----------------------
/opt/airflow/dags/sales_validator_dag.py                           1           0  0.59s           2026-08-18T07:00:35                      12
/opt/airflow/dags/bash_python.py                                   1           0  0.16s           2026-08-18T07:00:42                      10
================================================================================
[2026-08-18T07:01:29.224+0000] {manager.py:997} INFO - 
================================================================================
DAG File Processing Stats

File Path                                 PID    Runtime      # DAGs    # Errors  Last Runtime    Last Run               Last # of DB Queries
----------------------------------------  -----  ---------  --------  ----------  --------------  -------------------  ----------------------
/opt/airflow/dags/sales_validator_dag.py                           1           0  0.70s           2026-08-18T07:01:06                      12
/opt/airflow/dags/bash_python.py                                   1           0  0.19s           2026-08-18T07:01:13                      10
================================================================================
[2026-08-18T07:01:59.641+0000] {manager.py:997} INFO - 
================================================================================
DAG File Processing Stats

File Path                                 PID    Runtime      # DAGs    # Errors  Last Runtime    Last Run               Last # of DB Queries
----------------------------------------  -----  ---------  --------  ----------  --------------  -------------------  ----------------------
/opt/airflow/dags/sales_validator_dag.py                           1           0  0.51s           2026-08-18T07:01:37                      12
/opt/airflow/dags/bash_python.py                                   1           0  0.14s           2026-08-18T07:01:43                      10
================================================================================
[2026-08-18T07:02:30.032+0000] {manager.py:997} INFO - 
================================================================================
DAG File Processing Stats

File Path                                 PID    Runtime      # DAGs    # Errors  Last Runtime    Last Run               Last # of DB Queries
----------------------------------------  -----  ---------  --------  ----------  --------------  -------------------  ----------------------
/opt/airflow/dags/sales_validator_dag.py                           1           0  0.59s           2026-08-18T07:02:08                      12
/opt/airflow/dags/bash_python.py                                   1           0  0.13s           2026-08-18T07:02:14                      10
================================================================================
[2026-08-18T07:03:00.054+0000] {manager.py:997} INFO - 
================================================================================
DAG File Processing Stats

File Path                                 PID    Runtime      # DAGs    # Errors  Last Runtime    Last Run               Last # of DB Queries
----------------------------------------  -----  ---------  --------  ----------  --------------  -------------------  ----------------------
/opt/airflow/dags/sales_validator_dag.py                           1           0  0.80s           2026-08-18T07:02:59                      34
/opt/airflow/dags/bash_python.py                                   1           0  0.58s           2026-08-18T07:02:44                      10
================================================================================
[2026-08-18T07:03:02.851+0000] {manager.py:821} INFO - Searching for files in /opt/airflow/dags
[2026-08-18T07:03:02.882+0000] {manager.py:824} INFO - There are 2 files in /opt/airflow/dags
[2026-08-18T07:03:30.355+0000] {manager.py:997} INFO - 
================================================================================
DAG File Processing Stats

File Path                                   PID  Runtime      # DAGs    # Errors  Last Runtime    Last Run               Last # of DB Queries
----------------------------------------  -----  ---------  --------  ----------  --------------  -------------------  ----------------------
/opt/airflow/dags/sales_validator_dag.py   3739  0.01s             1           0  0.80s           2026-08-18T07:02:59                      34
/opt/airflow/dags/bash_python.py                                   1           0  0.18s           2026-08-18T07:03:15                      10
================================================================================
[2026-08-18T07:04:00.388+0000] {manager.py:997} INFO - 
================================================================================
DAG File Processing Stats

File Path                                 PID    Runtime      # DAGs    # Errors  Last Runtime    Last Run               Last # of DB Queries
----------------------------------------  -----  ---------  --------  ----------  --------------  -------------------  ----------------------
/opt/airflow/dags/sales_validator_dag.py                           1           0  0.75s           2026-08-18T07:03:31                      12
/opt/airflow/dags/bash_python.py                                   1           0  0.21s           2026-08-18T07:03:45                      10
================================================================================
[2026-08-18T07:04:31.002+0000] {manager.py:997} INFO - 
================================================================================
DAG File Processing Stats

File Path                                 PID    Runtime      # DAGs    # Errors  Last Runtime    Last Run               Last # of DB Queries
----------------------------------------  -----  ---------  --------  ----------  --------------  -------------------  ----------------------
/opt/airflow/dags/sales_validator_dag.py                           1           0  0.72s           2026-08-18T07:04:15                      34
/opt/airflow/dags/bash_python.py                                   1           0  0.15s           2026-08-18T07:04:15                      10
================================================================================
[2026-08-18T07:05:01.367+0000] {manager.py:997} INFO - 
================================================================================
DAG File Processing Stats

File Path                                 PID    Runtime      # DAGs    # Errors  Last Runtime    Last Run               Last # of DB Queries
----------------------------------------  -----  ---------  --------  ----------  --------------  -------------------  ----------------------
/opt/airflow/dags/sales_validator_dag.py                           1           0  0.89s           2026-08-18T07:04:50                      34
/opt/airflow/dags/bash_python.py                                   1           0  0.15s           2026-08-18T07:04:46                      10
================================================================================
[2026-08-18T07:05:31.400+0000] {manager.py:997} INFO - 
================================================================================
DAG File Processing Stats

File Path                                 PID    Runtime      # DAGs    # Errors  Last Runtime    Last Run               Last # of DB Queries
----------------------------------------  -----  ---------  --------  ----------  --------------  -------------------  ----------------------
/opt/airflow/dags/sales_validator_dag.py                           1           0  0.74s           2026-08-18T07:05:21                      12
/opt/airflow/dags/bash_python.py                                   1           0  0.21s           2026-08-18T07:05:16                      10
================================================================================
[2026-08-18T07:06:02.142+0000] {manager.py:997} INFO - 
================================================================================
DAG File Processing Stats

File Path                                 PID    Runtime      # DAGs    # Errors  Last Runtime    Last Run               Last # of DB Queries
----------------------------------------  -----  ---------  --------  ----------  --------------  -------------------  ----------------------
/opt/airflow/dags/sales_validator_dag.py                           1           0  0.74s           2026-08-18T07:05:52                      12
/opt/airflow/dags/bash_python.py                                   1           0  0.37s           2026-08-18T07:05:47                      10
================================================================================
[2026-08-18T07:06:32.518+0000] {manager.py:997} INFO - 
================================================================================
DAG File Processing Stats

File Path                                 PID    Runtime      # DAGs    # Errors  Last Runtime    Last Run               Last # of DB Queries
----------------------------------------  -----  ---------  --------  ----------  --------------  -------------------  ----------------------
/opt/airflow/dags/sales_validator_dag.py                           1           0  0.62s           2026-08-18T07:06:23                      12
/opt/airflow/dags/bash_python.py                                   1           0  0.14s           2026-08-18T07:06:18                      10
================================================================================
[2026-08-18T07:07:02.977+0000] {manager.py:997} INFO - 
================================================================================
DAG File Processing Stats

File Path                                 PID    Runtime      # DAGs    # Errors  Last Runtime    Last Run               Last # of DB Queries
----------------------------------------  -----  ---------  --------  ----------  --------------  -------------------  ----------------------
/opt/airflow/dags/sales_validator_dag.py                           1           0  0.56s           2026-08-18T07:06:54                      12
/opt/airflow/dags/bash_python.py                                   1           0  0.17s           2026-08-18T07:06:48                      10
================================================================================
[2026-08-18T07:07:33.057+0000] {manager.py:997} INFO - 
================================================================================
DAG File Processing Stats

File Path                                 PID    Runtime      # DAGs    # Errors  Last Runtime    Last Run               Last # of DB Queries
----------------------------------------  -----  ---------  --------  ----------  --------------  -------------------  ----------------------
/opt/airflow/dags/sales_validator_dag.py                           1           0  0.70s           2026-08-18T07:07:24                      12
/opt/airflow/dags/bash_python.py                                   1           0  0.14s           2026-08-18T07:07:19                      10
================================================================================
[2026-08-18T07:08:03.626+0000] {manager.py:821} INFO - Searching for files in /opt/airflow/dags
[2026-08-18T07:08:03.662+0000] {manager.py:824} INFO - There are 2 files in /opt/airflow/dags
[2026-08-18T07:08:03.677+0000] {manager.py:997} INFO - 
================================================================================
DAG File Processing Stats

File Path                                 PID    Runtime      # DAGs    # Errors  Last Runtime    Last Run               Last # of DB Queries
----------------------------------------  -----  ---------  --------  ----------  --------------  -------------------  ----------------------
/opt/airflow/dags/sales_validator_dag.py                           1           0  0.68s           2026-08-18T07:07:43                      12
/opt/airflow/dags/bash_python.py                                   1           0  0.11s           2026-08-18T07:07:49                      10
================================================================================
[2026-08-18T07:08:34.024+0000] {manager.py:997} INFO - 
================================================================================
DAG File Processing Stats

File Path                                 PID    Runtime      # DAGs    # Errors  Last Runtime    Last Run               Last # of DB Queries
----------------------------------------  -----  ---------  --------  ----------  --------------  -------------------  ----------------------
/opt/airflow/dags/sales_validator_dag.py                           1           0  0.59s           2026-08-18T07:08:14                      12
/opt/airflow/dags/bash_python.py                                   1           0  0.17s           2026-08-18T07:08:20                      10
================================================================================
[2026-08-18T07:09:04.429+0000] {manager.py:997} INFO - 
================================================================================
DAG File Processing Stats

File Path                                 PID    Runtime      # DAGs    # Errors  Last Runtime    Last Run               Last # of DB Queries
----------------------------------------  -----  ---------  --------  ----------  --------------  -------------------  ----------------------
/opt/airflow/dags/sales_validator_dag.py                           1           0  0.61s           2026-08-18T07:08:45                      12
/opt/airflow/dags/bash_python.py                                   1           0  0.32s           2026-08-18T07:08:50                      10
================================================================================
[2026-08-18T07:09:34.441+0000] {manager.py:997} INFO - 
================================================================================
DAG File Processing Stats

File Path                                 PID    Runtime      # DAGs    # Errors  Last Runtime    Last Run               Last # of DB Queries
----------------------------------------  -----  ---------  --------  ----------  --------------  -------------------  ----------------------
/opt/airflow/dags/sales_validator_dag.py                           1           0  0.70s           2026-08-18T07:09:21                      12
/opt/airflow/dags/bash_python.py                                   1           0  0.17s           2026-08-18T07:09:20                      10
================================================================================
[2026-08-18T07:10:04.469+0000] {manager.py:997} INFO - 
================================================================================
DAG File Processing Stats

File Path                                 PID    Runtime      # DAGs    # Errors  Last Runtime    Last Run               Last # of DB Queries
----------------------------------------  -----  ---------  --------  ----------  --------------  -------------------  ----------------------
/opt/airflow/dags/sales_validator_dag.py                           1           0  0.66s           2026-08-18T07:09:42                      12
/opt/airflow/dags/bash_python.py                                   1           0  0.20s           2026-08-18T07:09:51                      10
================================================================================
[2026-08-18T07:10:34.601+0000] {manager.py:997} INFO - 
================================================================================
DAG File Processing Stats

File Path                                 PID    Runtime      # DAGs    # Errors  Last Runtime    Last Run               Last # of DB Queries
----------------------------------------  -----  ---------  --------  ----------  --------------  -------------------  ----------------------
/opt/airflow/dags/sales_validator_dag.py                           1           0  0.86s           2026-08-18T07:10:29                      12
/opt/airflow/dags/bash_python.py                                   1           0  0.12s           2026-08-18T07:10:21                      10
================================================================================
[2026-08-18T07:11:04.645+0000] {manager.py:997} INFO - 
================================================================================
DAG File Processing Stats

File Path                                 PID    Runtime      # DAGs    # Errors  Last Runtime    Last Run               Last # of DB Queries
----------------------------------------  -----  ---------  --------  ----------  --------------  -------------------  ----------------------
/opt/airflow/dags/sales_validator_dag.py                           1           0  0.77s           2026-08-18T07:11:00                      12
/opt/airflow/dags/bash_python.py                                   1           0  0.15s           2026-08-18T07:10:51                      10
================================================================================
